job,trial,started_at,finished_at,wall_s,env_setup_s,agent_setup_s,agent_exec_s,verifier_s,n_calls,llm_time_s,tool_time_s,input_tokens,output_tokens,reward,exception,job_n_concurrent,experienced_concurrency
har116-a-000383-baseline,har116-a-000383-baseline__igrXg8R,2026-10-01T00:06:51.269345Z,2026-10-01T00:21:16.731332Z,865.461987,31.743188,8.63696,811.064678,10.030282,97,532.4746742248535,278.59000377514644,2438052,32707,0.0,TrialBudgetExhaustedError,1,7.928571428571429
har116-a-000383-loopfix,har116-a-000383-loopfix__wgujpBQ,2026-10-01T00:06:51.404880Z,2026-10-01T00:07:30.381231Z,38.976351,21.700111,8.923019,5.136131,,1,2.317188024520874,2.8189429754791258,1053,121,,ModuleNotFoundError,1,
har116-a-000383-loopfix-r2,har116-a-000383-loopfix-r2__cNEHjBa,2026-10-01T01:50:05.368497Z,2026-10-01T01:56:48.791625Z,403.423128,1.521684,7.787688,385.871577,4.60266,63,177.5571575164795,208.3144194835205,1334947,8943,0.0,LoopBreakStop,1,20.0
har116-a-000495-baseline,har116-a-000495-baseline__DiGmEPC,2026-10-01T00:06:51.536337Z,2026-10-01T00:19:12.869397Z,741.33306,102.249072,10.682701,620.294255,3.244824,104,343.29883909225464,276.9954159077454,2476358,19130,0.0,TrialBudgetExhaustedError,1,8.75
har116-a-000495-loopfix,har116-a-000495-loopfix__rXR8je7,2026-10-01T00:06:51.558788Z,2026-10-01T00:09:29.068605Z,157.509817,134.456787,12.705184,7.128052,,1,1.9377472400665283,5.190304759933472,1424,97,,ModuleNotFoundError,1,12.0
har116-a-000495-loopfix-r2,har116-a-000495-loopfix-r2__42F3G5T,2026-10-01T01:50:05.442101Z,2026-10-01T02:00:55.904945Z,650.462844,2.722769,12.464949,625.812433,4.775702,87,307.96213603019714,317.8502969698029,2201995,15925,1.0,,1,18.0
har116-a-000587-baseline,har116-a-000587-baseline__Vuxk2nX,2026-10-01T00:06:50.990496Z,2026-10-01T00:20:28.984578Z,817.994082,1.627008,9.713491,784.091982,19.626921,86,207.00154161453247,577.0904403854676,2422298,10930,0.0,TrialBudgetExhaustedError,1,8.384615384615385
har116-a-000587-loopfix,har116-a-000587-loopfix__X5SAhvg,2026-10-01T00:06:49.693091Z,2026-10-01T00:07:09.037376Z,19.344285,1.66395,10.428509,4.738623,,1,3.035822868347168,1.7028001316528316,1092,88,,ModuleNotFoundError,1,1.0
har116-a-000587-loopfix-r2,har116-a-000587-loopfix-r2__RmCmzbQ,2026-10-01T01:50:04.995121Z,2026-10-01T02:03:38.315011Z,813.31989,1.493218,11.576711,785.673916,11.044794,66,200.40354204177856,585.2703739582214,1322203,10759,1.0,LoopBreakStop,1,16.76923076923077
har116-a-001161-baseline,har116-a-001161-baseline__DwYZaia,2026-10-01T00:06:50.856451Z,2026-10-01T00:16:31.606627Z,580.750176,112.569727,14.373447,446.757381,3.048988,86,194.72516536712646,252.03221563287354,2446858,8971,0.0,TrialBudgetExhaustedError,1,9.555555555555555
har116-a-001161-loopfix,har116-a-001161-loopfix__WxP98h8,2026-10-01T00:06:51.681842Z,2026-10-01T00:09:01.743897Z,130.062055,112.343129,9.816577,4.850617,,1,2.167402982711792,2.6832140172882077,1060,114,,ModuleNotFoundError,1,12.0
har116-a-001161-loopfix-r2,har116-a-001161-loopfix-r2__uo7QDVh,2026-10-01T01:50:05.793620Z,2026-10-01T01:58:52.350916Z,526.557296,1.98728,10.623312,507.509659,2.670048,95,134.2135465145111,373.2961124854889,2421545,5145,0.0,TrialBudgetExhaustedError,1,19.0
har116-a-001181-baseline,har116-a-001181-baseline__cK5qZMf,2026-10-01T00:06:51.558824Z,2026-10-01T00:15:02.823570Z,491.264746,1.883124,9.536256,473.078675,2.895887,88,168.41336297988892,304.66531202011106,2410295,7444,0.0,TrialBudgetExhaustedError,1,9.75
har116-a-001181-loopfix,har116-a-001181-loopfix__Cd9chGm,2026-10-01T00:06:51.428747Z,2026-10-01T00:07:12.152926Z,20.724179,2.218611,10.974759,4.658382,,1,2.1997501850128174,2.458631814987182,998,126,,ModuleNotFoundError,1,
har116-a-001181-loopfix-r2,har116-a-001181-loopfix-r2__ZhWHNno,2026-10-01T01:50:05.753342Z,2026-10-01T02:07:07.481042Z,1021.7277,3.01806,10.686785,1001.996179,2.525521,86,226.09674048423767,775.8994385157623,2424719,12662,0.0,TrialBudgetExhaustedError,1,14.647058823529411
har116-a-001832-baseline,har116-a-001832-baseline__9jhqCTW,2026-10-01T00:06:51.439812Z,2026-10-01T00:17:11.773601Z,620.333789,2.046375,9.019653,600.688819,4.300086,87,414.75866508483887,185.9301539151611,2481484,24713,0.0,TrialBudgetExhaustedError,1,9.3
har116-a-001832-loopfix,har116-a-001832-loopfix__rw7cJJ4,2026-10-01T00:06:50.511232Z,2026-10-01T00:07:09.995200Z,19.483968,2.445815,8.560768,5.612108,,1,3.1771531105041504,2.4349548894958497,1105,100,,ModuleNotFoundError,1,
har116-a-001832-loopfix-r2,har116-a-001832-loopfix-r2__RL4Q8AX,2026-10-01T01:50:05.575202Z,2026-10-01T01:58:05.719347Z,480.144145,2.229765,8.428555,462.001816,3.935483,63,295.27975034713745,166.72206565286257,1407740,16234,0.0,LoopBreakStop,1,19.375
har116-a-001896-baseline,har116-a-001896-baseline__mBFMKax,2026-10-01T00:06:51.685559Z,2026-10-01T00:29:55.876588Z,1384.191029,1.79047,9.140531,1365.798221,3.161386,83,998.9887437820435,366.80947721795656,2408662,71123,0.0,TrialBudgetExhaustedError,1,5.217391304347826
har116-a-001896-loopfix,har116-a-001896-loopfix__n5p224u,2026-10-01T00:06:51.327736Z,2026-10-01T00:07:11.669269Z,20.341533,1.802834,8.615634,6.599199,,1,2.8038527965545654,3.795346203445434,1355,87,,ModuleNotFoundError,1,
har116-a-001896-loopfix-r2,har116-a-001896-loopfix-r2__Wmwi4NK,2026-10-01T01:50:05.064202Z,2026-10-01T02:00:18.254754Z,613.190552,1.567126,7.401605,598.276155,2.832883,94,425.703622341156,172.572532658844,2427344,23326,0.0,TrialBudgetExhaustedError,1,18.5
har116-a-002256-baseline,har116-a-002256-baseline__uRsPnvZ,2026-10-01T00:06:51.208631Z,2026-10-01T00:09:38.504599Z,167.295968,2.346932,9.939834,147.844734,3.308697,7,19.91538667678833,127.92934732321166,16955,1194,0.0,,1,12.0
har116-a-002256-loopfix,har116-a-002256-loopfix__5Xu6dgc,2026-10-01T00:06:51.315130Z,2026-10-01T00:07:10.767142Z,19.452012,2.09112,9.701446,4.318012,,1,1.125607967376709,3.1924040326232914,1306,47,,ModuleNotFoundError,1,
har116-a-002256-loopfix-r2,har116-a-002256-loopfix-r2__5oQwkeW,2026-10-01T01:50:05.623419Z,2026-10-01T01:56:57.203444Z,411.580025,1.35916,9.395542,394.795203,2.742984,20,54.713911294937134,340.0812917050629,103908,2984,1.0,,1,19.714285714285715
har116-a-002391-baseline,har116-a-002391-baseline__xZqrQkD,2026-10-01T00:06:51.552723Z,2026-10-01T00:19:06.581690Z,735.028967,34.795293,18.087947,666.955038,7.174711,68,394.7144069671631,272.24063103283686,2439889,23955,0.0,TrialBudgetExhaustedError,1,8.75
har116-a-002391-loopfix,har116-a-002391-loopfix__KMAky2p,2026-10-01T00:06:51.577690Z,2026-10-01T00:07:41.431383Z,49.853693,31.530223,9.639001,5.902075,,1,2.038344383239746,3.863730616760254,1120,103,,ModuleNotFoundError,1,
har116-a-002391-loopfix-r2,har116-a-002391-loopfix-r2__NvEfxbt,2026-10-01T01:50:05.688721Z,2026-10-01T02:06:36.096238Z,990.407517,2.720826,17.625245,954.468082,7.747659,95,237.20651078224182,717.2615712177582,2427397,12030,1.0,TrialBudgetExhaustedError,1,15.1875
har116-a-002864-baseline,har116-a-002864-baseline__LnaWDq6,2026-10-01T00:06:51.403558Z,2026-10-01T00:20:10.482758Z,799.0792,2.800239,9.143947,780.944187,2.662574,112,371.107524394989,409.83666260501104,2453081,21351,0.0,TrialBudgetExhaustedError,1,8.384615384615385
har116-a-002864-loopfix,har116-a-002864-loopfix__oHC4HdZ,2026-10-01T00:06:51.569288Z,2026-10-01T00:07:10.299548Z,18.73026,2.640399,8.897993,4.774575,,1,2.385277271270752,2.3892977287292476,1171,128,,ModuleNotFoundError,1,
har116-a-002864-loopfix-r2,har116-a-002864-loopfix-r2__CWRe7mJ,2026-10-01T01:50:05.582375Z,2026-10-01T01:56:19.076659Z,373.494284,1.355666,8.77527,358.152529,2.369054,22,90.06243872642517,268.09009027357484,147542,4868,1.0,,1,20.0
har116-b-000146-leakclosed,har116-b-000146-leakclosed__UsngzaQ,2026-10-01T01:50:05.239647Z,2026-10-01T02:04:36.149100Z,870.909453,49.768782,8.309871,804.704162,4.198037,31,115.28164100646973,689.4225209935303,440043,6521,0.0,,1,16.214285714285715
har116-b-000146-original,har116-b-000146-original__JT6tRiN,2026-10-01T01:50:05.490468Z,2026-10-01T02:06:03.434862Z,957.944394,47.821315,7.37691,894.571477,4.104864,94,353.2873647212982,541.2841122787017,2460865,19955,0.0,TrialBudgetExhaustedError,1,15.1875
har116-b-000226-leakclosed,har116-b-000226-leakclosed__K9ddjiP,2026-10-01T01:50:05.712994Z,2026-10-01T02:07:11.564760Z,1025.851766,1.803396,9.068873,1006.679128,3.898953,110,698.4594163894653,308.21971161053466,2470362,44311,0.0,TrialBudgetExhaustedError,1,14.647058823529411
har116-b-000226-original,har116-b-000226-original__JTEerfm,2026-10-01T01:50:05.008036Z,2026-10-01T02:01:37.989712Z,692.981676,2.14545,9.408652,674.653947,3.513388,89,370.3904824256897,304.2634645743103,2406564,20300,0.0,TrialBudgetExhaustedError,1,18.0
har116-b-000927-leakclosed,har116-b-000927-leakclosed__Sj3aGEg,2026-10-01T01:50:05.197368Z,2026-10-01T01:59:16.803151Z,551.605783,15.865521,9.37566,520.430141,2.62006,92,326.97524404525757,193.45489695474248,2466377,17094,0.0,TrialBudgetExhaustedError,1,19.0
har116-b-000927-original,har116-b-000927-original__kvyP9fr,2026-10-01T01:50:04.999870Z,2026-10-01T02:11:12.139145Z,1267.139275,15.957665,9.23019,1235.59518,2.681344,74,388.8614432811737,846.7337367188263,2423714,22140,1.0,TrialBudgetExhaustedError,1,12.476190476190476
har116-b-002308-leakclosed,har116-b-002308-leakclosed__idknFAu,2026-10-01T01:50:05.690140Z,2026-10-01T02:20:09.388720Z,1803.69858,27.04053,8.393432,1756.410638,5.188174,77,433.6592948436737,1322.7513431563264,2440994,24498,1.0,TrialBudgetExhaustedError,1,9.333333333333334
har116-b-002308-original,har116-b-002308-original__oYziU3z,2026-10-01T01:50:05.524727Z,2026-10-01T02:22:30.018216Z,1944.493489,18.878501,8.325686,1910.689017,2.777946,110,234.66943621635437,1676.0195807836456,2443223,12424,1.0,TrialBudgetExhaustedError,1,8.8125
har116-b-002402-leakclosed,har116-b-002402-leakclosed__X7nGHNs,2026-10-01T01:50:05.536328Z,2026-10-01T02:01:42.789971Z,697.253643,37.751512,10.142055,640.977763,4.887013,82,345.91648602485657,295.0612769751434,2445629,18666,0.0,TrialBudgetExhaustedError,1,18.0
har116-b-002402-original,har116-b-002402-original__PCgLbp7,2026-10-01T01:50:05.664989Z,2026-10-01T02:08:40.343589Z,1114.6786,37.549655,9.003596,1060.179912,4.643772,83,288.616911649704,771.5630003502961,2427358,15784,1.0,TrialBudgetExhaustedError,1,14.055555555555555
