task_id,manifest_version,final_digest,nop,oracle,ladder_verdict,ladder_cracking_attacks,census_locations,backend,cost_usd,run_ids,ladder_version,modal_resource_policy
format-code-task-000007,mimo-clean-v4,sha256:c59aee924d327dc6f4d9f5e148f00273cba1d9c2efd652a3cad1ae771cb6e3da,,,clean,,n/a,modal,0.0072,mimo-census-v1-modal-000007-cheat,1.4.0,limit
format-code-task-000022,mimo-clean-v4,sha256:e41606b48e48b2da6fd44d66659a827ae90474bf9c770762b7b552e52457f809,,,clean,,n/a,modal,0.0072,mimo-census-v1-modal-000022-cheat,1.4.0,limit
format-code-task-000025,mimo-clean-v4,sha256:085ed8d9707d7c67056358eecf735adebfb8074f679c608883aa26a960026ccb,0-noexec,1-noexec,,,,modal,0.0087,"mimo-census-v1-modal-000025-nop,mimo-census-v1-modal-000025-oracle",,limit
format-code-task-000030,mimo-clean-v4,sha256:9b7012b5cdd0a9f38340fa7a2dfcc67856436259bc08cada27e78ea8d13f2f32,,1,,,,modal,0.0043,mimo-census-v1-modal-000030-oracle,,limit
format-code-task-000045,mimo-clean-v4,sha256:974fe96fe4457ecc0d122f0f6bae40e4bba4ca4896fddd7d75f3f74c4fe79a06,0,1,,,,modal,0.0087,"mimo-census-v1-modal-000045-nop,mimo-census-v1-modal-000045-oracle",,limit
format-code-task-000046,mimo-clean-v4,sha256:49d2f7a7275fb769708518c77a5076f3ccb2f921fd574be07dfcb194ef76d9fd,,1,,,,modal,0.0043,mimo-census-v1-modal-000046-oracle,,limit
format-code-task-000047,mimo-clean-v4,sha256:08210dea260956337224ba0f991b1d7c96f57f8749e8bfe05a05215fddec6a6f,0,1,,,,modal,0.0087,"mimo-census-v1-modal-000047-nop,mimo-census-v1-modal-000047-oracle",,limit
format-code-task-000048,mimo-clean-v4,sha256:70e498ba13169302795abdc59e1d78e52793c85293eae055b48b179682540101,0,fail:0,,,,modal,0.0087,"mimo-census-v1-modal-000048-nop,mimo-census-v1-modal-000048-oracle",,limit
format-code-task-000055,mimo-clean-v4,sha256:7f912b46f65d7234108895256bd3b3dd1f3dcf8d41b828cf56089f2380d8f284,0,1,,,,modal,0.0087,"mimo-census-v1-modal-000055-nop,mimo-census-v1-modal-000055-oracle",,limit
format-code-task-000063,mimo-clean-v4,sha256:876ff68013694d099fd3c3a53461c438b957cbf7014f7c116bb0b3c292ae7a40,0,1,,,,modal,0.0087,"mimo-census-v1-modal-000063-nop,mimo-census-v1-modal-000063-oracle",,limit
format-code-task-000065,mimo-clean-v4,sha256:8891ac6124a315de1870e4dc15d10325de7583aca80fe8e2e99fabaa32122329,,1,,,,modal,0.0043,mimo-census-v1-modal-000065-oracle,,limit
format-code-task-000079,mimo-clean-v4,sha256:c5f59c4113b8794d70988f431f0012f6df5735aa57a4ac0835075a38a0d05315,0,1,,,,modal,0.0087,"mimo-census-v1-modal-000079-nop,mimo-census-v1-modal-000079-oracle",,limit
format-code-task-000081,mimo-clean-v4,sha256:ceda10fcaf79815490a42378f2f2a68b65a8eaf9905579cbc09e07be34c587f5,0,fail:0,,,,docker,0.00,"mimo-census-v1-docker-000081-nop,mimo-census-v1-docker-000081-oracle",,auto
format-code-task-000081,mimo-clean-v4,sha256:ceda10fcaf79815490a42378f2f2a68b65a8eaf9905579cbc09e07be34c587f5,,fail:0,,,,modal,0.0043,mimo-census-v1-modal-000081-oracle,,limit
format-code-task-000083,mimo-clean-v4,sha256:e84e5e89504226f4936b57631fb126abd505979714cf1e9beff9fd2d0451eb0d,,fail:0,,,,modal,0.0043,mimo-census-v1-modal-000083-oracle,,limit
format-code-task-000087,mimo-clean-v4,sha256:5f3b0322f79da14d9aa0632c9c66ae116d340311d3f0e22b2119eb2921e859f6,,,clean,,n/a,modal,0.0072,mimo-census-v1-modal-000087-cheat,1.4.0,limit
format-code-task-000089,mimo-clean-v4,sha256:b26c6df43cbde013b0a9b5bc0ced8ffe4edef2b2dcc1c39655aa77d20c340433,,1,,,,modal,0.0043,mimo-census-v1-modal-000089-oracle,,limit
format-code-task-000095,mimo-clean-v4,sha256:9fa9e39d5273c7e66b548ba8cdf6141902a54365940c0cfaa4cfbe574f0a208e,,1,,,,modal,0.0043,mimo-census-v1-modal-000095-oracle,,limit
format-code-task-000096,mimo-clean-v4,sha256:e5b4ce86c7dc476606897c73cedff50b7e61472c73c3dcc1336169587ad78eb2,0,1,,,,modal,0.0155,"mimo-census-v1-modal-000096-oracle,mimo-census-v1-modal-000096-nop,mimo-census-v1-modal-000096-oracle-attempt2",,limit
format-code-task-000097,mimo-clean-v4,sha256:bdf6171e98176ed4ca1c925b8b0199eb2cdd178983cb6625aa5c9cc88231c464,0,1,,,,modal,0.0087,"mimo-census-v1-modal-000097-nop,mimo-census-v1-modal-000097-oracle",,limit
format-code-task-000103,mimo-clean-v4,sha256:a20aca9b8b9761d32a1f42a7f5e63c0b523299e9f21c380b4491e08a7a7db80d,0-noexec,1,,,,modal,0.0087,"mimo-census-v1-modal-000103-nop,mimo-census-v1-modal-000103-oracle",,limit
format-code-task-000111,mimo-clean-v4,sha256:e7c039a6f6bb271518d86f5ff30604146d7eaa56940f3784696ba534327eeba9,,,clean,,n/a,modal,0.0072,mimo-census-v1-modal-000111-cheat,1.4.0,limit
format-code-task-000112,mimo-clean-v4,sha256:9f7a9bf4755be26570b59ac280968857b9cf59307b8f7c6dcec8a383c6c06ce0,0,1,,,,modal,0.0087,"mimo-census-v1-modal-000112-nop,mimo-census-v1-modal-000112-oracle",,limit
format-code-task-000116,mimo-clean-v4,sha256:25bb4fe422cddd8efba534af8f6ef4c6771d6bb5259777f57ea6bdf91523fd00,,1,,,,modal,0.0043,mimo-census-v1-modal-000116-oracle,,limit
format-code-task-000125,mimo-clean-v4,sha256:485fcee508a79e6aa5a54b5056369068c92305abc38aa5dfc88e9d1c9eb3c085,0,1,,,,modal,0.0087,"mimo-census-v1-modal-000125-nop,mimo-census-v1-modal-000125-oracle",,limit
format-code-task-000133,mimo-clean-v4,sha256:3b87cf2c1b2f798dc544d8bacebedcf11a951b7b4770920d4cc9d08be3ef1c51,,fail:0,,,,modal,0.0043,mimo-census-v1-modal-000133-oracle,,limit
format-code-task-000148,mimo-clean-v4,sha256:4cb61895ee2904b36585e3c8a3d58fae767061d644f1f7e4f6912354befd1bcd,,1-noexec,,,,modal,0.0043,mimo-census-v1-modal-000148-oracle,,limit
format-code-task-000158,mimo-clean-v4,sha256:f0ab34d394d8e878027c0c2f0e36eb5bff8116a462fd6525927c56db442df627,,,clean,,,modal,0.0072,mimo-census-v1-modal-000158-cheat,1.4.0,limit
format-code-task-000162,mimo-clean-v4,sha256:be7a7b62a649a6b2d39aa066be63c871c220109882b040229d3ff1162761324b,0,1,,,,modal,0.0087,"mimo-census-v1-modal-000162-nop,mimo-census-v1-modal-000162-oracle",,limit
format-code-task-000163,mimo-clean-v4,sha256:c0bdcba39e052f2a91eeffd00c6b28928e57caec09cdd9b697c14b3321fe85fe,0,1,clean,,,docker,0.00,"mimo-census-v1-docker-000163-nop,mimo-census-v1-docker-000163-oracle,mimo-census-v1-docker-000163-cheat,mimo-census-v1-docker-000163-cheat-attempt2",1.4.0,auto
format-code-task-000163,mimo-clean-v4,sha256:c0bdcba39e052f2a91eeffd00c6b28928e57caec09cdd9b697c14b3321fe85fe,0,1,clean,,,modal,0.0058,"mimo-census-v1-modal-000163-nop,mimo-census-v1-modal-000163-oracle,mimo-census-v1-modal-000163-cheat",1.4.0,limit
format-code-task-000169,mimo-clean-v4,sha256:638553c71261028aa7282a3ac71e99742d9fa33fe012dbf66429d85a34590b4e,,1,,,,modal,0.0043,mimo-census-v1-modal-000169-oracle,,limit
format-code-task-000170,mimo-clean-v4,sha256:1ecd3d32b874d115e53e220e0d3cb051d371340ca942c110eee9470dba9903a0,,1,clean,,,modal,0.0307,"mimo-census-v1-modal-000170-cheat-attempt2,mimo-census-v1-modal-000170-oracle",1.4.0,limit
format-code-task-000182,mimo-clean-v4,sha256:f1bb4e0f8020359929d9ecc2b9af18057be943a10d1574d41722233d23d9c963,0,1,,,,modal,0.0087,"mimo-census-v1-modal-000182-nop,mimo-census-v1-modal-000182-oracle",,limit
format-code-task-000200,mimo-clean-v4,sha256:ef43d3456d9622116ced24e83fd154872c1b2a8aec6bc1a49f988899b7ccaa99,0,1,,,,modal,0.0040,"mimo-census-v1-modal-000200-nop,mimo-census-v1-modal-000200-oracle",,limit
format-code-task-000201,mimo-clean-v4,sha256:fa4c5339c6a3311c93c7f08de2a17f3fef48b70760e68036bbb7444b6286b143,,fail:0,,,,modal,0.0043,mimo-census-v1-modal-000201-oracle,,limit
format-code-task-000203,mimo-clean-v4,sha256:853730574835f1fbf1118c2a82e38afe0732acf2de7bf71bfa0138695d9b905f,0,1,,,,modal,0.0040,"mimo-census-v1-modal-000203-nop,mimo-census-v1-modal-000203-oracle",,limit
format-code-task-000208,mimo-clean-v4,sha256:7807107579e399cb2757179953e5e3057bb1efd6ace5c21fe5786cc6cb3238b7,0,1,clean,,,docker,0.00,"mimo-census-v1-docker-000208-nop,mimo-census-v1-docker-000208-oracle,mimo-census-v1-docker-000208-cheat,mimo-census-v1-docker-000208-cheat-attempt2",1.4.0,auto
format-code-task-000208,mimo-clean-v4,sha256:7807107579e399cb2757179953e5e3057bb1efd6ace5c21fe5786cc6cb3238b7,0,1,clean,,,modal,0.0058,"mimo-census-v1-modal-000208-nop,mimo-census-v1-modal-000208-oracle,mimo-census-v1-modal-000208-cheat",1.4.0,limit
format-code-task-000215,mimo-clean-v4,sha256:2f21abbef79657f71051fad3ce595aa18a407b1df06dc9aaaf84c47b2c82000f,,,clean,,,modal,0.0072,mimo-census-v1-modal-000215-cheat,1.4.0,limit
format-code-task-000221,mimo-clean-v4,sha256:d1f61b58c7b719bfd6b49f212aab6aba9bb9118a4416cf43d802653411c83232,0,1,,,,modal,0.0087,"mimo-census-v1-modal-000221-nop,mimo-census-v1-modal-000221-oracle",,limit
format-code-task-000223,mimo-clean-v4,sha256:597105ecbb07f1d7b006180d103f6accbeb1230c335cbdfcefaab6d7c4efed4f,,,clean,,n/a,modal,0.0072,mimo-census-v1-modal-000223-cheat,1.4.0,limit
format-code-task-000224,mimo-clean-v4,sha256:ff471d8cdbf09cde5ba9a7148cfdf8a27ff566c7b53f45b158d7320bf44d508f,,1,,,,modal,0.0043,mimo-census-v1-modal-000224-oracle,,limit
format-code-task-000233,mimo-clean-v4,sha256:45441294ae11d5acf67639f3ff866b5a489c11b94a2e281e478347ec404a2e25,,1,,,,modal,0.0043,mimo-census-v1-modal-000233-oracle,,limit
format-code-task-000237,mimo-clean-v4,sha256:2f763ffd6bf92fd749afb0acc8845f62c67db24ad6a488f989bb67c8d180c476,,1-noexec,,,,modal,0.0043,mimo-census-v1-modal-000237-oracle,,limit
format-code-task-000241,mimo-clean-v4,sha256:649e62b1b08958a57e9d5763af45f525027eafd0bbc17968e03ad94649ad614c,0,1,,,,modal,0.0087,"mimo-census-v1-modal-000241-nop,mimo-census-v1-modal-000241-oracle",,limit
format-code-task-000245,mimo-clean-v4,sha256:eab5ea160bf1f5f324dbd484e4fa2c2af3f1783676119372a032a622103e7f2e,,1,,,,modal,0.0307,mimo-census-v1-modal-000245-oracle,,limit
format-code-task-000248,mimo-clean-v4,sha256:55d0002f7ac449db1f1f6e04bca4c21652ed72a7524485a7164155ca19f94ca6,0,fail:0,,,,modal,0.0087,"mimo-census-v1-modal-000248-nop,mimo-census-v1-modal-000248-oracle",,limit
format-code-task-000256,mimo-clean-v4,sha256:8a3d0e2b2c9014d064c2a828862d17a0b642125ed97278815c5569fcf8299a6d,0-noexec,1-noexec,,,,modal,0.0087,"mimo-census-v1-modal-000256-nop,mimo-census-v1-modal-000256-oracle",,limit
format-code-task-000257,mimo-clean-v4,sha256:1a65a80b1dbf65537ac330613e7aa5132f8e04edf4d2aef1ba4d98de07c82128,,1-noexec,,,,modal,0.0043,mimo-census-v1-modal-000257-oracle,,limit
format-code-task-000258,mimo-clean-v4,sha256:f92f10d8e7d6e6036b4bafda9d822136e75311ba5dcb60d80eb320676f7d4652,0-noexec,1,,,,modal,0.0087,"mimo-census-v1-modal-000258-nop,mimo-census-v1-modal-000258-oracle",,limit
format-code-task-000259,mimo-clean-v4,sha256:d7e949fe66a34280f8dd2053892f763b8f691de2ff58e7efb16ffd1d25b49f6e,,1-noexec,,,,modal,0.0043,mimo-census-v1-modal-000259-oracle,,limit
format-code-task-000271,mimo-clean-v4,sha256:d993accfd2fd42a71446d489e33cb24e8d10b1ac72c5191f0500d5cb4e772e37,,1,,,,modal,0.0043,mimo-census-v1-modal-000271-oracle,,limit
format-code-task-000276,mimo-clean-v4,sha256:5213eb82703659a31725b182232381cd6d9dce8e894f2a1d55b5f05f55db7d71,0,1,,,,modal,0.0198,"mimo-census-v1-modal-000276-nop,mimo-census-v1-modal-000276-oracle,mimo-census-v1-modal-000276-nop-attempt2",,limit
format-code-task-000284,mimo-clean-v4,sha256:4e43f1b093d0643fd77f615ff894934ce4ea50140388da2d759de8a13617c150,,1,,,,modal,0.0043,mimo-census-v1-modal-000284-oracle,,limit
format-code-task-000286,mimo-clean-v4,sha256:fd61bee3d5e9e323f39d2cc53f362bbf35d5016c21ee033414f8904e554dfa6f,0-noexec,1,,,,modal,0.0087,"mimo-census-v1-modal-000286-nop,mimo-census-v1-modal-000286-oracle",,limit
format-code-task-000287,mimo-clean-v4,sha256:f62fa57ff311e0a47673fb3cb2847ba30d44ba808eabdb15c2a78e7ac20b7d2a,0-noexec,1,,,,modal,0.0087,"mimo-census-v1-modal-000287-nop,mimo-census-v1-modal-000287-oracle",,limit
format-code-task-000292,mimo-clean-v4,sha256:4cbe54e157d5448199636276decb640500b0646cba3887f8be29de7b5d8c2e88,0-noexec,1,,,,modal,0.0087,"mimo-census-v1-modal-000292-nop,mimo-census-v1-modal-000292-oracle",,limit
format-code-task-000296,mimo-clean-v4,sha256:08b1e46740086674c1a11e69128c0d869f113ef4080dea8c32333ebe4f0a2c8a,0,1,,,,modal,0.0087,"mimo-census-v1-modal-000296-nop,mimo-census-v1-modal-000296-oracle",,limit
format-code-task-000300,mimo-clean-v4,sha256:b32e1875df4795c9e2c175a37d22319fc25997c5a1c33e006c589cfbe978a38c,0-noexec,1,,,,modal,0.0087,"mimo-census-v1-modal-000300-nop,mimo-census-v1-modal-000300-oracle",,limit
format-code-task-000301,mimo-clean-v4,sha256:68a7f2c190e871369d4e75c319ed67dafd9af8bc3a13bfca967d7c93e943aafc,0-noexec,1,,,,modal,0.0087,"mimo-census-v1-modal-000301-nop,mimo-census-v1-modal-000301-oracle",,limit
format-code-task-000311,mimo-clean-v4,sha256:6ffe6e03259055c50abc953b0cc0cee11d560707b8cd4bfca3537c0690faafea,,,clean,,,modal,0.0072,mimo-census-v1-modal-000311-cheat,1.4.0,limit
format-code-task-000312,mimo-clean-v4,sha256:f2efabdc230d6bf3f22d5375fff64cb5411eec4c1656808f5c856ca254858566,,1,,,,modal,0.0043,mimo-census-v1-modal-000312-oracle,,limit
format-code-task-000319,mimo-clean-v4,sha256:ab4d277832b415b4d6c9ea396da56b89cb0704c431a91ff03ab69a62cf29a0b0,0,1,,,,modal,0.0087,"mimo-census-v1-modal-000319-nop,mimo-census-v1-modal-000319-oracle",,limit
format-code-task-000338,mimo-clean-v4,sha256:ad27b4f7eea77ea650fd27750ad839a29c0fbd1a3fed212ba22f0018549f3b1c,,1,clean,,,modal,0.0119,"mimo-census-v1-modal-000338-cheat,mimo-census-v1-modal-000338-oracle",1.4.0,limit
format-code-task-000346,mimo-clean-v4,sha256:a693b99818f478cbc3bd01fc7820f83bb266f8742c45c3f95966e59714187586,0-noexec,1,,,,modal,0.0087,"mimo-census-v1-modal-000346-nop,mimo-census-v1-modal-000346-oracle",,limit
format-code-task-000354,mimo-clean-v4,sha256:c2912fd47aed88c13e1e96204d7d3c8bb0e3fe39de5943746c495c3a6741b3d8,,1-noexec,,,,modal,0.0043,mimo-census-v1-modal-000354-oracle,,limit
format-code-task-000362,mimo-clean-v4,sha256:8b10f446b3811e95fcad7e9721a9128689c691db875e02c1127c90014382a462,,,clean,,n/a,modal,0.0072,mimo-census-v1-modal-000362-cheat,1.4.0,limit
format-code-task-000367,mimo-clean-v4,sha256:2b2826c3e1995817520e998ff1ac6790ff8b0daf781a37ec6575f63836073d26,0-noexec,1,,,,modal,0.0087,"mimo-census-v1-modal-000367-nop,mimo-census-v1-modal-000367-oracle",,limit
format-code-task-000368,mimo-clean-v4,sha256:6c8427fee3bd2b657f47a045ef959fc124cf6c67d4c04d80e5b04fc6b6d0d241,0-noexec,1,,,,modal,0.0087,"mimo-census-v1-modal-000368-nop,mimo-census-v1-modal-000368-oracle",,limit
format-code-task-000379,mimo-clean-v4,sha256:d3629e5fb6953c0d174af448ad2bdefadf9741b7ebe7cf1274d8e795778fd229,,1,,,,modal,0.0043,mimo-census-v1-modal-000379-oracle,,limit
format-code-task-000384,mimo-clean-v4,sha256:0968ac3e482b77ff26d85bde8558461d1c7e680cf4676de18a7e44cedd9d4d72,0,1,,,,modal,0.0087,"mimo-census-v1-modal-000384-nop,mimo-census-v1-modal-000384-oracle",,limit
format-code-task-000385,mimo-clean-v4,sha256:10503c3fbf2f9d903ec55b13a276721a4b069322a16f91da1a92289c45afc4cd,0,1,,,,modal,0.0087,"mimo-census-v1-modal-000385-nop,mimo-census-v1-modal-000385-oracle",,limit
format-code-task-000386,mimo-clean-v4,sha256:324fd4e99bd359727522b61560b8871f6fca422fffbee6864532e12123d2ba00,,1,clean,,,modal,0.0119,"mimo-census-v1-modal-000386-cheat,mimo-census-v1-modal-000386-oracle",1.4.0,limit
format-code-task-000398,mimo-clean-v4,sha256:3f32bed7202f9c409a9ee309379a6bee08d5e48788552c0c9bff1b2ed3d8b073,0,1,,,,modal,0.0087,"mimo-census-v1-modal-000398-nop,mimo-census-v1-modal-000398-oracle",,limit
format-code-task-000414,mimo-clean-v4,sha256:612a67ff82a8cf3fb8f11825d36355c3a925061cdfdbc323bbdd35c2722f5ddc,,1,clean,,,modal,0.0119,"mimo-census-v1-modal-000414-cheat,mimo-census-v1-modal-000414-oracle",1.4.0,limit
format-code-task-000415,mimo-clean-v4,sha256:3ca4f6af0afd3c1f3093e626f963c3958beba63012e80b6304d9f3e056fd1f28,0,1,,,,modal,0.0087,"mimo-census-v1-modal-000415-nop,mimo-census-v1-modal-000415-oracle",,limit
format-code-task-000420,mimo-clean-v4,sha256:80dc9027af529c57137c0568b035094713994725f058c48e4d461468ba2334fa,,1,,,,modal,0.0043,mimo-census-v1-modal-000420-oracle,,limit
format-code-task-000427,mimo-clean-v4,sha256:dba78cd2514ddb7c7815cd50b1a7be78ef5d89f3425a4aa2ab0b33d4af1c57a7,0,1,,,,modal,0.0087,"mimo-census-v1-modal-000427-nop,mimo-census-v1-modal-000427-oracle",,limit
format-code-task-000431,mimo-clean-v4,sha256:04b13534ca867688a7f7641f5264648bf9307ac3161132cf260f4c7f9698b24e,0,1,,,,modal,0.0087,"mimo-census-v1-modal-000431-nop,mimo-census-v1-modal-000431-oracle",,limit
format-code-task-000435,mimo-clean-v4,sha256:b061a6c42eb17c6561e82a8a325a4abd089ff120586eee12b489883d4477767b,,1,,,,modal,0.0043,mimo-census-v1-modal-000435-oracle,,limit
format-code-task-000440,mimo-clean-v4,sha256:8bedb6b231073f939f24b233c3adbbaf24a666e432caa5b29b98915dee92a595,0,1,,,,modal,0.0087,"mimo-census-v1-modal-000440-nop,mimo-census-v1-modal-000440-oracle",,limit
format-code-task-000442,mimo-clean-v4,sha256:2f5bf25a9683655867e182c49e93173813a791108e72300e710e0879bf0e37ad,0-noexec,1,,,,modal,0.0087,"mimo-census-v1-modal-000442-nop,mimo-census-v1-modal-000442-oracle",,limit
format-code-task-000445,mimo-clean-v4,sha256:d4f0ff3651b28506195de847ae2a551dd1e3706c9067c1a6bb936a1053d56011,0,1,,,,modal,0.0087,"mimo-census-v1-modal-000445-nop,mimo-census-v1-modal-000445-oracle",,limit
format-code-task-000458,mimo-clean-v4,sha256:9818aead512d44d2510b55914baed16d4d67db85c93f9b1bd7a6c6da92ea72a0,0,1,,,,modal,0.0087,"mimo-census-v1-modal-000458-nop,mimo-census-v1-modal-000458-oracle",,limit
format-code-task-000460,mimo-clean-v4,sha256:a21b58aaed6fbfc29f8f0d9e6d2bce5ee99e56017d4f08c27380753a4e970ec1,,1,,,,modal,0.0339,mimo-census-v1-modal-000460-oracle-attempt2,,limit
format-code-task-000467,mimo-clean-v4,sha256:db3710d508c4a45f53ee4ad2aef43ca52cfaf83461bdba66907fe29d1c8c1601,,1,,,,modal,0.0043,mimo-census-v1-modal-000467-oracle,,limit
format-code-task-000472,mimo-clean-v4,sha256:29a455b0880d393ab8484a1ce8d5e88c2744894788c5e49be3ebc21ff91705c1,,,clean,,n/a,modal,0.0072,mimo-census-v1-modal-000472-cheat,1.4.0,limit
format-code-task-000477,mimo-clean-v4,sha256:a284d0a3f09423aa1569216af243b51cc8e40b9969439784a6eab7fb3c46f619,0,1,,,,modal,0.0087,"mimo-census-v1-modal-000477-nop,mimo-census-v1-modal-000477-oracle",,limit
format-code-task-000484,mimo-clean-v4,sha256:6de5b466479fd7242882ca5985e4c9f74ecd49f71406b1e1fe7311b0ca798f69,,1-noexec,,,,modal,0.0043,mimo-census-v1-modal-000484-oracle,,limit
format-code-task-000490,mimo-clean-v4,sha256:461d5ca9a0f9b7ea76580c893fa8e43abbe5f50c86f375a5c1d57084108cfa88,,1,,,,modal,0.0043,mimo-census-v1-modal-000490-oracle,,limit
format-code-task-000498,mimo-clean-v4,sha256:8803d2045f7caf17902a832904b63ac27dad143fa6cbe6ae547ddbf5bda659da,,1,,,,modal,0.0043,mimo-census-v1-modal-000498-oracle,,limit
format-code-task-000505,mimo-clean-v4,sha256:1e4c089415ff9a134c6879b8edf013ddfd9e743b3cde734c7bc70d7f9ac0e6f7,0,1,,,,modal,0.0087,"mimo-census-v1-modal-000505-nop,mimo-census-v1-modal-000505-oracle",,limit
format-code-task-000510,mimo-clean-v4,sha256:c5138878c0ced842bf5ea9f55dabb3743fe6d3d84f2020fd8fcb763f775ab11e,,1-noexec,,,,modal,0.0043,mimo-census-v1-modal-000510-oracle,,limit
format-code-task-000511,mimo-clean-v4,sha256:383a06324adfacf71c571217a42201b5ce97fa5605e88fd9a9386b88e28da097,,fail:0,,,,modal,0.0043,mimo-census-v1-modal-000511-oracle,,limit
format-code-task-000516,mimo-clean-v4,sha256:aca2acb4b691414c9a8111beca64de2891b6693c05dcfeb539275c84a621f254,0-noexec,1-noexec,,,,modal,0.0087,"mimo-census-v1-modal-000516-nop,mimo-census-v1-modal-000516-oracle",,limit
format-code-task-000519,mimo-clean-v4,sha256:54979ad813c962ee760d73b325e099d848c4bf7da7e18cd7e1783d6a8e435d8b,,,clean,,n/a,modal,0.0072,mimo-census-v1-modal-000519-cheat,1.4.0,limit
format-code-task-000524,mimo-clean-v4,sha256:0d50378f8bc2c7bc8bbc44c10f782b8f4cd192776ab34073b965992179f1db5e,0,1,,,,modal,0.0087,"mimo-census-v1-modal-000524-nop,mimo-census-v1-modal-000524-oracle",,limit
format-code-task-000528,mimo-clean-v4,sha256:50a011eaa67c314e6cddf7a5f06b51ddd85227b92374ae8cf4288bc135146b20,,1,,,,modal,0.0043,mimo-census-v1-modal-000528-oracle,,limit
format-code-task-000529,mimo-clean-v4,sha256:5db26fac5639f2f41c9580405f8dfe819a3a35170153be0eb8a5fd66a30b685b,,1-noexec,,,,modal,0.0043,mimo-census-v1-modal-000529-oracle,,limit
format-code-task-000550,mimo-clean-v4,sha256:3946b07c40691f47e4869fb4b957bd50dc37057288baaa26a9bf116afee994d1,,,clean,,n/a,modal,0.0072,mimo-census-v1-modal-000550-cheat,1.4.0,limit
format-code-task-000560,mimo-clean-v4,sha256:e353b73ad9caabffbf0a6ccec67a93ee851392f223ae81e309fd52f7f8c0752a,,1,,,,modal,0.0043,mimo-census-v1-modal-000560-oracle,,limit
format-code-task-000581,mimo-clean-v4,sha256:e25f17094f15c51a132d867db8e0ad5161e1457b14fff666517a9d877b567eff,,1-noexec,,,,modal,0.0043,mimo-census-v1-modal-000581-oracle,,limit
format-code-task-000582,mimo-clean-v4,sha256:55772e26cac5f20a07547752476837b33f60e14f6a6154b931aa66aa300d1cf0,,1-noexec,,,,modal,0.0043,mimo-census-v1-modal-000582-oracle,,limit
format-code-task-000585,mimo-clean-v4,sha256:3bf89cc8c7ed6332b2a97b02a1aa7507d7e63dd05352a37baa7e5557429a1421,,fail:0,,,,modal,0.0043,mimo-census-v1-modal-000585-oracle,,limit
format-code-task-000587,mimo-clean-v4,sha256:a790095b43bdb4c8e49a34604a8af5d8bbde597f5d3964d47cb2ba9ea5bac739,,1,,,,modal,0.0043,mimo-census-v1-modal-000587-oracle,,limit
format-code-task-000592,mimo-clean-v4,sha256:42347fb6cb926688af1b03a0c41bc489634b52f1ac6326da5ea1310c2338adbd,,1,,,,modal,0.0043,mimo-census-v1-modal-000592-oracle,,limit
format-code-task-000593,mimo-clean-v4,sha256:f9c8c51141847b8e30cb53d2e6c7dba94619ea04827932bd9161bd5987c5f6e8,,1-noexec,,,,modal,0.0043,mimo-census-v1-modal-000593-oracle,,limit
format-code-task-000595,mimo-clean-v4,sha256:bbe2661ff099c8cf1890277a76897bc6ee22f60ef5c551c27b2f6b1ea4b541ff,,1,,,,modal,0.0043,mimo-census-v1-modal-000595-oracle,,limit
format-code-task-000603,mimo-clean-v4,sha256:94c6ee2245c626acaec366367b4d9921f02ccaec07a1fe7751794b9ffd3ba576,,1,,,,modal,0.0043,mimo-census-v1-modal-000603-oracle,,limit
format-code-task-000609,mimo-clean-v4,sha256:519c491690e799151ccb4d2af4da0d8a44ef3d3add593a02b935b6793c972709,,1,,,,modal,0.0043,mimo-census-v1-modal-000609-oracle,,limit
format-code-task-000611,mimo-clean-v4,sha256:7d113aa03efc1cf3ef917a69dbb9e564128488b27d535a9aa745f67f3881bb42,,1,,,,modal,0.0043,mimo-census-v1-modal-000611-oracle,,limit
format-code-task-000617,mimo-clean-v4,sha256:462c890dd1935c25af5d4901170ae4bd1a17cd2887ae26f7345467e728cf5ad7,,1,,,,modal,0.0043,mimo-census-v1-modal-000617-oracle,,limit
format-code-task-000627,mimo-clean-v4,sha256:76b13a48af56e56ba10fc95556de81a08661ffd78a1401a57c0b75c5bb7a8e30,0-noexec,1-noexec,,,,modal,0.0087,"mimo-census-v1-modal-000627-nop,mimo-census-v1-modal-000627-oracle",,limit
format-code-task-000628,mimo-clean-v4,sha256:3c0059b8478f974ae3b7fd4ee734488feaeaadc3285748fbf27f81f87c5a2640,,1,,,,modal,0.0043,mimo-census-v1-modal-000628-oracle,,limit
format-code-task-000632,mimo-clean-v4,sha256:585712f48c71b2c239e1d8509f3d16961e35084fec533cc4549b45840ba7f671,,fail:0,clean,,,modal,0.0119,"mimo-census-v1-modal-000632-cheat,mimo-census-v1-modal-000632-oracle",1.4.0,limit
format-code-task-000633,mimo-clean-v4,sha256:11ead36a943f51277a1f3ca51440274f1b68cb02b028efa6f3889a16db153383,,1,,,,modal,0.0043,mimo-census-v1-modal-000633-oracle,,limit
format-code-task-000651,mimo-clean-v4,sha256:9afe5b836b4e986bd099bbbcfe547dd195675ea2cea537372d19acdef7fea061,,1,,,,modal,0.0043,mimo-census-v1-modal-000651-oracle,,limit
format-code-task-000656,mimo-clean-v4,sha256:e02a4f8bf1b9b3e1093e705318ff61ead606af21b006c63f8b71a6df4d2446d4,0,1,,,,modal,0.0155,"mimo-census-v1-modal-000656-oracle,mimo-census-v1-modal-000656-nop,mimo-census-v1-modal-000656-oracle-attempt2",,limit
format-code-task-000657,mimo-clean-v4,sha256:5366ef0ae8d8fbd385f814f17a48b8031b69533215bff925731a32c500c4b0d6,,1,,,,modal,0.0043,mimo-census-v1-modal-000657-oracle,,limit
format-code-task-000663,mimo-clean-v4,sha256:72d49a3d0de6303b27a6df8e79e036ad837b1808f7dab8387a18937ee2fa6a7f,,1,,,,modal,0.0043,mimo-census-v1-modal-000663-oracle,,limit
format-code-task-000665,mimo-clean-v4,sha256:9a25214688e3fce51312eae3255187adc8789e4b9c3845e85146168cd5520de7,,,clean,,n/a,modal,0.0072,mimo-census-v1-modal-000665-cheat,1.4.0,limit
format-code-task-000668,mimo-clean-v4,sha256:ad612af0231042ba4961ef3cc8420e29a1808b31c63c99aeeda8c78947cebc0b,,,clean,,n/a,modal,0.0072,mimo-census-v1-modal-000668-cheat,1.4.0,limit
format-code-task-000699,mimo-clean-v4,sha256:e26e258083fc7eed0f0eaa00228da5c7024f80bde597bb7d0c715b85d2c815f0,0-noexec,1,,,,modal,0.0087,"mimo-census-v1-modal-000699-nop,mimo-census-v1-modal-000699-oracle",,limit
format-code-task-000700,mimo-clean-v4,sha256:581707fa80d8ac15915dcadd994c8bd26935c30126e0f44f6cdf2d17e632d5ba,0-noexec,fail:0,,,,modal,0.0087,"mimo-census-v1-modal-000700-nop,mimo-census-v1-modal-000700-oracle",,limit
format-code-task-000703,mimo-clean-v4,sha256:d9cd92c799e3da339382c334c2c83fb01b09d98f217cad5f85c18cc92e1630f9,0-noexec,fail:0,,,,modal,0.0198,"mimo-census-v1-modal-000703-nop,mimo-census-v1-modal-000703-oracle",,limit
format-code-task-000705,mimo-clean-v4,sha256:b37754c3dbfb7d844c010cf3410074671c5651302b6ed06cd51ffde7480b67d9,0-noexec,1-noexec,,,,modal,0.0087,"mimo-census-v1-modal-000705-nop,mimo-census-v1-modal-000705-oracle",,limit
format-code-task-000728,mimo-clean-v4,sha256:a2122cf5cd4d562507c36c8ba1f1b8c8ddd13e347fa012792555016cd5f1f4ee,,1,,,,modal,0.0043,mimo-census-v1-modal-000728-oracle,,limit
format-code-task-000732,mimo-clean-v4,sha256:fb2d3d0a19a6e389153db4e9fce6c537eb8176a9e5fad49399eba25da21e39fe,,1,,,,modal,0.0043,mimo-census-v1-modal-000732-oracle,,limit
format-code-task-000733,mimo-clean-v4,sha256:8874f175feaf7c1c85ad5ba298bdb5989dce097d0b2841613933ee7b065866f6,0,1,,,,modal,0.0087,"mimo-census-v1-modal-000733-nop,mimo-census-v1-modal-000733-oracle",,limit
format-code-task-000734,mimo-clean-v4,sha256:5cce6e374606567670ccdf2a8af503da71655059f4a5f29d15f85dfc4bfb4295,,1,,,,modal,0.0043,mimo-census-v1-modal-000734-oracle,,limit
format-code-task-000745,mimo-clean-v4,sha256:2ccf5423803317cfa3102a9675e5e07e6cc66615cce517b3e407613350f302e9,,,clean,,n/a,modal,0.0072,mimo-census-v1-modal-000745-cheat,1.4.0,limit
format-code-task-000756,mimo-clean-v4,sha256:d189e3b071e170f2db71b922cab77836b2d1e5e908bf3292742f5ed2f2ef00f9,0,1,,,,modal,0.0087,"mimo-census-v1-modal-000756-nop,mimo-census-v1-modal-000756-oracle",,limit
format-code-task-000767,mimo-clean-v4,sha256:176af2b555428656b5dd4e32ca566be8a44ee2e123a42998468303d919f87a17,,1,,,,modal,0.0043,mimo-census-v1-modal-000767-oracle,,limit
format-code-task-000769,mimo-clean-v4,sha256:55d91105c90f6b4de37f99f324963b48e67e795260ca708b59e76c9a767a9c6b,0,1,,,,modal,0.0087,"mimo-census-v1-modal-000769-nop,mimo-census-v1-modal-000769-oracle",,limit
format-code-task-000776,mimo-clean-v4,sha256:22f98ef27e8356f97faf9be02bea7303e5089491083f6b8b81b2877a4f20ae29,,1,,,,modal,0.0043,mimo-census-v1-modal-000776-oracle,,limit
format-code-task-000783,mimo-clean-v4,sha256:72c76d57e5d56e794799baf29b5d99a4808d128f197437b905172be75c3402bf,0-noexec,fail:0,,,,modal,0.0087,"mimo-census-v1-modal-000783-nop,mimo-census-v1-modal-000783-oracle",,limit
format-code-task-000784,mimo-clean-v4,sha256:ced4c237ca7973f65cde81f713750a07440d72dec7e6da5a443aa1bc76d1a764,,1,,,,modal,0.0043,mimo-census-v1-modal-000784-oracle,,limit
format-code-task-000787,mimo-clean-v4,sha256:c8d9990601708d090c087473d5a94a77783c4543c2ca43081c0217e0ce919e90,,1,,,,modal,0.0043,mimo-census-v1-modal-000787-oracle,,limit
format-code-task-000788,mimo-clean-v4,sha256:bbc272ff52e879ea48023a10803dbe2f3a7267c028031dbeedd6eb28d69b381c,0,1,,,,modal,0.0087,"mimo-census-v1-modal-000788-nop,mimo-census-v1-modal-000788-oracle",,limit
format-code-task-000794,mimo-clean-v4,sha256:fe6ee007565672c5026a51b4f092edf06f044f35ff2f0142fdca73c5f33daf34,0-noexec,1,,,,modal,0.0087,"mimo-census-v1-modal-000794-nop,mimo-census-v1-modal-000794-oracle",,limit
format-code-task-000796,mimo-clean-v4,sha256:54131d58e53ccbb6cd2f74a57f525c58944d13e50ecbe6e9a1d70044d8adc726,,1,,,,modal,0.0043,mimo-census-v1-modal-000796-oracle,,limit
format-code-task-000804,mimo-clean-v4,sha256:dd406b44f1724cecc5c480cf6a0edd96a0cea3dbbef28e532a4cf5da8681eb14,,,clean,,n/a,modal,0.0072,mimo-census-v1-modal-000804-cheat,1.4.0,limit
format-code-task-000809,mimo-clean-v4,sha256:09fa25a7948bb70b9b184337d7a045eb3b01151ceca71a169df2e9ce38e6e155,,1,,,,modal,0.0043,mimo-census-v1-modal-000809-oracle,,limit
format-code-task-000810,mimo-clean-v4,sha256:f27d7ec91ac435dfd034bd49cff9113650da25cbcf8569bf27958f7243a59c7a,,1-noexec,,,,modal,0.0043,mimo-census-v1-modal-000810-oracle,,limit
format-code-task-000828,mimo-clean-v4,sha256:1ef4152b0d54addb9099bc682f82beac265eca07dd022dbb15933cb6980d207f,0,fail:0,,,,modal,0.0087,"mimo-census-v1-modal-000828-nop,mimo-census-v1-modal-000828-oracle",,limit
format-code-task-000841,mimo-clean-v4,sha256:0977204ec29f5a29422ae9caec18175d9a7f3b50f7b41159acfce8097eeb25a0,,1,,,,modal,0.0043,mimo-census-v1-modal-000841-oracle,,limit
format-code-task-000846,mimo-clean-v4,sha256:5670f2525d1e59f995867f7d5f99d04b81c45bf91353430bfb3b91236d4e9ec8,,1,,,,modal,0.0043,mimo-census-v1-modal-000846-oracle,,limit
format-code-task-000847,mimo-clean-v4,sha256:351f73b964bd15013017297052702be5a98ed8b414fc16bfee361179e8c4d407,,1,,,,modal,0.0043,mimo-census-v1-modal-000847-oracle,,limit
format-code-task-000851,mimo-clean-v4,sha256:0d927e96a589a3d7c47b2413cbfe6d172885d27ec8610c7a1c4acb6323b9dde9,0,1,,,,modal,0.0174,"mimo-census-v1-modal-000851-nop,mimo-census-v1-modal-000851-oracle-attempt2",,limit
format-code-task-000867,mimo-clean-v4,sha256:bdba7cd3d364af9445bc42de3a242d5ca01163eb6a15b7ab7769dfcebd5f1db7,,fail:0,,,,modal,0.0339,mimo-census-v1-modal-000867-oracle-attempt2,,limit
format-code-task-000872,mimo-clean-v4,sha256:1cfdf7344cc7a84a5b67da202dffeae5cbb11dbb4ea53938910160aa7d46673e,,1,,,,modal,0.0043,mimo-census-v1-modal-000872-oracle,,limit
format-code-task-000874,mimo-clean-v4,sha256:44684adc8c6d9765ad86c1ec0cc1181824780d24a6dea5b8b2d2e93a610aa00f,0,1,,,,modal,0.0087,"mimo-census-v1-modal-000874-nop,mimo-census-v1-modal-000874-oracle",,limit
format-code-task-000875,mimo-clean-v4,sha256:727da31bb51acb7aea6911ac5226de8b0e26ddb9c796c78ab7d363cf6b3eb494,0,1,,,,modal,0.0087,"mimo-census-v1-modal-000875-nop,mimo-census-v1-modal-000875-oracle",,limit
format-code-task-000876,mimo-clean-v4,sha256:444c2116bfb4c86475ac3a4cf8777aefd5d035c06ba97eb9c29bdf33cd3b4bba,,1,,,,modal,0.0043,mimo-census-v1-modal-000876-oracle,,limit
format-code-task-000878,mimo-clean-v4,sha256:9f752e9c8e4a0cf2459a2a1dbb546b1d738381e944c02eb6bc07b9143cfa3a70,,1,,,,modal,0.0043,mimo-census-v1-modal-000878-oracle,,limit
format-code-task-000879,mimo-clean-v4,sha256:e929ece03c97a0a9617da6bc056b5fcf31009f55abb4d3e75da81ef6aea83233,,1,clean,,,modal,0.0119,"mimo-census-v1-modal-000879-cheat,mimo-census-v1-modal-000879-oracle",1.4.0,limit
format-code-task-000882,mimo-clean-v4,sha256:19fddcb3db945ee97992f26b6467b4305805d1a1b6fb74898ee1336ceb6856ec,,1,,,,modal,0.0043,mimo-census-v1-modal-000882-oracle,,limit
format-code-task-000890,mimo-clean-v4,sha256:c694b00aa2a90a1fa9bd763b857d0f0b2c30c81787c238fb34aabc782b193b03,,1,,,,modal,0.0043,mimo-census-v1-modal-000890-oracle,,limit
format-code-task-000891,mimo-clean-v4,sha256:8b575346a6b6463397a53aeeb66bfa1b0ff422d9aeb9253efebda87816f1e35c,0,1,,,,modal,0.0087,"mimo-census-v1-modal-000891-nop,mimo-census-v1-modal-000891-oracle",,limit
format-code-task-000904,mimo-clean-v4,sha256:e11e37ec380e4f658218bd77eee711589e29434acecabedd5da34cf431dc9b03,,,clean,,n/a,modal,0.0072,mimo-census-v1-modal-000904-cheat,1.4.0,limit
format-code-task-000905,mimo-clean-v4,sha256:0027d96dd5bc50584378c85eac7e7f71d19206cedf951e0048b7ab1f6a90b694,0,1,,,,modal,0.0087,"mimo-census-v1-modal-000905-nop,mimo-census-v1-modal-000905-oracle",,limit
format-code-task-000909,mimo-clean-v4,sha256:95556d0a095f5dc4f62d5aab99525d873140a57759427e8713cd9e26ab51e1b5,,,clean,,n/a,modal,0.0072,mimo-census-v1-modal-000909-cheat,1.4.0,limit
format-code-task-000910,mimo-clean-v4,sha256:63d24d793f39f5f5c275a9cf2e1808b2db006c67f9c84d00c0fe554fd74f1bed,,1-noexec,,,,modal,0.0043,mimo-census-v1-modal-000910-oracle,,limit
format-code-task-000911,mimo-clean-v4,sha256:fe6189ee66bccf65e18b2133ddf8b6c3094ce5e4794938e2618e52a1ec706023,0-noexec,1-noexec,,,,modal,0.0087,"mimo-census-v1-modal-000911-nop,mimo-census-v1-modal-000911-oracle",,limit
format-code-task-000919,mimo-clean-v4,sha256:bcbb683179558a764fc7782c2d674534ada04872aeeecead769bf726c3827917,0,1,,,,modal,0.0087,"mimo-census-v1-modal-000919-nop,mimo-census-v1-modal-000919-oracle",,limit
format-code-task-000925,mimo-clean-v4,sha256:d80ff7c99a85fecde5134bd48733e1bb6dedc17ffd01882932a956ffd317faec,,1-noexec,,,,modal,0.0043,mimo-census-v1-modal-000925-oracle,,limit
format-code-task-000928,mimo-clean-v4,sha256:721d7590f1f28d87751cbedc2714a45adcccab7ac20ac4ec2df38da621330a84,setup-fail,setup-fail,,,,docker,0.00,"mimo-census-v1-docker-000928-nop,mimo-census-v1-docker-000928-oracle",,auto
format-code-task-000928,mimo-clean-v4,sha256:721d7590f1f28d87751cbedc2714a45adcccab7ac20ac4ec2df38da621330a84,setup-fail,setup-fail,,,,modal,0.0198,"mimo-census-v1-modal-000928-nop,mimo-census-v1-modal-000928-oracle,mimo-census-v1-modal-000928-nop-attempt2,mimo-census-v1-modal-000928-oracle-attempt2",,limit
format-code-task-000930,mimo-clean-v4,sha256:fec87b5a1cab92900de5ef2b20ca062b90936c2a67c85f724540a8ea54697bf6,,1-noexec,,,,modal,0.0043,mimo-census-v1-modal-000930-oracle,,limit
format-code-task-000931,mimo-clean-v4,sha256:56831a7580771f01b7540f9e8d3dea37e7da9266d175be9bef9f593e1d017b95,,1,clean,,,modal,0.0119,"mimo-census-v1-modal-000931-cheat,mimo-census-v1-modal-000931-oracle",1.4.0,limit
format-code-task-000934,mimo-clean-v4,sha256:3ba3073169c4dee84200793f46b47593b09ca4556e5c08876e79b81dc34fc001,0-noexec,fail:0,,,,modal,0.0087,"mimo-census-v1-modal-000934-nop,mimo-census-v1-modal-000934-oracle",,limit
format-code-task-000936,mimo-clean-v4,sha256:ef790d646aad186e3afa5ffd491fd7bc021d8520591f546090fbde4fba42cf60,0-noexec,fail:0,,,,modal,0.0087,"mimo-census-v1-modal-000936-nop,mimo-census-v1-modal-000936-oracle",,limit
format-code-task-000937,mimo-clean-v4,sha256:8039398ff616a46c041a0cfb17507c5c1d1df99bd341eee8adf9ed938aed3e1c,,1,,,,modal,0.0043,mimo-census-v1-modal-000937-oracle,,limit
format-code-task-000940,mimo-clean-v4,sha256:39fa72dce710ef83c4caf8c9a2beb8257f7c769e1e70501ffcda4d35767ea5ce,,,clean,,n/a,modal,0.0072,mimo-census-v1-modal-000940-cheat,1.4.0,limit
format-code-task-000943,mimo-clean-v4,sha256:dff4c8c2fcf6b9036a2de422fe70e3b6c334a3eb0c87faa0eb6adbaf14133ea8,0,1,,,,modal,0.0087,"mimo-census-v1-modal-000943-nop,mimo-census-v1-modal-000943-oracle",,limit
format-code-task-000945,mimo-clean-v4,sha256:3b8976f6f4a15e1b3480c21276d1e4e1359a070e93291655d54afa5472aa9a3c,,1-noexec,,,,modal,0.0043,mimo-census-v1-modal-000945-oracle,,limit
format-code-task-000952,mimo-clean-v4,sha256:83963f4196f9ecf095d8c2934b02be46ef0ff80e9d47d9d03c0bdd653732221f,0-noexec,1,,,,modal,0.0087,"mimo-census-v1-modal-000952-nop,mimo-census-v1-modal-000952-oracle",,limit
format-code-task-000960,mimo-clean-v4,sha256:aaa5fb1a86e6d9cb8676b18951fbf6bbc7e4123fd355fcb10617231c61894f32,,,clean,,n/a,modal,0.0072,mimo-census-v1-modal-000960-cheat,1.4.0,limit
format-code-task-000972,mimo-clean-v4,sha256:5bbaf3c9a1b7b4021968d3e93258b9df85ca33af284ae68d51ebc34ccf44773a,,,clean,,n/a,modal,0.0072,mimo-census-v1-modal-000972-cheat,1.4.0,limit
format-code-task-001001,mimo-clean-v4,sha256:2e5d11be51c16b68cc5c63a7be4baa4a6ebfb564284ade01a001e9688442eda3,,,clean,,n/a,modal,0.0072,mimo-census-v1-modal-001001-cheat,1.4.0,limit
format-code-task-001005,mimo-clean-v4,sha256:d768bf3ab1e309f5f33f4e4290bab97c58b4a7bb321e2c4e6571fcff7b53e859,,,clean,,n/a,modal,0.0072,mimo-census-v1-modal-001005-cheat,1.4.0,limit
format-code-task-001064,mimo-clean-v4,sha256:e0e4180b2710ce11b02af441ab7faa492698d7f308cc51f1be8e4a967f3847fe,,,clean,,n/a,modal,0.0072,mimo-census-v1-modal-001064-cheat,1.4.0,limit
format-code-task-001067,mimo-clean-v4,sha256:c260f8a470b88279df063f989aa1c188f7e663b24df25c4d9fb443f558f8bdfb,,,clean,,n/a,modal,0.0260,mimo-census-v1-modal-001067-cheat-attempt2,1.4.0,limit
format-code-task-001090,mimo-clean-v4,sha256:bc321dd636a94fdaa093d3359d6c020b46a7db6ad7f351f0743e7422e7a43505,,,clean,,n/a,modal,0.0072,mimo-census-v1-modal-001090-cheat,1.4.0,limit
format-code-task-001108,mimo-clean-v4,sha256:d62e21e592dbff0bf9cff8ae25915242edaeb3cf7bec0f7038a2979e459cbf3d,,,clean,,n/a,modal,0.0072,mimo-census-v1-modal-001108-cheat,1.4.0,limit
format-code-task-001113,mimo-clean-v4,sha256:bc7c99692e2d0ad471078322ea0732c53f9f6734661dfc7a7285164d5959be96,,,clean,,n/a,modal,0.0072,mimo-census-v1-modal-001113-cheat,1.4.0,limit
format-code-task-001136,mimo-clean-v4,sha256:21f761892a0a34bbef1ceceb62d9b04ab3aff9a2bb2a7ab7508828be2274562d,,,clean,,n/a,modal,0.0072,mimo-census-v1-modal-001136-cheat,1.4.0,limit
format-code-task-001145,mimo-clean-v4,sha256:3a9a6754c91a423420ba88a1c73081ecd6b2c7de3d0bde360f7e63cfa4e4e1ec,,,clean,,n/a,modal,0.0072,mimo-census-v1-modal-001145-cheat,1.4.0,limit
format-code-task-001192,mimo-clean-v4,sha256:d5b8b68a4bd6bd193e6315ad271681df351e48ae453a04f9358f46971ba19705,,1-noexec,,,,modal,0.0043,mimo-census-v1-modal-001192-oracle,,limit
format-code-task-001193,mimo-clean-v4,sha256:48531e75287b5551bad0a4b9a9a468b20fa14e420e764a0a01155074e1f4aa8d,0-noexec,1-noexec,,,,modal,0.0087,"mimo-census-v1-modal-001193-nop,mimo-census-v1-modal-001193-oracle",,limit
format-code-task-001199,mimo-clean-v4,sha256:836d7d0d5ca5bd09cce29ae4348f6973809bdc5f72142b11dc20fe8a70205ee0,,1-noexec,,,,modal,0.0043,mimo-census-v1-modal-001199-oracle,,limit
format-code-task-001200,mimo-clean-v4,sha256:23eee331c539e15fc70a8ca1d095dbd1a76d7de3b80f800c6e2e1d0954a44450,0,1,,,,modal,0.0087,"mimo-census-v1-modal-001200-nop,mimo-census-v1-modal-001200-oracle",,limit
format-code-task-001205,mimo-clean-v4,sha256:07755fe335b4481ebd66fc048daf38ab1529837301b479d738b5447121830fdd,0-noexec,1-noexec,,,,modal,0.0087,"mimo-census-v1-modal-001205-nop,mimo-census-v1-modal-001205-oracle",,limit
format-code-task-001207,mimo-clean-v4,sha256:6fc6a384457823a8b9fbdeef2df1e3626777262d299689f1f49f44611b39b339,,1-noexec,,,,modal,0.0043,mimo-census-v1-modal-001207-oracle,,limit
format-code-task-001210,mimo-clean-v4,sha256:52191796094648fb0fe61f9cbe2717045f566be55f2aab1acaa3b8b3c34846a4,,1-noexec,,,,modal,0.0043,mimo-census-v1-modal-001210-oracle,,limit
format-code-task-001220,mimo-clean-v4,sha256:4a927308b1f5ea0803f431de61652904d51d037107ae859f1bbdbe611826f99b,,fail:0,,,,modal,0.0043,mimo-census-v1-modal-001220-oracle,,limit
format-code-task-001224,mimo-clean-v4,sha256:b6c338bd12b3f3555acf9ad0358a258cbc6e6c055218df0267ceeaf495a9b237,0,1,,,,modal,0.0087,"mimo-census-v1-modal-001224-nop,mimo-census-v1-modal-001224-oracle",,limit
format-code-task-001240,mimo-clean-v4,sha256:221c88ba534d352e86589fc9639e699ac2866a9057be245cae393c604aae8f67,,,clean,,n/a,modal,0.0072,mimo-census-v1-modal-001240-cheat,1.4.0,limit
format-code-task-001244,mimo-clean-v4,sha256:c9823aca14ba50b921b354976f4ad99128b105e5fbbed30ca114fb2b64d62f81,,1,,,,modal,0.0339,mimo-census-v1-modal-001244-oracle-attempt2,,limit
format-code-task-001249,mimo-clean-v4,sha256:3d741903153d64e88ca5b8ebe22a9faa9ae3bc4a617b2c201fa16ab8a44c58ed,,,clean,,,modal,0.0072,mimo-census-v1-modal-001249-cheat,1.4.0,limit
format-code-task-001263,mimo-clean-v4,sha256:f92e2a7ed1e23f2e5c002ce45cfc13fdf50d71646e97fdaac703d725ef2a377a,0-noexec,1-noexec,,,,modal,0.0087,"mimo-census-v1-modal-001263-nop,mimo-census-v1-modal-001263-oracle",,limit
format-code-task-001264,mimo-clean-v4,sha256:889d445e9e56cf951f357432ac81304221588d07c25142f385312ead4624a325,0,1,,,,modal,0.0087,"mimo-census-v1-modal-001264-nop,mimo-census-v1-modal-001264-oracle",,limit
format-code-task-001267,mimo-clean-v4,sha256:c4e07271e189023bd0d1f9e00a491a0a56fe046d772a9df8d097f4480daa5e3b,,1-noexec,,,,modal,0.0043,mimo-census-v1-modal-001267-oracle,,limit
format-code-task-001270,mimo-clean-v4,sha256:352d0b9e60557145aeeb0daa1041bc7b7cfc03ec270ac31d603c8ecee870bf07,0,fail:0,,,,modal,0.0087,"mimo-census-v1-modal-001270-nop,mimo-census-v1-modal-001270-oracle",,limit
format-code-task-001283,mimo-clean-v4,sha256:364c6bde2ecb6538e35a38ef407dd7003b1c8683a78551db3fb7d3fc881b22cf,,1-noexec,,,,modal,0.0339,mimo-census-v1-modal-001283-oracle-attempt2,,limit
format-code-task-001292,mimo-clean-v4,sha256:425b21acca7874eabc95def73dca12dab7af17d4983fabdc722e9f06776b76a8,,1,,,,modal,0.0043,mimo-census-v1-modal-001292-oracle,,limit
format-code-task-001338,mimo-clean-v4,sha256:6abb45cecda8691c0cc1bd0c5024e30ebed9526cd8e545bd7c3035ee85b92c7c,0,1,,,,modal,0.0087,"mimo-census-v1-modal-001338-nop,mimo-census-v1-modal-001338-oracle",,limit
format-code-task-001371,mimo-clean-v4,sha256:c6b3b2c24080d705d5341624cd595008d5191d19fcc300cd52e00da1982573f6,,1,,,,modal,0.0043,mimo-census-v1-modal-001371-oracle,,limit
format-code-task-001393,mimo-clean-v4,sha256:686bc640d4d957b654436402cb2fcdfb680a90e237ad0b730587b758e0c74b24,,1-noexec,,,,modal,0.0043,mimo-census-v1-modal-001393-oracle,,limit
format-code-task-001394,mimo-clean-v4,sha256:aebec6857e382047e4c0d06a45a34758523d059e51d3d64bcae38ca85f4a5919,,1-noexec,clean,,,modal,0.0119,"mimo-census-v1-modal-001394-cheat,mimo-census-v1-modal-001394-oracle",1.4.0,limit
format-code-task-001400,mimo-clean-v4,sha256:b82b5c044afbceb7b206d4a130c9eebfd20be2df42e562742b4a43055ba8da96,0,1,,,,modal,0.0087,"mimo-census-v1-modal-001400-nop,mimo-census-v1-modal-001400-oracle",,limit
format-code-task-001402,mimo-clean-v4,sha256:9c9f77dd07403099672616f1926a3249997474e2c3cfc07c903e5235148ae7ff,,1,,,,modal,0.0043,mimo-census-v1-modal-001402-oracle,,limit
format-code-task-001403,mimo-clean-v4,sha256:f264eb257c192f0378137666a06cdbb0401dcfaad3a234cd8b47d75bd6f40413,,fail:0,,,,modal,0.0043,mimo-census-v1-modal-001403-oracle,,limit
format-code-task-001404,mimo-clean-v4,sha256:124177c1f47ab7fccd9bd642a6d584466494dd3d754cf3a5549067a365446c75,0,1,,,,modal,0.0087,"mimo-census-v1-modal-001404-nop,mimo-census-v1-modal-001404-oracle",,limit
format-code-task-001410,mimo-clean-v4,sha256:efd6ed85c63d459f42a2b4cb71cd1fdb7879eba23cf0eb333e3943bc7e0f0293,0-noexec,fail:0,,,,modal,0.0174,"mimo-census-v1-modal-001410-nop-attempt2,mimo-census-v1-modal-001410-oracle",,limit
format-code-task-001411,mimo-clean-v4,sha256:ec47c208e5846aae5a86b4e6f4d8c2998f299bbb1490e62e82aed86786062b55,0,fail:0,,,,modal,0.0174,"mimo-census-v1-modal-001411-nop,mimo-census-v1-modal-001411-oracle",,limit
format-code-task-001418,mimo-clean-v4,sha256:87e09d8e52650af5b663585463355e6c966a2cb7b4d6105d68d6561de8c6611c,,,clean,,n/a,modal,0.0260,mimo-census-v1-modal-001418-cheat-attempt2,1.4.0,limit
format-code-task-001419,mimo-clean-v4,sha256:2a5908ebb5e5b63aa5d08019e51576ef2017b1f9a27051cc44a1f825a93d7a10,setup-fail,setup-fail,,,,docker,0.00,"mimo-census-v1-docker-001419-nop,mimo-census-v1-docker-001419-oracle",,auto
format-code-task-001419,mimo-clean-v4,sha256:2a5908ebb5e5b63aa5d08019e51576ef2017b1f9a27051cc44a1f825a93d7a10,setup-fail,setup-fail,,,,modal,0.0155,"mimo-census-v1-modal-001419-oracle,mimo-census-v1-modal-001419-nop,mimo-census-v1-modal-001419-oracle-attempt2",,limit
format-code-task-001420,mimo-clean-v4,sha256:373d30fae5e4dc388650763a3220336f4e28dd0dc65af632585baced49d8e8c7,setup-fail,setup-fail,,,,docker,0.00,"mimo-census-v1-docker-001420-nop,mimo-census-v1-docker-001420-oracle",,auto
format-code-task-001420,mimo-clean-v4,sha256:373d30fae5e4dc388650763a3220336f4e28dd0dc65af632585baced49d8e8c7,setup-fail,setup-fail,,,,modal,0.0155,"mimo-census-v1-modal-001420-oracle,mimo-census-v1-modal-001420-nop,mimo-census-v1-modal-001420-oracle-attempt2",,limit
format-code-task-001421,mimo-clean-v4,sha256:1009f3cb51a0ef9b167f3f6f5b54217557c86130d1d495df27964b4d08bd0a17,,,unscored,,n/a,modal,0.0260,"mimo-census-v1-modal-001421-cheat,mimo-census-v1-modal-001421-cheat-attempt2",,limit
format-code-task-001425,mimo-clean-v4,sha256:ec7e3da47c5504e59226d5dadb9ea0c25447607f4fa93ce9863739d5276d450c,0,1,,,,modal,0.0174,"mimo-census-v1-modal-001425-nop,mimo-census-v1-modal-001425-oracle",,limit
format-code-task-001431,mimo-clean-v4,sha256:5b9cc79e825f0a424f7ee2b26dc66730cf70bbbab00082b64c7fc8b825678061,0,fail:0,,,,modal,0.0174,"mimo-census-v1-modal-001431-nop,mimo-census-v1-modal-001431-oracle",,limit
format-code-task-001437,mimo-clean-v4,sha256:c47eb669d37eb50641021858b1e347ecb729f9e401c393daaff83fd7e9556d67,,1,,,,modal,0.0043,mimo-census-v1-modal-001437-oracle,,limit
format-code-task-001457,mimo-clean-v4,sha256:28c40244a2a480c06257fba547965bd005d5ff3cf97974fab4d56e94a2808a68,0,1,,,,modal,0.0174,"mimo-census-v1-modal-001457-nop,mimo-census-v1-modal-001457-oracle",,limit
format-code-task-001460,mimo-clean-v4,sha256:0773fb4bd92599b96aff4799da10cbb2022c067a687dde9804d0339dddf50c86,,1-noexec,,,,modal,0.0043,mimo-census-v1-modal-001460-oracle,,limit
format-code-task-001464,mimo-clean-v4,sha256:63d43a5b51aa0bc43ecbeeed5027f183e85734609d25667a01a482c52de98872,,1,,,,modal,0.0043,mimo-census-v1-modal-001464-oracle,,limit
format-code-task-001476,mimo-clean-v4,sha256:59b35fe1fbf775b79fa370b325f8759623cb1adbefdc8f937377e6d2861ef761,,1,,,,modal,0.0043,mimo-census-v1-modal-001476-oracle,,limit
format-code-task-001480,mimo-clean-v4,sha256:d2f47a908146afa4156c0d713e58eb38d0a7a3ba253b796ea084370e1635c41d,,1,,,,modal,0.0043,mimo-census-v1-modal-001480-oracle,,limit
format-code-task-001484,mimo-clean-v4,sha256:14266775e3cb27f9cfc47d0a585b39b42e5bbfcf87a92cb74a479ec148e35726,,,clean,,n/a,modal,0.0072,mimo-census-v1-modal-001484-cheat,1.4.0,limit
format-code-task-001486,mimo-clean-v4,sha256:f9856af5d25129bf3ef523259d36cf16d8d35330be02894495cfaad8fcdbc146,,1,,,,modal,0.0043,mimo-census-v1-modal-001486-oracle,,limit
format-code-task-001491,mimo-clean-v4,sha256:7b4db40757ef8cfaacadea8d5878d38afeb98cced308e46498d74d823fa6823a,0,1,,,,modal,0.0174,"mimo-census-v1-modal-001491-nop,mimo-census-v1-modal-001491-oracle",,limit
format-code-task-001492,mimo-clean-v4,sha256:8e9e25b11736c8b34db3ff218b7716676007ee5f10861eb111264a7327485c01,,1,,,,modal,0.0043,mimo-census-v1-modal-001492-oracle,,limit
format-code-task-001513,mimo-clean-v4,sha256:3b34a7bff89dc864f24c52122d5290ead23eab32200160899816063b63359633,0,1,,,,modal,0.0174,"mimo-census-v1-modal-001513-nop,mimo-census-v1-modal-001513-oracle",,limit
format-code-task-001514,mimo-clean-v4,sha256:704e356db64fb7fc941f3d3033ccd52e2e15c603240cabdb32d7dfb792c286df,0,1,,,,modal,0.0155,"mimo-census-v1-modal-001514-oracle,mimo-census-v1-modal-001514-nop,mimo-census-v1-modal-001514-oracle-attempt2",,limit
format-code-task-001515,mimo-clean-v4,sha256:d47c3a8e1fd7a476a2554625e60c6e230de80ada4ad8c3ec887e62c350b630dc,0,1,,,,modal,0.0174,"mimo-census-v1-modal-001515-nop,mimo-census-v1-modal-001515-oracle",,limit
format-code-task-001516,mimo-clean-v4,sha256:20d0f7e1942261cc357569fbcc926c82dadb143f6adf06967532e48c320ca3c9,,1,,,,modal,0.0043,mimo-census-v1-modal-001516-oracle,,limit
format-code-task-001530,mimo-clean-v4,sha256:927c09e64ddae68c100dd9d75efb97d5de246a5b7e7b2dfb6f47592f5174a7a7,,,clean,,n/a,modal,0.0072,mimo-census-v1-modal-001530-cheat,1.4.0,limit
format-code-task-001531,mimo-clean-v4,sha256:e4b00f9e989789800edb31b4ce6c35501651d7a8c7acb6ed2a27ab9e43203d40,0,1,,,,modal,0.0174,"mimo-census-v1-modal-001531-nop,mimo-census-v1-modal-001531-oracle",,limit
format-code-task-001533,mimo-clean-v4,sha256:93139a484bd58bba2a3a476202eca8668840de63f2f67462a141efa04af82683,,1,,,,modal,0.0043,mimo-census-v1-modal-001533-oracle,,limit
format-code-task-001534,mimo-clean-v4,sha256:9c500e230a8cebd88669abef263c856eaa1f7576d69df3ee2f8e17d5b211c6c0,,1,,,,modal,0.0043,mimo-census-v1-modal-001534-oracle,,limit
format-code-task-001544,mimo-clean-v4,sha256:06579b63f37c25ee12f0656ef247b678d26fed4ecb017565fc055ff715b4ff8f,0,1,,,,modal,0.0174,"mimo-census-v1-modal-001544-nop,mimo-census-v1-modal-001544-oracle",,limit
format-code-task-001547,mimo-clean-v4,sha256:3128573d53cfdc6e7ea59eaad33de61dcbb6e87cf296afbfafe37959f6a8328a,0,1,,,,modal,0.0174,"mimo-census-v1-modal-001547-nop,mimo-census-v1-modal-001547-oracle",,limit
format-code-task-001548,mimo-clean-v4,sha256:308d3da4d69d852a4689341c6cfdee8c77934162a1c741e7146fccfcdb17c5d8,,fail:0,,,,modal,0.0043,mimo-census-v1-modal-001548-oracle,,limit
format-code-task-001550,mimo-clean-v4,sha256:49ca44a8bd2f4714a7f6a6b1d4fc15a43d834ce30a437d5ff0ec2f06daf37d6c,,1,,,,modal,0.0043,mimo-census-v1-modal-001550-oracle,,limit
format-code-task-001590,mimo-clean-v4,sha256:104750c82ed6504344a6d2e0a1b683195ddbfddaca7b62707438ae763232091c,,1,,,,modal,0.0043,mimo-census-v1-modal-001590-oracle,,limit
format-code-task-001606,mimo-clean-v4,sha256:d2532ba8a7c45e25764c2d61df6b86ffa987ff2d8815179fe9f9f4432f541fb5,,,clean,,n/a,modal,0.0072,mimo-census-v1-modal-001606-cheat,1.4.0,limit
format-code-task-001611,mimo-clean-v4,sha256:8987155179b0f8bb05a4c14ea736d362061b06c58b58c98ca3b0093f58b3cce2,,1,,,,modal,0.0043,mimo-census-v1-modal-001611-oracle,,limit
format-code-task-001616,mimo-clean-v4,sha256:b3d17eaee1af8894130a88c5c24cd74f97070e7c594cc95a20df8b64ac163599,,1,clean,,,modal,0.0119,"mimo-census-v1-modal-001616-cheat,mimo-census-v1-modal-001616-oracle",1.4.0,limit
format-code-task-001618,mimo-clean-v4,sha256:1be670e8a5c923c88fb9edc71a8d887a2779ba0f4983d15f42b8659afc5a80b0,,,clean,,n/a,modal,0.0072,mimo-census-v1-modal-001618-cheat,1.4.0,limit
format-code-task-001639,mimo-clean-v4,sha256:15615c883cd5a160f3f534f33aaea9a3ca24f31298209523f87e945a60d57eaa,,,clean,,,modal,0.0072,mimo-census-v1-modal-001639-cheat,1.4.0,limit
format-code-task-001644,mimo-clean-v4,sha256:b3bec730bcfa824c43fd6fccda8e9a021e7117bb1592c0b2a5f8528beb4aa8ae,0,1,,,,modal,0.0174,"mimo-census-v1-modal-001644-nop,mimo-census-v1-modal-001644-oracle",,limit
format-code-task-001647,mimo-clean-v4,sha256:2a4d2ae7221d89f9787a3c144cde7ee06e6903037c1e5b45640c9bde22cfcc89,,1,,,,modal,0.0043,mimo-census-v1-modal-001647-oracle,,limit
format-code-task-001660,mimo-clean-v4,sha256:676380ffbe97328502e5721471a9f8d3c8ce460cd767fa9117a0a62ad041d6f6,0,1,,,,modal,0.0174,"mimo-census-v1-modal-001660-nop,mimo-census-v1-modal-001660-oracle",,limit
format-code-task-001672,mimo-clean-v4,sha256:b53f7a237a2379d743106bc94826a13c17588b93ad8ce2ee058003058b82c976,setup-fail,setup-fail,,,,docker,0.00,"mimo-census-v1-docker-001672-nop,mimo-census-v1-docker-001672-oracle",,auto
format-code-task-001672,mimo-clean-v4,sha256:b53f7a237a2379d743106bc94826a13c17588b93ad8ce2ee058003058b82c976,setup-fail,setup-fail,,,,modal,0.0155,"mimo-census-v1-modal-001672-oracle,mimo-census-v1-modal-001672-nop,mimo-census-v1-modal-001672-oracle-attempt2",,limit
format-code-task-001673,mimo-clean-v4,sha256:a900e8eb94cf94eb6f22eb0017f3e1186e139734e63f26b2bc3c2b7662f89aeb,0,1,,,,modal,0.0174,"mimo-census-v1-modal-001673-nop,mimo-census-v1-modal-001673-oracle",,limit
format-code-task-001675,mimo-clean-v4,sha256:99519324ed33305b4b31916d0d2b9e86b88f5e3cadcabcbea29f851d06d6d16a,0-noexec,1-noexec,,,,modal,0.0174,"mimo-census-v1-modal-001675-nop,mimo-census-v1-modal-001675-oracle",,limit
format-code-task-001677,mimo-clean-v4,sha256:d15cb03508b03624a4b6bbf56fb607ed889facfe0be75ca60ed0c5bc9aa1f9ba,0-noexec,1-noexec,,,,modal,0.0174,"mimo-census-v1-modal-001677-nop,mimo-census-v1-modal-001677-oracle",,limit
format-code-task-001680,mimo-clean-v4,sha256:d8742d598278e352a26ae777327d5daae87fd4f4812b6f3e2579c409f5edd8f3,,,clean,,n/a,modal,0.0072,mimo-census-v1-modal-001680-cheat,1.4.0,limit
format-code-task-001683,mimo-clean-v4,sha256:a9a6bf3f843343674d514b77b30c547565933c810850958ffd52fe59bcfb39b6,,,clean,,n/a,modal,0.0072,mimo-census-v1-modal-001683-cheat,1.4.0,limit
format-code-task-001686,mimo-clean-v4,sha256:76448c2166f2e3935439733b50cfe0e1618d9063ee6901fda4261450fa6956f3,0,1,,,,modal,0.0174,"mimo-census-v1-modal-001686-nop,mimo-census-v1-modal-001686-oracle",,limit
format-code-task-001690,mimo-clean-v4,sha256:bb5d6e2ccc28b7c3960b364fa49f05631a7cb3e7f7301fd8eaeef09a6214fa60,0,1,,,,modal,0.0174,"mimo-census-v1-modal-001690-nop,mimo-census-v1-modal-001690-oracle-attempt2",,limit
format-code-task-001692,mimo-clean-v4,sha256:731c0a464039c68b03d2233c36ab4870c439801c9d66c5757b568f6cd19550d2,0,1,,,,modal,0.0174,"mimo-census-v1-modal-001692-nop,mimo-census-v1-modal-001692-oracle",,limit
format-code-task-001694,mimo-clean-v4,sha256:64b1d3475603663eeb4fcb35dba05cd6079ffbdc0929d77efa8dc0f8184b2931,,,clean,,n/a,modal,0.0072,mimo-census-v1-modal-001694-cheat,1.4.0,limit
format-code-task-001698,mimo-clean-v4,sha256:b769367a3bff4615887d94b8b75b58f339a15fef48245cc74701a9d783364520,0-noexec,1-noexec,,,,modal,0.0174,"mimo-census-v1-modal-001698-nop,mimo-census-v1-modal-001698-oracle",,limit
format-code-task-001703,mimo-clean-v4,sha256:3b48e1dfc5f13ee9598408cf23822fdc28ed674bb66930eb9efb11971a57eb8e,0,1,,,,modal,0.0174,"mimo-census-v1-modal-001703-nop,mimo-census-v1-modal-001703-oracle",,limit
format-code-task-001721,mimo-clean-v4,sha256:f438673f87f6e34e00f5fcbaf48ca8b1443c39075515971fbf97cf67118c9c1f,,,clean,,n/a,modal,0.0072,mimo-census-v1-modal-001721-cheat,1.4.0,limit
format-code-task-001771,mimo-clean-v4,sha256:b74311c31e293ca7fc1641b1b1807970b2ea3716159e23717dc5ea8b74df18e9,,,clean,,n/a,modal,0.0072,mimo-census-v1-modal-001771-cheat,1.4.0,limit
format-code-task-001779,mimo-clean-v4,sha256:7dbdec8f97c741716158d83d461603a9c3507255bcc59895f3268bf421f61a8c,,1,,,,modal,0.0043,mimo-census-v1-modal-001779-oracle,,limit
format-code-task-001783,mimo-clean-v4,sha256:8f662e9541da342c9cff08a594a84d15fe552fb9a16d590f985f77056b31c6f7,,1,,,,modal,0.0043,mimo-census-v1-modal-001783-oracle,,limit
format-code-task-001785,mimo-clean-v4,sha256:3923f163d6a15b0ffac441ed21c8a4062681a70df9ebdef197c489748c2d033a,0,1,,,,modal,0.0174,"mimo-census-v1-modal-001785-nop,mimo-census-v1-modal-001785-oracle",,limit
format-code-task-001803,mimo-clean-v4,sha256:a9b33a2c14b50233663b2082c84c0edac21da3fc227d2c796c67984bbb444538,,,clean,,n/a,modal,0.0072,mimo-census-v1-modal-001803-cheat,1.4.0,limit
format-code-task-001808,mimo-clean-v4,sha256:b4274143137aca8bd625830ce4d0a9bfa8466337705d5fcf3b974fa98168f0d7,,1,,,,modal,0.0043,mimo-census-v1-modal-001808-oracle,,limit
format-code-task-001825,mimo-clean-v4,sha256:eab48f815c4608dc4a964e04bd8e60a8ed40bcf21fe08e9d5e32a16421b837b4,0,1,,,,modal,0.0174,"mimo-census-v1-modal-001825-nop,mimo-census-v1-modal-001825-oracle",,limit
format-code-task-001827,mimo-clean-v4,sha256:0b3d7906a2f25e3a86a87e3eb7b4402e240f6561e6f795c728ec19633cdf3c60,,1,,,,modal,0.0043,mimo-census-v1-modal-001827-oracle,,limit
format-code-task-001833,mimo-clean-v4,sha256:90cc25c83fd04595c9edf2504cf7d1b537eeff54685904b257f79a7ba248440e,,1-noexec,,,,modal,0.0043,mimo-census-v1-modal-001833-oracle,,limit
format-code-task-001839,mimo-clean-v4,sha256:886c2565ca926f48a5277c2c4823d47be0022d802879ba522b7c56d2c8d4750a,,fail:0,,,,modal,0.0043,mimo-census-v1-modal-001839-oracle,,limit
format-code-task-001840,mimo-clean-v4,sha256:3e930bb137146982c5d71c87e78c2412bb49b536145ef5a0d9ccad6c8f8fa429,,,clean,,n/a,modal,0.0072,mimo-census-v1-modal-001840-cheat,1.4.0,limit
format-code-task-001841,mimo-clean-v4,sha256:b38cb6e0a3ad4099187778d25ac86c4a9b249839220d4a390c11eb84c5b3e790,,1,clean,,,modal,0.0119,"mimo-census-v1-modal-001841-cheat,mimo-census-v1-modal-001841-oracle",1.4.0,limit
format-code-task-001849,mimo-clean-v4,sha256:87a9e766ece46eff501d24b50024e5cf64857b6c041d128f42395ee8b29c9982,,1-noexec,,,,modal,0.0043,mimo-census-v1-modal-001849-oracle,,limit
format-code-task-001850,mimo-clean-v4,sha256:58210c708a578b58e9dbba7b44650b14b1712b6f814c952c9c4be9fd968a35ed,,1,,,,modal,0.0043,mimo-census-v1-modal-001850-oracle,,limit
format-code-task-001860,mimo-clean-v4,sha256:01a1585a17ce6e19bbe7805cb3743267e020bfba39beafdce385fef5a15333fe,,,clean,,n/a,modal,0.0072,mimo-census-v1-modal-001860-cheat,1.4.0,limit
format-code-task-001869,mimo-clean-v4,sha256:097e1fc3b21f7f53e520429a984f43857cbca0452f35a6881f9246b29e935224,0,1,,,,modal,0.0174,"mimo-census-v1-modal-001869-nop,mimo-census-v1-modal-001869-oracle",,limit
format-code-task-001878,mimo-clean-v4,sha256:c31bef5705d9ed3eb9468dc13979b7a23c9cae0915ad1604a4c5442167e38c76,,1-noexec,,,,modal,0.0043,mimo-census-v1-modal-001878-oracle,,limit
format-code-task-001884,mimo-clean-v4,sha256:d157545db227f2629a6d3dc73058cc0731e8056ca882a1f4e4c180162e7992e9,,1,,,,modal,0.0043,mimo-census-v1-modal-001884-oracle,,limit
format-code-task-001887,mimo-clean-v4,sha256:84c5e3d1f4863ffd68cb394cda047f656f20f5e304855fe7326f4b0df2f2e957,,,clean,,n/a,modal,0.0072,mimo-census-v1-modal-001887-cheat,1.4.0,limit
format-code-task-001890,mimo-clean-v4,sha256:19be85fe5b0b7b6257708fa6a0dafd0c8242702df78644f47da08c3dc67f3c75,,1,,,,modal,0.0043,mimo-census-v1-modal-001890-oracle,,limit
format-code-task-001901,mimo-clean-v4,sha256:cf2f3908446871d565f20aa6c6e65cc8e688794f3306413254a3342a1f5a0685,,1,,,,modal,0.0043,mimo-census-v1-modal-001901-oracle,,limit
format-code-task-001909,mimo-clean-v4,sha256:a1a1e304fb1767db85f8d9d6efbf0acaf7e28226864449c7880eae21ca487a1b,,1,,,,modal,0.0043,mimo-census-v1-modal-001909-oracle,,limit
format-code-task-001916,mimo-clean-v4,sha256:4191b76d9d8b5216b3f24fb076bea63949e6b0ed876cf843495b826f368c21a6,0,fail:0,,,,modal,0.0174,"mimo-census-v1-modal-001916-nop,mimo-census-v1-modal-001916-oracle",,limit
format-code-task-001917,mimo-clean-v4,sha256:f09537a5aa65c6c06670b7d999fb9cafc697061e81e2156143aa8744bd5dd36a,,1-noexec,,,,modal,0.0043,mimo-census-v1-modal-001917-oracle,,limit
format-code-task-001931,mimo-clean-v4,sha256:51e8d6cc8b4f2f70c96373642a293488419e0c988bdc6a38ba1a954c9fd1b061,0-noexec,1-noexec,,,,modal,0.0174,"mimo-census-v1-modal-001931-nop,mimo-census-v1-modal-001931-oracle",,limit
format-code-task-001932,mimo-clean-v4,sha256:0acb0b3857ee98418fc9102c6c9b14bc408820f1eba62cdd98faedd30370abf3,,1-noexec,,,,modal,0.0043,mimo-census-v1-modal-001932-oracle,,limit
format-code-task-001933,mimo-clean-v4,sha256:f79a59337dd765beb6d1dece1c8154d9d4a7373556a4e2c321ad4a960cbab0cf,,1-noexec,,,,modal,0.0043,mimo-census-v1-modal-001933-oracle,,limit
format-code-task-001934,mimo-clean-v4,sha256:a864eaf3fda547e253c558739413e772dd2bfd4c69e8d274670c27a6b85a2d9e,,1-noexec,,,,modal,0.0043,mimo-census-v1-modal-001934-oracle,,limit
format-code-task-001941,mimo-clean-v4,sha256:0462909bcc091cd13941afcf127249330b110c828771923d40859f8c48929651,0,1,,,,modal,0.0174,"mimo-census-v1-modal-001941-nop,mimo-census-v1-modal-001941-oracle",,limit
format-code-task-001942,mimo-clean-v4,sha256:049189500c7ad1fba0b5de6b7265a5fb2d66ac41de76b9003cac63b36765e10b,0,1,,,,modal,0.0174,"mimo-census-v1-modal-001942-nop,mimo-census-v1-modal-001942-oracle",,limit
format-code-task-001947,mimo-clean-v4,sha256:ab8c942674ff7e18e2c7508498e7e8da3ad06c9bd05fe714573b15f2a32e4945,,,clean,,n/a,modal,0.0072,mimo-census-v1-modal-001947-cheat,1.4.0,limit
format-code-task-001948,mimo-clean-v4,sha256:43e14ae688c28bac0224b37a343001d4d494acb68e710be309b4d0fe90664a65,,1-noexec,,,,modal,0.0043,mimo-census-v1-modal-001948-oracle,,limit
format-code-task-001949,mimo-clean-v4,sha256:21274f1d115ec2663d25c8eadc084434c920c4c5160dbf826f1757d3c3061319,,1-noexec,,,,modal,0.0043,mimo-census-v1-modal-001949-oracle,,limit
format-code-task-001950,mimo-clean-v4,sha256:1665eedefd96c306a230d59aae5b8a57be9e9a363bab6bfa505605443984a6a0,0-noexec,1-noexec,,,,modal,0.0174,"mimo-census-v1-modal-001950-nop,mimo-census-v1-modal-001950-oracle",,limit
format-code-task-001974,mimo-clean-v4,sha256:17b3fdbecca0695611660683202619c392439ac81fac99a3b7d4f4df9e55cf41,,,clean,,n/a,modal,0.0072,mimo-census-v1-modal-001974-cheat,1.4.0,limit
format-code-task-001985,mimo-clean-v4,sha256:ffa0a1ec141c8774b044b17d10f5ff93c9e7fa62dadd6a6b62a80f2d0a4cc77b,,1,,,,modal,0.0043,mimo-census-v1-modal-001985-oracle,,limit
format-code-task-001986,mimo-clean-v4,sha256:e569df4a6cf209d937bd24ca3964bfc0f1b1bb1fa1c65d0a602463428645b9d9,,,clean,,n/a,modal,0.0072,mimo-census-v1-modal-001986-cheat,1.4.0,limit
format-code-task-001987,mimo-clean-v4,sha256:5764657c8a9298d33057e178c4c2e5e2ab52dcc88dd2c13c2cf68bcf124008fb,,1-noexec,,,,modal,0.0043,mimo-census-v1-modal-001987-oracle,,limit
format-code-task-001988,mimo-clean-v4,sha256:88d50d1b53b91d3dfa6ba54cc13afbcce772d1bf2ebef340290037218bf70115,0-noexec,1-noexec,,,,modal,0.0174,"mimo-census-v1-modal-001988-nop,mimo-census-v1-modal-001988-oracle",,limit
format-code-task-001994,mimo-clean-v4,sha256:a68805fed9a37762a18f3c43d6f15d60f63c0e697755ff58ea59eb7ded1b0c01,,1,,,,modal,0.0043,mimo-census-v1-modal-001994-oracle,,limit
format-code-task-002003,mimo-clean-v4,sha256:a5c398b4213779f893891bb026a2673c2fb89bbd757c7bb05063c017bda83efd,,,clean,,n/a,modal,0.0072,mimo-census-v1-modal-002003-cheat,1.4.0,limit
format-code-task-002024,mimo-clean-v4,sha256:460377037c0828f609f982fb7760ef1a34b29123a7b3efd223901263e7f313a9,,1-noexec,,,,modal,0.0043,mimo-census-v1-modal-002024-oracle,,limit
format-code-task-002037,mimo-clean-v4,sha256:40faf9ec15d8bf00174fd5f693950f7ed55c47a3bab568ca2c3f2d825852baaf,,1-noexec,,,,modal,0.0043,mimo-census-v1-modal-002037-oracle,,limit
format-code-task-002126,mimo-clean-v4,sha256:e528b078960f7cb68069ad15ffb1e7213e26b2ec4d6d0ef16fab1603d12e33d0,0,1,,,,modal,0.0174,"mimo-census-v1-modal-002126-nop-attempt2,mimo-census-v1-modal-002126-oracle",,limit
format-code-task-002139,mimo-clean-v4,sha256:da37e033a054810df672e3eaf3de1185852e794da698169fb4af7089f34a5bfb,,1,,,,modal,0.0043,mimo-census-v1-modal-002139-oracle,,limit
format-code-task-002146,mimo-clean-v4,sha256:43e398b36136ee8c6d52a7e0e312825149eae60c8466c28a1cabd9511db45098,,,clean,,n/a,modal,0.0072,mimo-census-v1-modal-002146-cheat,1.4.0,limit
format-code-task-002153,mimo-clean-v4,sha256:f9649d846d91214c08646a8c42d33472140155bef04f4936da7f183efa41d118,,,clean,,n/a,modal,0.0260,mimo-census-v1-modal-002153-cheat-attempt2,1.4.0,limit
format-code-task-002160,mimo-clean-v4,sha256:96ca6b76efdeda32691f9008e022f126d1f61a2eaabe377220f708326216f8bc,,1-noexec,,,,modal,0.0043,mimo-census-v1-modal-002160-oracle,,limit
format-code-task-002162,mimo-clean-v4,sha256:283756d147a08584d5908e7f72048c68dd8592139b07a8fc03d79382b184f52b,,1,,,,modal,0.0043,mimo-census-v1-modal-002162-oracle,,limit
format-code-task-002172,mimo-clean-v4,sha256:92bb71982f9003c020acc2e80138045e1623bd0553cc09bf5dcbd2d60ea9323e,,,clean,,n/a,modal,0.0072,mimo-census-v1-modal-002172-cheat,1.4.0,limit
format-code-task-002188,mimo-clean-v4,sha256:bfde527717b2a13c9a55202e75f11f4d635f209c70b69cc3352fcec4bfdef304,0,1,,,,modal,0.0174,"mimo-census-v1-modal-002188-nop,mimo-census-v1-modal-002188-oracle",,limit
format-code-task-002190,mimo-clean-v4,sha256:f1f417875ad885a0fe899df9895f53edf2f9c921119df15b87931f10a3d25242,,1,,,,modal,0.0043,mimo-census-v1-modal-002190-oracle,,limit
format-code-task-002196,mimo-clean-v4,sha256:66145866b0a083a9b8a9c48c5ea039b49085e7a498a75954ff6280c384a0a612,,1-noexec,,,,modal,0.0043,mimo-census-v1-modal-002196-oracle,,limit
format-code-task-002198,mimo-clean-v4,sha256:a99993b05417934f1a352defdd39eaaa5b6794780f0ed95b1a6d7e0adc97d033,,1-noexec,,,,modal,0.0043,mimo-census-v1-modal-002198-oracle,,limit
format-code-task-002199,mimo-clean-v4,sha256:bf6f81476bcf5e7220ab659dc8236d0efeee949c190e94ae2df83df8d74f7cc6,0-noexec,1-noexec,,,,modal,0.0174,"mimo-census-v1-modal-002199-nop,mimo-census-v1-modal-002199-oracle",,limit
format-code-task-002202,mimo-clean-v4,sha256:0cdaa42161fc231a3abcd34af2ede8e9e3639c6d6ff08473c628073f669ef6bb,,,clean,,n/a,modal,0.0072,mimo-census-v1-modal-002202-cheat,1.4.0,limit
format-code-task-002205,mimo-clean-v4,sha256:e4533b41f51aedd8214fca26f0c2a9ebdcbf9cf3f2915866412d39ea6f0a0af7,,1-noexec,clean,,,modal,0.0119,"mimo-census-v1-modal-002205-cheat,mimo-census-v1-modal-002205-oracle",1.4.0,limit
format-code-task-002206,mimo-clean-v4,sha256:4a5c5b592088f16ea71ff145f3ace5ea3d6d5ade8a0ad5960e043c68a6e0c67e,,1-noexec,,,,modal,0.0043,mimo-census-v1-modal-002206-oracle,,limit
format-code-task-002207,mimo-clean-v4,sha256:b7f58a5f97fce3ad29826bfb16b85f5cc5d68f04e812cc676468048be7f42e7c,,,clean,,n/a,modal,0.0072,mimo-census-v1-modal-002207-cheat,1.4.0,limit
format-code-task-002221,mimo-clean-v4,sha256:13d941fc530e67a4332932c08e8afd8d4aeefa2f27b7f169cbb1927598e73dad,,1,,,,modal,0.0043,mimo-census-v1-modal-002221-oracle,,limit
format-code-task-002222,mimo-clean-v4,sha256:1c57e72f6c773bd297ae73566c3868339cf21aba7e83a0860855ed2c9841291b,,1,clean,,,modal,0.0119,"mimo-census-v1-modal-002222-cheat,mimo-census-v1-modal-002222-oracle",1.4.0,limit
format-code-task-002224,mimo-clean-v4,sha256:c44b8fc024602e336f94d06e5c439aec9634b2453e7e38c833c535827414d4b2,,,clean,,n/a,modal,0.0072,mimo-census-v1-modal-002224-cheat,1.4.0,limit
format-code-task-002228,mimo-clean-v4,sha256:0d55423abbe3d1a0e9c864d05422bb7b67631f2edbf4510f6761de087c2b705d,,1,,,,modal,0.0043,mimo-census-v1-modal-002228-oracle,,limit
format-code-task-002239,mimo-clean-v4,sha256:3dc3a1b06076f1e1dd1f2897dfe64c0bde9619703e5e907fefee10bfa4f580c6,,,clean,,n/a,modal,0.0072,mimo-census-v1-modal-002239-cheat,1.4.0,limit
format-code-task-002250,mimo-clean-v4,sha256:674ceace00082586cc3f4e25268c59d0084caf2765b94a9da6d22cce7bee313c,,1,,,,modal,0.0043,mimo-census-v1-modal-002250-oracle,,limit
format-code-task-002267,mimo-clean-v4,sha256:51c73ace15186bdbde62f4124c3abd1d27be58fbe3c2bd94dce6385f9481e2dc,,,clean,,n/a,modal,0.0072,mimo-census-v1-modal-002267-cheat,1.4.0,limit
format-code-task-002304,mimo-clean-v4,sha256:164926864c271331c5d83c36d4a99f9b182f6dda039cf224baa40679414333ad,,1-noexec,,,,modal,0.0043,mimo-census-v1-modal-002304-oracle,,limit
format-code-task-002306,mimo-clean-v4,sha256:89203a27b7b40124410e4f7919910c01616fe827b787813994b7863cb90d2d7f,,1,,,,modal,0.0043,mimo-census-v1-modal-002306-oracle,,limit
format-code-task-002321,mimo-clean-v4,sha256:480e56bee517a8e4f3d3d2e181ea16ea770caf954244d00877396774233d3629,,,clean,,n/a,modal,0.0072,mimo-census-v1-modal-002321-cheat,1.4.0,limit
format-code-task-002341,mimo-clean-v4,sha256:fb01da915955870037660f92948ce7cb2cc8a8ef6183649f5bfb001dd17c7376,,1,,,,modal,0.0043,mimo-census-v1-modal-002341-oracle,,limit
format-code-task-002350,mimo-clean-v4,sha256:69528053e9ffa146fbcd5b6c93f385cd9f9d1dd8513217524675656cb6d9c33e,,1,,,,modal,0.0043,mimo-census-v1-modal-002350-oracle,,limit
format-code-task-002351,mimo-clean-v4,sha256:da8420652daba48bdb193756421efd3a42b49912ffdc4ad54d4bdac07ce6a8d0,,,clean,,,modal,0.0072,mimo-census-v1-modal-002351-cheat,1.4.0,limit
format-code-task-002352,mimo-clean-v4,sha256:f6447580201ede23c31033e8f2733aa0e42fc9bef9b055e09c4dccd9fafe565c,,1,,,,modal,0.0043,mimo-census-v1-modal-002352-oracle,,limit
format-code-task-002353,mimo-clean-v4,sha256:a07cd7e940c1ce356212bfa9055a7e8253e5a7dd70e64f4c3a28fd596aa2982b,,,clean,,n/a,modal,0.0072,mimo-census-v1-modal-002353-cheat,1.4.0,limit
format-code-task-002355,mimo-clean-v4,sha256:a081e4118d095a1e0b77846be3da6c4cdf17c582d1ba68c4c09e8cc5cacaf38b,,1,,,,modal,0.0043,mimo-census-v1-modal-002355-oracle,,limit
format-code-task-002376,mimo-clean-v4,sha256:b67c76c66947aa8818bb1a533f8b7244cd680adbdf37382f3bb453388f46ab47,0,1,,,,modal,0.0174,"mimo-census-v1-modal-002376-nop,mimo-census-v1-modal-002376-oracle",,limit
format-code-task-002382,mimo-clean-v4,sha256:42488cf7508a2bb9cdbc24f15dbbdf2c526502ec13d74581a03f3ef1317b9b74,,1,,,,modal,0.0043,mimo-census-v1-modal-002382-oracle,,limit
format-code-task-002386,mimo-clean-v4,sha256:23ada2b935a36c97b27c2e66b8ece139231dfa233cb5b94a46fc5cfe7d206bbc,,,clean,,n/a,modal,0.0072,mimo-census-v1-modal-002386-cheat,1.4.0,limit
format-code-task-002409,mimo-clean-v4,sha256:899b240071b218d5e493427c3fc9997be86ba842a99a1f7aadf36b5ed29cbb9d,,1,,,,modal,0.0043,mimo-census-v1-modal-002409-oracle,,limit
format-code-task-002410,mimo-clean-v4,sha256:f30fb8f085b6c5fc992c2f74fe6b01cea4671e0b2e5ff1b81e3fdf60cd65ba93,,,clean,,,modal,0.0072,mimo-census-v1-modal-002410-cheat,1.4.0,limit
format-code-task-002413,mimo-clean-v4,sha256:dd9d4ea4d3d4c3578c01547c164521d3e9ca672a044a7bc832e0a85f650be896,,1,,,,modal,0.0043,mimo-census-v1-modal-002413-oracle,,limit
format-code-task-002419,mimo-clean-v4,sha256:d668df6cf99f79104b5316e243bb667706c2e822b1c27a523adfc9a302186f46,0-noexec,fail:0,,,,modal,0.0174,"mimo-census-v1-modal-002419-nop,mimo-census-v1-modal-002419-oracle",,limit
format-code-task-002460,mimo-clean-v4,sha256:49b1829e192e73f6112ca48037588eae1aca01f7b3c1f0657a1abdb465c9cabb,,1,clean,,,modal,0.0119,"mimo-census-v1-modal-002460-cheat,mimo-census-v1-modal-002460-oracle",1.4.0,limit
format-code-task-002462,mimo-clean-v4,sha256:5cf068d54e8e5afd689e2496a5ae998cd92091711f1baee70495ea27a187c47f,,,clean,,n/a,modal,0.0072,mimo-census-v1-modal-002462-cheat,1.4.0,limit
format-code-task-002466,mimo-clean-v4,sha256:dc7e36992e80fc82da3ece66ba7e08aa1e4dedeab5cbc4210657f8f02acb0305,,1,clean,,,modal,0.0119,"mimo-census-v1-modal-002466-cheat,mimo-census-v1-modal-002466-oracle",1.4.0,limit
format-code-task-002493,mimo-clean-v4,sha256:28d41b28818d4abe63954f33718f8cc88b08cd193c2f2dc14bdc932ef8cf3ae9,0,1,,,,modal,0.0174,"mimo-census-v1-modal-002493-nop,mimo-census-v1-modal-002493-oracle",,limit
format-code-task-002504,mimo-clean-v4,sha256:13120972bd15883b87f14199093d03e0455e6dd9e61ad37d2ef0f037f153460c,,1,,,,modal,0.0043,mimo-census-v1-modal-002504-oracle,,limit
format-code-task-002507,mimo-clean-v4,sha256:717c503be92b7feb7c99fcc51f17aa75e6423370fa6f353970c3f68934bbf682,,1,,,,modal,0.0043,mimo-census-v1-modal-002507-oracle,,limit
format-code-task-002508,mimo-clean-v4,sha256:094b1fec3d1acf684c3b2508b93e22a9f5cd4e9eb9dd54063111570a6d1a721d,,fail:0,,,,modal,0.0043,mimo-census-v1-modal-002508-oracle,,limit
format-code-task-002511,mimo-clean-v4,sha256:1582db6efb7606d0e7ce39c05fe711e592e72deacf0a6fc1b4e9b48f8b74c492,0,1,,,,modal,0.0174,"mimo-census-v1-modal-002511-nop,mimo-census-v1-modal-002511-oracle",,limit
format-code-task-002523,mimo-clean-v4,sha256:d5bc9fce4a3747c56e83b970a5b776c6ed33f80ff1966a44a6380d3098487e5f,,1,,,,modal,0.0043,mimo-census-v1-modal-002523-oracle,,limit
format-code-task-002535,mimo-clean-v4,sha256:6726924b9e1c153115cfc9b4d540b716104368d13f5e5447e9bc6064b14c41f6,,1-noexec,,,,modal,0.0043,mimo-census-v1-modal-002535-oracle,,limit
format-code-task-002536,mimo-clean-v4,sha256:e08773495b29518c1a859e6c7412d849cdc7b6a70fd571793db2d9c626cd0d96,,1,,,,modal,0.0043,mimo-census-v1-modal-002536-oracle,,limit
format-code-task-002538,mimo-clean-v4,sha256:18c6e163c788ff808b45322ee1b3cf2a1a23de59741bb29ab888d764244677ab,0,1,,,,modal,0.0174,"mimo-census-v1-modal-002538-nop,mimo-census-v1-modal-002538-oracle",,limit
format-code-task-002545,mimo-clean-v4,sha256:6fb3184c2897271f3dd4ea5da4a6abdf4d23ec10c0b4a66bcc96c9c3802c90bb,,1,,,,modal,0.0339,mimo-census-v1-modal-002545-oracle,,limit
format-code-task-002552,mimo-clean-v4,sha256:4d828ebf8123b84f50283c7c4ff238460d59c0c40ac12384c136b38b8f7e7cdb,0,1,clean,,,docker,0.00,"mimo-census-v1-docker-002552-nop,mimo-census-v1-docker-002552-oracle,mimo-census-v1-docker-002552-cheat,mimo-census-v1-docker-002552-cheat-attempt2",1.4.0,auto
format-code-task-002552,mimo-clean-v4,sha256:4d828ebf8123b84f50283c7c4ff238460d59c0c40ac12384c136b38b8f7e7cdb,0,1,clean,,,modal,0.0058,"mimo-census-v1-modal-002552-nop,mimo-census-v1-modal-002552-oracle,mimo-census-v1-modal-002552-cheat",1.4.0,limit
format-code-task-002607,mimo-clean-v4,sha256:ea225c57adcbccdcf8c65a66cf133c018d13f702c17332a20dc923e391b5af04,,,unscored,,n/a,modal,0.0260,"mimo-census-v1-modal-002607-cheat,mimo-census-v1-modal-002607-cheat-attempt2",1.4.0,limit
format-code-task-002611,mimo-clean-v4,sha256:3d3bf7038ff4052087d28f99acd0b40b32a2f90fc557597cd537deceb12c8762,0-noexec,1-noexec,,,,modal,0.0174,"mimo-census-v1-modal-002611-nop,mimo-census-v1-modal-002611-oracle",,limit
format-code-task-002615,mimo-clean-v4,sha256:83cbc105b5a28291c32f626343c85b187b2ce987441a7c6141b58e2bc2a906cd,,fail:0,,,,modal,0.0043,mimo-census-v1-modal-002615-oracle,,limit
format-code-task-002618,mimo-clean-v4,sha256:12b63997b4c5d64b8b010150b3aaac2b89abe0eb5f6677f0d0e3f3bb59d8e183,,,clean,,,modal,0.0072,mimo-census-v1-modal-002618-cheat,1.4.0,limit
format-code-task-002661,mimo-clean-v4,sha256:d903f63f69f9a19b0b6822ab001396ff5bc74518c3c30977df2ccf9564d65ece,0-noexec,1-noexec,,,,modal,0.0174,"mimo-census-v1-modal-002661-nop,mimo-census-v1-modal-002661-oracle",,limit
format-code-task-002664,mimo-clean-v4,sha256:a11ca5b437e044c414d0845dd424275e666560594b96a5564b803a101c9910ac,0,1,,,,modal,0.0174,"mimo-census-v1-modal-002664-nop,mimo-census-v1-modal-002664-oracle",,limit
format-code-task-002676,mimo-clean-v4,sha256:03e313e54f651d82b6c1e4ee9ef15b024a3db91fe8a51db4b8d17616739a6b3b,,,clean,,n/a,modal,0.0072,mimo-census-v1-modal-002676-cheat,1.4.0,limit
format-code-task-002691,mimo-clean-v4,sha256:c3157366427cb5ecf85f04146085e4045bb3aee310b1248da2859b4e9dc4d59c,,,clean,,n/a,modal,0.0072,mimo-census-v1-modal-002691-cheat,1.4.0,limit
format-code-task-002703,mimo-clean-v4,sha256:92381dcc22ee0bf19972f258b9b338b0c87cfa97c2e5212bc0fef1a468b8af39,,,clean,,n/a,modal,0.0072,mimo-census-v1-modal-002703-cheat,1.4.0,limit
format-code-task-002709,mimo-clean-v4,sha256:34517f56322b55aecf334a85bb5313e81bfcb8ea17905d61b5144a7638739bc4,,1,,,,modal,0.0043,mimo-census-v1-modal-002709-oracle,,limit
format-code-task-002726,mimo-clean-v4,sha256:36c7dc0ba43f0311b634eb36487d7d962a03fa00f45dd426a2ecda3ab359abfa,,1,,,,modal,0.0043,mimo-census-v1-modal-002726-oracle,,limit
format-code-task-002742,mimo-clean-v4,sha256:8d3ce67d8ed9434e9687c861f422e4b009231f8e9073d916df7f613c9a19c9f6,,1,,,,modal,0.0339,mimo-census-v1-modal-002742-oracle,,limit
format-code-task-002770,mimo-clean-v4,sha256:d7aa21c6827ef74b65278192abe1a250ff585b744825c350bad2d0c761ca5b85,,,clean,,n/a,modal,0.0072,mimo-census-v1-modal-002770-cheat,1.4.0,limit
format-code-task-002786,mimo-clean-v4,sha256:aec54058a67f39602bdfeb4bda6a35fec335270a98da80980376658e0c2ffe83,,,clean,,,modal,0.0072,mimo-census-v1-modal-002786-cheat,1.4.0,limit
format-code-task-002814,mimo-clean-v4,sha256:c271880933812cf5d1edd4a0c67be1dce739d4a8d3a657ac400c43a31d46854b,,,clean,,n/a,modal,0.0072,mimo-census-v1-modal-002814-cheat,1.4.0,limit
format-code-task-002816,mimo-clean-v4,sha256:c559c4c1327c3a9d16b068b6a918cdecf772cd4faa085161fb152d248e597310,,,clean,,n/a,modal,0.0072,mimo-census-v1-modal-002816-cheat,1.4.0,limit
format-code-task-002854,mimo-clean-v4,sha256:1289abd631983a4016a16d39ac5a752319acde7d64c71f8e545f7275ee456d9a,,,clean,,n/a,modal,0.0072,mimo-census-v1-modal-002854-cheat,1.4.0,limit
format-code-task-002865,mimo-clean-v4,sha256:8805555e0629e571a32197009dbd879c98ea4a505640db654ebe79f692c11806,,1,,,,modal,0.0043,mimo-census-v1-modal-002865-oracle,,limit
format-code-task-002867,mimo-clean-v4,sha256:bf6ee2084b520f44dd2dcce0dc6f2c9d2797741e4e66789c1d82d37c2a1ae6a7,0,1,,,,modal,0.0174,"mimo-census-v1-modal-002867-nop,mimo-census-v1-modal-002867-oracle",,limit
format-code-task-002873,mimo-clean-v4,sha256:a11204cda890ae1e75489a6180639290fe61aa5f1e256fea0568e17041b6fdaf,,1,,,,modal,0.0043,mimo-census-v1-modal-002873-oracle,,limit
format-code-task-002879,mimo-clean-v4,sha256:608a8bf3ad3ae8e2af768a94263aebeeb68ca5696abfa5a58a18514faa1bd11a,,,clean,,n/a,modal,0.0072,mimo-census-v1-modal-002879-cheat,1.4.0,limit
format-code-task-002940,mimo-clean-v4,sha256:e385493ebc19bdff528fe68729fefc84ecd488324ea5e104aed1583d8f5e717a,,,clean,,,modal,0.0072,mimo-census-v1-modal-002940-cheat,1.4.0,limit
format-code-task-002941,mimo-clean-v4,sha256:e1484df1314e587f7e969755108821ccb08799fd33291466119087181fd78aac,,1,,,,modal,0.0043,mimo-census-v1-modal-002941-oracle,,limit
format-code-task-002964,mimo-clean-v4,sha256:90546b605756bd17cb072cd796191265691f37aa45f4294060a26332cd82de17,,,clean,,,modal,0.0072,mimo-census-v1-modal-002964-cheat,1.4.0,limit
format-code-task-002978,mimo-clean-v4,sha256:f9b8e284a7079e9a58a767c558c00f955ba983b29e3501c77f172d331f7e0bf4,,,clean,,n/a,modal,0.0072,mimo-census-v1-modal-002978-cheat,1.4.0,limit
format-code-task-002982,mimo-clean-v4,sha256:566bd437c193e5b72e6e3424b24a91efb49b2312dfbe51c85a76ab3730598958,,,clean,,n/a,modal,0.0072,mimo-census-v1-modal-002982-cheat,1.4.0,limit
format-code-task-002994,mimo-clean-v4,sha256:c1506ebe112531fd77fa672886e4e4736b35f20b5ec5ef942efc853f1a6778c3,,,clean,,,modal,0.0072,mimo-census-v1-modal-002994-cheat,1.4.0,limit
format-code-task-002995,mimo-clean-v4,sha256:d406a15c5d333281c781febecab7e9f7de9ad232a96286aaaaf9f7e4eef20d91,,fail:0,,,,modal,0.0043,mimo-census-v1-modal-002995-oracle,,limit
format-code-task-002996,mimo-clean-v4,sha256:90d7a0609285913cbebbd266ccc4ee9ba91101a3666a808ac0b4adeae57dcdbf,,1,,,,modal,0.0043,mimo-census-v1-modal-002996-oracle,,limit
format-code-task-003023,mimo-clean-v4,sha256:fb2cc81816ac1167bab3cb7cbb0638751a7fa6ef921c4aa4e45d5a6e8c47d041,,fail:0,,,,modal,0.0043,mimo-census-v1-modal-003023-oracle,,limit
format-code-task-003025,mimo-clean-v4,sha256:f8e78afa07ea320ca1695358e6729d47f97ff674c2d7322764973e621a861420,,,clean,,n/a,modal,0.0072,mimo-census-v1-modal-003025-cheat,1.4.0,limit
format-code-task-003035,mimo-clean-v4,sha256:71957fbe4d02cb0524a8e36eada04948fd96f6eef0a7d3dcc2bdd998ef6505d3,,1-noexec,,,,modal,0.0043,mimo-census-v1-modal-003035-oracle,,limit
