job,trial,card,reward,label,copy_matched_lines,copy_added_lines,copy_source_steps,scan_fetch_attempts,scan_fetch_succeeded,trial_dir
HAR-104-har104-d-000226~har104-runs,har104-d-000226__JCDfZFi,HAR-104,1.0,copied pass (unknown),8,15,5,1,1,2026-09-30/HAR-104-har104-d-000226~har104-runs/har104-d-000226__JCDfZFi
HAR-104-har104-d-000927,har104-d-000927__23aAzui,HAR-104,1.0,copied pass (unknown),35,37,13 14 15 22,3,2,2026-09-30/HAR-104-har104-d-000927/har104-d-000927__23aAzui
HAR-110-gepa-terminus-2-format-code-task-001-c074cb87ddff7e1368343d33,gepa-terminus-2-format-code-task__CFCbfps,HAR-110,1.0,copied pass (unknown),39,39,22 23 24 25 32,2,1,2026-09-30/HAR-110-gepa-terminus-2-format-code-task-001-c074cb87ddff7e1368343d33/gepa-terminus-2-format-code-task__CFCbfps
HAR-116-har116-b-000927-original,har116-b-000927-original__kvyP9fr,HAR-116,1.0,copied pass (unknown),25,44,9 10 12,2,1,2026-10-01/HAR-116-har116-b-000927-original/har116-b-000927-original__kvyP9fr
HAR-116-har116-b-002308-leakclosed,har116-b-002308-leakclosed__idknFAu,HAR-116,1.0,copied pass (unknown),148,3018,18 19 20 22,2,0,2026-10-01/HAR-116-har116-b-002308-leakclosed/har116-b-002308-leakclosed__idknFAu
HAR-116-har116-b-002308-original,har116-b-002308-original__oYziU3z,HAR-116,1.0,copied pass (unknown),13,3022,6 8 21,1,0,2026-10-01/HAR-116-har116-b-002308-original/har116-b-002308-original__oYziU3z
HAR-120-har120-000341-a1,har120-000341-a1__MYkGYQZ,HAR-120,1.0,copied pass (unknown),26,49,41 42 44,3,1,2026-10-01/HAR-120-har120-000341-a1/har120-000341-a1__MYkGYQZ
HAR-120-har120-001269-a2-r2,har120-001269-a2-r2__93WpuaE,HAR-120,1.0,copied pass (unknown),18,18,7,3,0,2026-10-01/HAR-120-har120-001269-a2-r2/har120-001269-a2-r2__93WpuaE
HAR-120-har120-001373-a2-r2,har120-001373-a2-r2__LfAWGFC,HAR-120,1.0,copied pass (unknown),6,6,10 12,1,1,2026-10-01/HAR-120-har120-001373-a2-r2/har120-001373-a2-r2__LfAWGFC
HAR-120-har120-002356-a1-r2,har120-002356-a1-r2__nHVDgFh,HAR-120,1.0,copied pass (unknown),41,44,15 16,2,1,2026-10-01/HAR-120-har120-002356-a1-r2/har120-002356-a1-r2__nHVDgFh
HAR-126-ovn-g5-000169-tuned,ovn-g5-000169-tuned__CxBpceW,HAR-126,1.0,copied pass (unknown),42,43,22 23 24,3,1,2026-10-01/HAR-126-ovn-g5-000169-tuned/ovn-g5-000169-tuned__CxBpceW
HAR-104-har104-d-000383,har104-d-000383__PmZMZ6z,HAR-104,0.0,fail,,,,0,0,2026-09-30/HAR-104-har104-d-000383/har104-d-000383__PmZMZ6z
HAR-104-har104-d-001832,har104-d-001832__d7Hop8E,HAR-104,0.0,fail,,,,0,0,2026-09-30/HAR-104-har104-d-001832/har104-d-001832__d7Hop8E
HAR-104-har104-d-001896~har104-runs,har104-d-001896__MDkTErY,HAR-104,0.0,fail,,,,0,0,2026-09-30/HAR-104-har104-d-001896~har104-runs/har104-d-001896__MDkTErY
HAR-104-har104-d-002256,har104-d-002256__RDffvXQ,HAR-104,0.0,fail,,,,0,0,2026-09-30/HAR-104-har104-d-002256/har104-d-002256__RDffvXQ
HAR-104-har104-d-002259,har104-d-002259__cptLF6h,HAR-104,0.0,fail,,,,0,0,2026-09-30/HAR-104-har104-d-002259/har104-d-002259__cptLF6h
HAR-104-har104-d-002407,har104-d-002407__LRiiKmy,HAR-104,0.0,fail,,,,2,1,2026-09-30/HAR-104-har104-d-002407/har104-d-002407__LRiiKmy
HAR-110-gepa-terminus-2-format-code-task-000-9862796a5e5624e818ab5f04,gepa-terminus-2-format-code-task__bo5YsYL,HAR-110,0.0,fail,,,,0,0,2026-09-30/HAR-110-gepa-terminus-2-format-code-task-000-9862796a5e5624e818ab5f04/gepa-terminus-2-format-code-task__bo5YsYL
HAR-110-gepa-terminus-2-format-code-task-001-d1471e1b2701d6d1765ff1df,gepa-terminus-2-format-code-task__7RJJeFg,HAR-110,0.0,fail,,,,0,0,2026-09-30/HAR-110-gepa-terminus-2-format-code-task-001-d1471e1b2701d6d1765ff1df/gepa-terminus-2-format-code-task__7RJJeFg
HAR-110-gepa-terminus-2-format-code-task-001-f1d48fcf652ab5d801068db1,gepa-terminus-2-format-code-task__XuSksWC,HAR-110,0.0,fail,,,,2,0,2026-09-30/HAR-110-gepa-terminus-2-format-code-task-001-f1d48fcf652ab5d801068db1/gepa-terminus-2-format-code-task__XuSksWC
HAR-110-gepa-terminus-2-format-code-task-002-2700aa59352626e20aff4ed8,gepa-terminus-2-format-code-task__X2dMzMw,HAR-110,0.0,fail,,,,0,0,2026-09-30/HAR-110-gepa-terminus-2-format-code-task-002-2700aa59352626e20aff4ed8/gepa-terminus-2-format-code-task__X2dMzMw
HAR-110-gepa-terminus-2-format-code-task-002-a951229932dc90303c90215d,gepa-terminus-2-format-code-task__8FqvKUU,HAR-110,0.0,fail,,,,0,0,2026-09-30/HAR-110-gepa-terminus-2-format-code-task-002-a951229932dc90303c90215d/gepa-terminus-2-format-code-task__8FqvKUU
HAR-110-gepa-terminus-2-format-code-task-002-f785358f50e70ab387a1ba6c,gepa-terminus-2-format-code-task__Ey8Vxsr,HAR-110,0.0,fail,,,,0,0,2026-09-30/HAR-110-gepa-terminus-2-format-code-task-002-f785358f50e70ab387a1ba6c/gepa-terminus-2-format-code-task__Ey8Vxsr
HAR-110-har110-000495-gepa,har110-000495-gepa__eEzm4kr,HAR-110,0.0,fail,,,,0,0,2026-09-30/HAR-110-har110-000495-gepa/har110-000495-gepa__eEzm4kr
HAR-110-har110-000495-plain,har110-000495-plain__mDTBFAW,HAR-110,0.0,fail,,,,0,0,2026-09-30/HAR-110-har110-000495-plain/har110-000495-plain__mDTBFAW
HAR-110-har110-000495-seed,har110-000495-seed__dimG2yD,HAR-110,0.0,fail,,,,0,0,2026-09-30/HAR-110-har110-000495-seed/har110-000495-seed__dimG2yD
HAR-110-har110-000587-gepa,har110-000587-gepa__SciJPNn,HAR-110,0.0,fail,,,,0,0,2026-09-30/HAR-110-har110-000587-gepa/har110-000587-gepa__SciJPNn
HAR-110-har110-000587-plain,har110-000587-plain__5NNxU35,HAR-110,0.0,fail,,,,0,0,2026-09-30/HAR-110-har110-000587-plain/har110-000587-plain__5NNxU35
HAR-110-har110-000587-seed,har110-000587-seed__perD9bE,HAR-110,0.0,fail,,,,0,0,2026-09-30/HAR-110-har110-000587-seed/har110-000587-seed__perD9bE
HAR-110-har110-001161-gepa,har110-001161-gepa__kLkGSnR,HAR-110,0.0,fail,,,,0,0,2026-09-30/HAR-110-har110-001161-gepa/har110-001161-gepa__kLkGSnR
HAR-110-har110-001161-plain,har110-001161-plain__RZ8qyUu,HAR-110,0.0,fail,,,,5,4,2026-09-30/HAR-110-har110-001161-plain/har110-001161-plain__RZ8qyUu
HAR-110-har110-001161-seed,har110-001161-seed__jj2vEqJ,HAR-110,0.0,fail,,,,0,0,2026-09-30/HAR-110-har110-001161-seed/har110-001161-seed__jj2vEqJ
HAR-110-har110-001181-gepa,har110-001181-gepa__i4RTJT9,HAR-110,0.0,fail,,,,0,0,2026-09-30/HAR-110-har110-001181-gepa/har110-001181-gepa__i4RTJT9
HAR-110-har110-001181-plain,har110-001181-plain__AnjbfwU,HAR-110,0.0,fail,,,,1,1,2026-09-30/HAR-110-har110-001181-plain/har110-001181-plain__AnjbfwU
HAR-110-har110-001181-seed,har110-001181-seed__Q3rr6S4,HAR-110,0.0,fail,,,,0,0,2026-09-30/HAR-110-har110-001181-seed/har110-001181-seed__Q3rr6S4
HAR-110-har110-dev-000383-cfe31418,har110-dev-000383-cfe31418__L7nGNNi,HAR-110,0.0,fail,,,,0,0,2026-09-30/HAR-110-har110-dev-000383-cfe31418/har110-dev-000383-cfe31418__L7nGNNi
HAR-110-har110-dev-001832-cfe31418,har110-dev-001832-cfe31418__DbqpN36,HAR-110,0.0,fail,,,,0,0,2026-09-30/HAR-110-har110-dev-001832-cfe31418/har110-dev-001832-cfe31418__DbqpN36
HAR-110-har110-dev-002391-cfe31418,har110-dev-002391-cfe31418__MvXkrso,HAR-110,0.0,fail,,,,0,0,2026-09-30/HAR-110-har110-dev-002391-cfe31418/har110-dev-002391-cfe31418__MvXkrso
HAR-116-har116-a-000383-baseline,har116-a-000383-baseline__igrXg8R,HAR-116,0.0,fail,,,,1,0,2026-10-01/HAR-116-har116-a-000383-baseline/har116-a-000383-baseline__igrXg8R
HAR-116-har116-a-000383-loopfix-r2,har116-a-000383-loopfix-r2__cNEHjBa,HAR-116,0.0,fail,,,,0,0,2026-10-01/HAR-116-har116-a-000383-loopfix-r2/har116-a-000383-loopfix-r2__cNEHjBa
HAR-116-har116-a-000495-baseline,har116-a-000495-baseline__DiGmEPC,HAR-116,0.0,fail,,,,0,0,2026-10-01/HAR-116-har116-a-000495-baseline/har116-a-000495-baseline__DiGmEPC
HAR-116-har116-a-000587-baseline,har116-a-000587-baseline__Vuxk2nX,HAR-116,0.0,fail,,,,0,0,2026-10-01/HAR-116-har116-a-000587-baseline/har116-a-000587-baseline__Vuxk2nX
HAR-116-har116-a-001161-baseline,har116-a-001161-baseline__DwYZaia,HAR-116,0.0,fail,,,,6,2,2026-10-01/HAR-116-har116-a-001161-baseline/har116-a-001161-baseline__DwYZaia
HAR-116-har116-a-001161-loopfix-r2,har116-a-001161-loopfix-r2__uo7QDVh,HAR-116,0.0,fail,,,,4,3,2026-10-01/HAR-116-har116-a-001161-loopfix-r2/har116-a-001161-loopfix-r2__uo7QDVh
HAR-116-har116-a-001181-baseline,har116-a-001181-baseline__cK5qZMf,HAR-116,0.0,fail,,,,0,0,2026-10-01/HAR-116-har116-a-001181-baseline/har116-a-001181-baseline__cK5qZMf
HAR-116-har116-a-001181-loopfix-r2,har116-a-001181-loopfix-r2__ZhWHNno,HAR-116,0.0,fail,,,,0,0,2026-10-01/HAR-116-har116-a-001181-loopfix-r2/har116-a-001181-loopfix-r2__ZhWHNno
HAR-116-har116-a-001832-baseline,har116-a-001832-baseline__9jhqCTW,HAR-116,0.0,fail,,,,0,0,2026-10-01/HAR-116-har116-a-001832-baseline/har116-a-001832-baseline__9jhqCTW
HAR-116-har116-a-001832-loopfix-r2,har116-a-001832-loopfix-r2__RL4Q8AX,HAR-116,0.0,fail,,,,0,0,2026-10-01/HAR-116-har116-a-001832-loopfix-r2/har116-a-001832-loopfix-r2__RL4Q8AX
HAR-116-har116-a-001896-baseline,har116-a-001896-baseline__mBFMKax,HAR-116,0.0,fail,,,,0,0,2026-10-01/HAR-116-har116-a-001896-baseline/har116-a-001896-baseline__mBFMKax
HAR-116-har116-a-001896-loopfix-r2,har116-a-001896-loopfix-r2__Wmwi4NK,HAR-116,0.0,fail,,,,0,0,2026-10-01/HAR-116-har116-a-001896-loopfix-r2/har116-a-001896-loopfix-r2__Wmwi4NK
HAR-116-har116-a-002256-baseline,har116-a-002256-baseline__uRsPnvZ,HAR-116,0.0,fail,,,,0,0,2026-10-01/HAR-116-har116-a-002256-baseline/har116-a-002256-baseline__uRsPnvZ
HAR-116-har116-a-002391-baseline,har116-a-002391-baseline__xZqrQkD,HAR-116,0.0,fail,,,,0,0,2026-10-01/HAR-116-har116-a-002391-baseline/har116-a-002391-baseline__xZqrQkD
HAR-116-har116-a-002864-baseline,har116-a-002864-baseline__LnaWDq6,HAR-116,0.0,fail,,,,0,0,2026-10-01/HAR-116-har116-a-002864-baseline/har116-a-002864-baseline__LnaWDq6
HAR-116-har116-b-000146-leakclosed,har116-b-000146-leakclosed__UsngzaQ,HAR-116,0.0,fail,,,,0,0,2026-10-01/HAR-116-har116-b-000146-leakclosed/har116-b-000146-leakclosed__UsngzaQ
HAR-116-har116-b-000146-original,har116-b-000146-original__JT6tRiN,HAR-116,0.0,fail,,,,1,1,2026-10-01/HAR-116-har116-b-000146-original/har116-b-000146-original__JT6tRiN
HAR-116-har116-b-000226-leakclosed,har116-b-000226-leakclosed__K9ddjiP,HAR-116,0.0,fail,,,,1,0,2026-10-01/HAR-116-har116-b-000226-leakclosed/har116-b-000226-leakclosed__K9ddjiP
HAR-116-har116-b-000226-original,har116-b-000226-original__JTEerfm,HAR-116,0.0,fail,,,,0,0,2026-10-01/HAR-116-har116-b-000226-original/har116-b-000226-original__JTEerfm
HAR-116-har116-b-000927-leakclosed,har116-b-000927-leakclosed__Sj3aGEg,HAR-116,0.0,fail,,,,0,0,2026-10-01/HAR-116-har116-b-000927-leakclosed/har116-b-000927-leakclosed__Sj3aGEg
HAR-116-har116-b-002402-leakclosed,har116-b-002402-leakclosed__X7nGHNs,HAR-116,0.0,fail,,,,0,0,2026-10-01/HAR-116-har116-b-002402-leakclosed/har116-b-002402-leakclosed__X7nGHNs
HAR-120-har120-000227-a1,har120-000227-a1__7WRBQ4u,HAR-120,0.0,fail,,,,0,0,2026-10-01/HAR-120-har120-000227-a1/har120-000227-a1__7WRBQ4u
HAR-120-har120-000227-a2-r2,har120-000227-a2-r2__RwjTt9d,HAR-120,0.0,fail,,,,0,0,2026-10-01/HAR-120-har120-000227-a2-r2/har120-000227-a2-r2__RwjTt9d
HAR-120-har120-000341-a2-r2,har120-000341-a2-r2__MSDHRHS,HAR-120,0.0,fail,,,,0,0,2026-10-01/HAR-120-har120-000341-a2-r2/har120-000341-a2-r2__MSDHRHS
HAR-120-har120-000552-a1,har120-000552-a1__WdaAJgE,HAR-120,0.0,fail,,,,0,0,2026-10-01/HAR-120-har120-000552-a1/har120-000552-a1__WdaAJgE
HAR-120-har120-000666-a1,har120-000666-a1__mZosYxT,HAR-120,0.0,fail,,,,0,0,2026-10-01/HAR-120-har120-000666-a1/har120-000666-a1__mZosYxT
HAR-120-har120-000666-a2-r2,har120-000666-a2-r2__MdWhGXb,HAR-120,0.0,fail,,,,0,0,2026-10-01/HAR-120-har120-000666-a2-r2/har120-000666-a2-r2__MdWhGXb
HAR-120-har120-000803-a1,har120-000803-a1__xWzxKCn,HAR-120,0.0,fail,,,,0,0,2026-10-01/HAR-120-har120-000803-a1/har120-000803-a1__xWzxKCn
HAR-120-har120-000803-a2-r2,har120-000803-a2-r2__QyoYej6,HAR-120,0.0,fail,,,,0,0,2026-10-01/HAR-120-har120-000803-a2-r2/har120-000803-a2-r2__QyoYej6
HAR-120-har120-000813-a1,har120-000813-a1__WXXsNxw,HAR-120,0.0,fail,,,,8,0,2026-10-01/HAR-120-har120-000813-a1/har120-000813-a1__WXXsNxw
HAR-120-har120-000813-a2-r2,har120-000813-a2-r2__Ci3xbwU,HAR-120,0.0,fail,,,,1,0,2026-10-01/HAR-120-har120-000813-a2-r2/har120-000813-a2-r2__Ci3xbwU
HAR-120-har120-000838-a2-r2,har120-000838-a2-r2__XnnRuwu,HAR-120,0.0,fail,,,,1,0,2026-10-01/HAR-120-har120-000838-a2-r2/har120-000838-a2-r2__XnnRuwu
HAR-120-har120-000865-a1,har120-000865-a1__a2TWzyM,HAR-120,0.0,fail,,,,0,0,2026-10-01/HAR-120-har120-000865-a1/har120-000865-a1__a2TWzyM
HAR-120-har120-000865-a2-r2,har120-000865-a2-r2__T8MhMX4,HAR-120,0.0,fail,,,,0,0,2026-10-01/HAR-120-har120-000865-a2-r2/har120-000865-a2-r2__T8MhMX4
HAR-120-har120-000941-a1,har120-000941-a1__arZdiNe,HAR-120,0.0,fail,,,,0,0,2026-10-01/HAR-120-har120-000941-a1/har120-000941-a1__arZdiNe
HAR-120-har120-001265-a1,har120-001265-a1__3sBRy7Y,HAR-120,0.0,fail,,,,1,0,2026-10-01/HAR-120-har120-001265-a1/har120-001265-a1__3sBRy7Y
HAR-120-har120-001265-a2-r2,har120-001265-a2-r2__fpm7nFz,HAR-120,0.0,fail,,,,0,0,2026-10-01/HAR-120-har120-001265-a2-r2/har120-001265-a2-r2__fpm7nFz
HAR-120-har120-001269-a1,har120-001269-a1__y3Wy5Ku,HAR-120,0.0,fail,,,,6,0,2026-10-01/HAR-120-har120-001269-a1/har120-001269-a1__y3Wy5Ku
HAR-120-har120-001373-a1,har120-001373-a1__vHMkbJW,HAR-120,0.0,fail,,,,0,0,2026-10-01/HAR-120-har120-001373-a1/har120-001373-a1__vHMkbJW
HAR-120-har120-001399-a1,har120-001399-a1__fwLaw2U,HAR-120,0.0,fail,,,,0,0,2026-10-01/HAR-120-har120-001399-a1/har120-001399-a1__fwLaw2U
HAR-120-har120-001609-a1-r2,har120-001609-a1-r2__vwLGuFL,HAR-120,0.0,fail,,,,0,0,2026-10-01/HAR-120-har120-001609-a1-r2/har120-001609-a1-r2__vwLGuFL
HAR-120-har120-001618-a1-r2,har120-001618-a1-r2__8whFQDY,HAR-120,0.0,fail,,,,0,0,2026-10-01/HAR-120-har120-001618-a1-r2/har120-001618-a1-r2__8whFQDY
HAR-120-har120-001661-a1,har120-001661-a1__xdRDCYr,HAR-120,0.0,fail,,,,0,0,2026-10-01/HAR-120-har120-001661-a1/har120-001661-a1__xdRDCYr
HAR-120-har120-001710-a1,har120-001710-a1__BLMKCZN,HAR-120,0.0,fail,,,,0,0,2026-10-01/HAR-120-har120-001710-a1/har120-001710-a1__BLMKCZN
HAR-120-har120-001820-a1-r2,har120-001820-a1-r2__dUGBXgX,HAR-120,0.0,fail,,,,0,0,2026-10-01/HAR-120-har120-001820-a1-r2/har120-001820-a1-r2__dUGBXgX
HAR-120-har120-001865-a1-r2,har120-001865-a1-r2__TjQQ4fV,HAR-120,0.0,fail,,,,0,0,2026-10-01/HAR-120-har120-001865-a1-r2/har120-001865-a1-r2__TjQQ4fV
HAR-120-har120-001897-a1,har120-001897-a1__6AyLy9W,HAR-120,0.0,fail,,,,0,0,2026-10-01/HAR-120-har120-001897-a1/har120-001897-a1__6AyLy9W
HAR-120-har120-002104-a1-r2,har120-002104-a1-r2__NuAxYam,HAR-120,0.0,fail,,,,0,0,2026-10-01/HAR-120-har120-002104-a1-r2/har120-002104-a1-r2__NuAxYam
HAR-120-har120-002393-a1-r2,har120-002393-a1-r2__eFhhz27,HAR-120,0.0,fail,,,,0,0,2026-10-01/HAR-120-har120-002393-a1-r2/har120-002393-a1-r2__eFhhz27
HAR-120-har120-002680-a1,har120-002680-a1__Ci4bEkf,HAR-120,0.0,fail,,,,0,0,2026-10-01/HAR-120-har120-002680-a1/har120-002680-a1__Ci4bEkf
HAR-126-ovn-g5-000169-stock,ovn-g5-000169-stock__npH4TqV,HAR-126,0.0,fail,,,,0,0,2026-10-01/HAR-126-ovn-g5-000169-stock/ovn-g5-000169-stock__npH4TqV
HAR-126-ovn-g5-000332-stock,ovn-g5-000332-stock__Xn3uN4Q,HAR-126,0.0,fail,,,,0,0,2026-10-01/HAR-126-ovn-g5-000332-stock/ovn-g5-000332-stock__Xn3uN4Q
HAR-126-ovn-g5-000521-gepa,ovn-g5-000521-gepa__2rqo6EY,HAR-126,0.0,fail,,,,0,0,2026-10-01/HAR-126-ovn-g5-000521-gepa/ovn-g5-000521-gepa__2rqo6EY
HAR-126-ovn-g5-000521-stock,ovn-g5-000521-stock__pjKC2mS,HAR-126,0.0,fail,,,,0,0,2026-10-01/HAR-126-ovn-g5-000521-stock/ovn-g5-000521-stock__pjKC2mS
HAR-126-ovn-g5-000521-tuned,ovn-g5-000521-tuned__TdWLAib,HAR-126,0.0,fail,,,,0,0,2026-10-01/HAR-126-ovn-g5-000521-tuned/ovn-g5-000521-tuned__TdWLAib
HAR-126-ovn-g5-000568-gepa,ovn-g5-000568-gepa__XXS7kMp,HAR-126,0.0,fail,,,,0,0,2026-10-01/HAR-126-ovn-g5-000568-gepa/ovn-g5-000568-gepa__XXS7kMp
HAR-126-ovn-g5-000568-stock,ovn-g5-000568-stock__Ri7YYN5,HAR-126,0.0,fail,,,,0,0,2026-10-01/HAR-126-ovn-g5-000568-stock/ovn-g5-000568-stock__Ri7YYN5
HAR-126-ovn-g5-000568-tuned,ovn-g5-000568-tuned__Zcbk6Ub,HAR-126,0.0,fail,,,,0,0,2026-10-01/HAR-126-ovn-g5-000568-tuned/ovn-g5-000568-tuned__Zcbk6Ub
HAR-126-ovn-g5-000842-gepa,ovn-g5-000842-gepa__7p54K7C,HAR-126,0.0,fail,,,,0,0,2026-10-01/HAR-126-ovn-g5-000842-gepa/ovn-g5-000842-gepa__7p54K7C
HAR-126-ovn-g5-000842-stock,ovn-g5-000842-stock__RUUQHiz,HAR-126,0.0,fail,,,,0,0,2026-10-01/HAR-126-ovn-g5-000842-stock/ovn-g5-000842-stock__RUUQHiz
HAR-126-ovn-g5-000842-tuned,ovn-g5-000842-tuned__GjjMiqx,HAR-126,0.0,fail,,,,0,0,2026-10-01/HAR-126-ovn-g5-000842-tuned/ovn-g5-000842-tuned__GjjMiqx
HAR-126-ovn-g5-001136-gepa,ovn-g5-001136-gepa__rexYV6K,HAR-126,0.0,fail,,,,0,0,2026-10-01/HAR-126-ovn-g5-001136-gepa/ovn-g5-001136-gepa__rexYV6K
HAR-126-ovn-g5-001136-stock,ovn-g5-001136-stock__jjgSG57,HAR-126,0.0,fail,,,,4,1,2026-10-01/HAR-126-ovn-g5-001136-stock/ovn-g5-001136-stock__jjgSG57
HAR-126-ovn-g5-001136-tuned,ovn-g5-001136-tuned__QTMzsEL,HAR-126,0.0,fail,,,,0,0,2026-10-01/HAR-126-ovn-g5-001136-tuned/ovn-g5-001136-tuned__QTMzsEL
HAR-126-ovn-g5-001241-gepa,ovn-g5-001241-gepa__6LNRk7d,HAR-126,0.0,fail,,,,0,0,2026-10-01/HAR-126-ovn-g5-001241-gepa/ovn-g5-001241-gepa__6LNRk7d
HAR-126-ovn-g5-001241-tuned,ovn-g5-001241-tuned__xKbAg3N,HAR-126,0.0,fail,,,,0,0,2026-10-01/HAR-126-ovn-g5-001241-tuned/ovn-g5-001241-tuned__xKbAg3N
HAR-126-ovn-g5-001285-gepa,ovn-g5-001285-gepa__waX6njT,HAR-126,0.0,fail,,,,0,0,2026-10-01/HAR-126-ovn-g5-001285-gepa/ovn-g5-001285-gepa__waX6njT
HAR-126-ovn-g5-001285-stock,ovn-g5-001285-stock__JvtxRFm,HAR-126,0.0,fail,,,,0,0,2026-10-01/HAR-126-ovn-g5-001285-stock/ovn-g5-001285-stock__JvtxRFm
HAR-126-ovn-g5-001285-tuned,ovn-g5-001285-tuned__WgPbz8K,HAR-126,0.0,fail,,,,0,0,2026-10-01/HAR-126-ovn-g5-001285-tuned/ovn-g5-001285-tuned__WgPbz8K
HAR-126-ovn-g5-001355-gepa,ovn-g5-001355-gepa__bJkSJkD,HAR-126,0.0,fail,,,,0,0,2026-10-01/HAR-126-ovn-g5-001355-gepa/ovn-g5-001355-gepa__bJkSJkD
HAR-126-ovn-g5-001355-stock,ovn-g5-001355-stock__ZHNXfvD,HAR-126,0.0,fail,,,,0,0,2026-10-01/HAR-126-ovn-g5-001355-stock/ovn-g5-001355-stock__ZHNXfvD
HAR-126-ovn-g5-001355-tuned,ovn-g5-001355-tuned__8UJMiQN,HAR-126,0.0,fail,,,,0,0,2026-10-01/HAR-126-ovn-g5-001355-tuned/ovn-g5-001355-tuned__8UJMiQN
HAR-126-ovn-g5-001606-gepa,ovn-g5-001606-gepa__ySwezhm,HAR-126,0.0,fail,,,,0,0,2026-10-01/HAR-126-ovn-g5-001606-gepa/ovn-g5-001606-gepa__ySwezhm
HAR-126-ovn-g5-001606-stock,ovn-g5-001606-stock__jePg8nP,HAR-126,0.0,fail,,,,0,0,2026-10-01/HAR-126-ovn-g5-001606-stock/ovn-g5-001606-stock__jePg8nP
HAR-126-ovn-g5-001606-tuned,ovn-g5-001606-tuned__MnCArfo,HAR-126,0.0,fail,,,,0,0,2026-10-01/HAR-126-ovn-g5-001606-tuned/ovn-g5-001606-tuned__MnCArfo
HAR-126-ovn-g5-001626-gepa,ovn-g5-001626-gepa__3kGXxof,HAR-126,0.0,fail,,,,0,0,2026-10-01/HAR-126-ovn-g5-001626-gepa/ovn-g5-001626-gepa__3kGXxof
HAR-126-ovn-g5-001626-tuned,ovn-g5-001626-tuned__fSkoQL7,HAR-126,0.0,fail,,,,0,0,2026-10-01/HAR-126-ovn-g5-001626-tuned/ovn-g5-001626-tuned__fSkoQL7
HAR-126-ovn-g5-001695-gepa,ovn-g5-001695-gepa__q4rVPoo,HAR-126,0.0,fail,,,,0,0,2026-10-01/HAR-126-ovn-g5-001695-gepa/ovn-g5-001695-gepa__q4rVPoo
HAR-126-ovn-g5-001695-tuned,ovn-g5-001695-tuned__HSdBDkF,HAR-126,0.0,fail,,,,0,0,2026-10-01/HAR-126-ovn-g5-001695-tuned/ovn-g5-001695-tuned__HSdBDkF
HAR-126-ovn-g5-001765-gepa,ovn-g5-001765-gepa__yHdbtvs,HAR-126,0.0,fail,,,,0,0,2026-10-01/HAR-126-ovn-g5-001765-gepa/ovn-g5-001765-gepa__yHdbtvs
HAR-126-ovn-g5-001765-tuned,ovn-g5-001765-tuned__rrXKUgY,HAR-126,0.0,fail,,,,0,0,2026-10-01/HAR-126-ovn-g5-001765-tuned/ovn-g5-001765-tuned__rrXKUgY
HAR-126-ovn-g5-001769-gepa,ovn-g5-001769-gepa__XKhJTpk,HAR-126,0.0,fail,,,,0,0,2026-10-01/HAR-126-ovn-g5-001769-gepa/ovn-g5-001769-gepa__XKhJTpk
HAR-126-ovn-g5-001769-stock,ovn-g5-001769-stock__qSPHRnf,HAR-126,0.0,fail,,,,0,0,2026-10-01/HAR-126-ovn-g5-001769-stock/ovn-g5-001769-stock__qSPHRnf
HAR-126-ovn-g5-001769-tuned,ovn-g5-001769-tuned__pHJnuZq,HAR-126,0.0,fail,,,,0,0,2026-10-01/HAR-126-ovn-g5-001769-tuned/ovn-g5-001769-tuned__pHJnuZq
HAR-126-ovn-g5-001797-gepa,ovn-g5-001797-gepa__W7cKEVT,HAR-126,0.0,fail,,,,0,0,2026-10-01/HAR-126-ovn-g5-001797-gepa/ovn-g5-001797-gepa__W7cKEVT
HAR-126-ovn-g5-001797-stock,ovn-g5-001797-stock__yGw88CW,HAR-126,0.0,fail,,,,2,0,2026-10-01/HAR-126-ovn-g5-001797-stock/ovn-g5-001797-stock__yGw88CW
HAR-126-ovn-g5-001797-tuned,ovn-g5-001797-tuned__L32LiEr,HAR-126,0.0,fail,,,,0,0,2026-10-01/HAR-126-ovn-g5-001797-tuned/ovn-g5-001797-tuned__L32LiEr
HAR-126-ovn-g5-001809-tuned,ovn-g5-001809-tuned__AUVzrvM,HAR-126,0.0,fail,,,,2,0,2026-10-01/HAR-126-ovn-g5-001809-tuned/ovn-g5-001809-tuned__AUVzrvM
HAR-126-ovn-g5-001833-stock,ovn-g5-001833-stock__UTVAfnN,HAR-126,0.0,fail,,,,0,0,2026-10-01/HAR-126-ovn-g5-001833-stock/ovn-g5-001833-stock__UTVAfnN
HAR-126-ovn-g5-001833-tuned,ovn-g5-001833-tuned__rNpMkcb,HAR-126,0.0,fail,,,,0,0,2026-10-01/HAR-126-ovn-g5-001833-tuned/ovn-g5-001833-tuned__rNpMkcb
HAR-126-ovn-g5-002017-gepa,ovn-g5-002017-gepa__qQJWeCc,HAR-126,0.0,fail,,,,1,0,2026-10-01/HAR-126-ovn-g5-002017-gepa/ovn-g5-002017-gepa__qQJWeCc
HAR-126-ovn-g5-002017-stock,ovn-g5-002017-stock__be4xo9x,HAR-126,0.0,fail,,,,0,0,2026-10-01/HAR-126-ovn-g5-002017-stock/ovn-g5-002017-stock__be4xo9x
HAR-126-ovn-g5-002017-tuned,ovn-g5-002017-tuned__SWc4xbr,HAR-126,0.0,fail,,,,0,0,2026-10-01/HAR-126-ovn-g5-002017-tuned/ovn-g5-002017-tuned__SWc4xbr
HAR-126-ovn-g5-002302-gepa,ovn-g5-002302-gepa__sFGLATE,HAR-126,0.0,fail,,,,0,0,2026-10-01/HAR-126-ovn-g5-002302-gepa/ovn-g5-002302-gepa__sFGLATE
HAR-126-ovn-g5-002302-stock,ovn-g5-002302-stock__83xFDnj,HAR-126,0.0,fail,,,,0,0,2026-10-01/HAR-126-ovn-g5-002302-stock/ovn-g5-002302-stock__83xFDnj
HAR-126-ovn-g5-002302-tuned,ovn-g5-002302-tuned__5j77iHJ,HAR-126,0.0,fail,,,,0,0,2026-10-01/HAR-126-ovn-g5-002302-tuned/ovn-g5-002302-tuned__5j77iHJ
HAR-126-ovn-g5-002578-gepa,ovn-g5-002578-gepa__kzhAXLU,HAR-126,0.0,fail,,,,0,0,2026-10-01/HAR-126-ovn-g5-002578-gepa/ovn-g5-002578-gepa__kzhAXLU
HAR-126-ovn-g5-002578-stock,ovn-g5-002578-stock__ZVWT2gB,HAR-126,0.0,fail,,,,0,0,2026-10-01/HAR-126-ovn-g5-002578-stock/ovn-g5-002578-stock__ZVWT2gB
HAR-126-ovn-g5-002578-tuned,ovn-g5-002578-tuned__Zyd7L6j,HAR-126,0.0,fail,,,,0,0,2026-10-01/HAR-126-ovn-g5-002578-tuned/ovn-g5-002578-tuned__Zyd7L6j
HAR-135-har135-c1-001399,har135-c1-001399__hQhuW63,HAR-135,0.0,fail,,,,0,0,2026-10-01/HAR-135-har135-c1-001399/har135-c1-001399__hQhuW63
HAR-135-har135-c1-001710,har135-c1-001710__4jm4gbb,HAR-135,0.0,fail,,,,0,0,2026-10-01/HAR-135-har135-c1-001710/har135-c1-001710__4jm4gbb
HAR-135-har135-c1-001897,har135-c1-001897__G4P3hWu,HAR-135,0.0,fail,,,,0,0,2026-10-01/HAR-135-har135-c1-001897/har135-c1-001897__G4P3hWu
HAR-135-har135-c1-002680,har135-c1-002680__zznD4M9,HAR-135,0.0,fail,,,,0,0,2026-10-01/HAR-135-har135-c1-002680/har135-c1-002680__zznD4M9
HAR-81-har81-l-d-a2-format-code-task-000240,har81-l-d-a2-format-code-task-00__NGhDDRU,HAR-81,0.0,fail,,,,0,0,2026-09-29/HAR-81-har81-l-d-a2-format-code-task-000240/har81-l-d-a2-format-code-task-00__NGhDDRU
HAR-81-har81-l-d-a3-format-code-task-000240,har81-l-d-a3-format-code-task-00__ZsTxf68,HAR-81,0.0,fail,,,,0,0,2026-09-29/HAR-81-har81-l-d-a3-format-code-task-000240/har81-l-d-a3-format-code-task-00__ZsTxf68
HAR-81-har81-l-d-a3-format-code-task-001520,har81-l-d-a3-format-code-task-00__BrJZfvJ,HAR-81,0.0,fail,,,,0,0,2026-09-29/HAR-81-har81-l-d-a3-format-code-task-001520/har81-l-d-a3-format-code-task-00__BrJZfvJ
HAR-81-har81-l-d-a4-format-code-task-000240,har81-l-d-a4-format-code-task-00__2JNXcHz,HAR-81,0.0,fail,,,,0,0,2026-09-29/HAR-81-har81-l-d-a4-format-code-task-000240/har81-l-d-a4-format-code-task-00__2JNXcHz
HAR-81-har81-l-d-a4-format-code-task-001520,har81-l-d-a4-format-code-task-00__ZmQBZYW,HAR-81,0.0,fail,,,,0,0,2026-09-29/HAR-81-har81-l-d-a4-format-code-task-001520/har81-l-d-a4-format-code-task-00__ZmQBZYW
HAR-81-har81-p-d-format-code-task-000434,har81-p-d-format-code-task-00043__iT2yUa7,HAR-81,0.0,fail,,,,0,0,2026-09-29/HAR-81-har81-p-d-format-code-task-000434/har81-p-d-format-code-task-00043__iT2yUa7
HAR-81-har81-p-d-format-code-task-001520,har81-p-d-format-code-task-00152__P9EP83h,HAR-81,0.0,fail,,,,0,0,2026-09-29/HAR-81-har81-p-d-format-code-task-001520/har81-p-d-format-code-task-00152__P9EP83h
HAR-81-har81-p-d-format-code-task-001645,har81-p-d-format-code-task-00164__bMN27md,HAR-81,0.0,fail,,,,0,0,2026-09-29/HAR-81-har81-p-d-format-code-task-001645/har81-p-d-format-code-task-00164__bMN27md
HAR-81-har81-p-d-format-code-task-002537,har81-p-d-format-code-task-00253__7xmXPRq,HAR-81,0.0,fail,,,,0,0,2026-09-29/HAR-81-har81-p-d-format-code-task-002537/har81-p-d-format-code-task-00253__7xmXPRq
HAR-81-har81-p-d-format-code-task-003011,har81-p-d-format-code-task-00301__4KvLSba,HAR-81,0.0,fail,,,,0,0,2026-09-29/HAR-81-har81-p-d-format-code-task-003011/har81-p-d-format-code-task-00301__4KvLSba
HAR-110-har110-dev-002256-cfe31418,har110-dev-002256-cfe31418__uDRp4Vb,HAR-110,,no score,,,,0,0,2026-09-30/HAR-110-har110-dev-002256-cfe31418/har110-dev-002256-cfe31418__uDRp4Vb
HAR-116-har116-a-000383-loopfix,har116-a-000383-loopfix__wgujpBQ,HAR-116,,no score,,,,0,0,2026-10-01/HAR-116-har116-a-000383-loopfix/har116-a-000383-loopfix__wgujpBQ
HAR-116-har116-a-000495-loopfix,har116-a-000495-loopfix__rXR8je7,HAR-116,,no score,,,,0,0,2026-10-01/HAR-116-har116-a-000495-loopfix/har116-a-000495-loopfix__rXR8je7
HAR-116-har116-a-000587-loopfix,har116-a-000587-loopfix__X5SAhvg,HAR-116,,no score,,,,0,0,2026-10-01/HAR-116-har116-a-000587-loopfix/har116-a-000587-loopfix__X5SAhvg
HAR-116-har116-a-001161-loopfix,har116-a-001161-loopfix__WxP98h8,HAR-116,,no score,,,,0,0,2026-10-01/HAR-116-har116-a-001161-loopfix/har116-a-001161-loopfix__WxP98h8
HAR-116-har116-a-001181-loopfix,har116-a-001181-loopfix__Cd9chGm,HAR-116,,no score,,,,0,0,2026-10-01/HAR-116-har116-a-001181-loopfix/har116-a-001181-loopfix__Cd9chGm
HAR-116-har116-a-001832-loopfix,har116-a-001832-loopfix__rw7cJJ4,HAR-116,,no score,,,,0,0,2026-10-01/HAR-116-har116-a-001832-loopfix/har116-a-001832-loopfix__rw7cJJ4
HAR-116-har116-a-001896-loopfix,har116-a-001896-loopfix__n5p224u,HAR-116,,no score,,,,0,0,2026-10-01/HAR-116-har116-a-001896-loopfix/har116-a-001896-loopfix__n5p224u
HAR-116-har116-a-002256-loopfix,har116-a-002256-loopfix__5Xu6dgc,HAR-116,,no score,,,,0,0,2026-10-01/HAR-116-har116-a-002256-loopfix/har116-a-002256-loopfix__5Xu6dgc
HAR-116-har116-a-002391-loopfix,har116-a-002391-loopfix__KMAky2p,HAR-116,,no score,,,,0,0,2026-10-01/HAR-116-har116-a-002391-loopfix/har116-a-002391-loopfix__KMAky2p
HAR-116-har116-a-002864-loopfix,har116-a-002864-loopfix__oHC4HdZ,HAR-116,,no score,,,,0,0,2026-10-01/HAR-116-har116-a-002864-loopfix/har116-a-002864-loopfix__oHC4HdZ
HAR-120-har120-000227-a2,har120-000227-a2__yZe46HC,HAR-120,,no score,,,,0,0,2026-10-01/HAR-120-har120-000227-a2/har120-000227-a2__yZe46HC
HAR-120-har120-000341-a2,har120-000341-a2__hfNEYge,HAR-120,,no score,,,,0,0,2026-10-01/HAR-120-har120-000341-a2/har120-000341-a2__hfNEYge
HAR-120-har120-000552-a2,har120-000552-a2__CAPWzMo,HAR-120,,no score,,,,0,0,2026-10-01/HAR-120-har120-000552-a2/har120-000552-a2__CAPWzMo
HAR-120-har120-000666-a2,har120-000666-a2__jFzQofP,HAR-120,,no score,,,,0,0,2026-10-01/HAR-120-har120-000666-a2/har120-000666-a2__jFzQofP
HAR-120-har120-000803-a2,har120-000803-a2__Jjiz4y5,HAR-120,,no score,,,,0,0,2026-10-01/HAR-120-har120-000803-a2/har120-000803-a2__Jjiz4y5
HAR-120-har120-000813-a2,har120-000813-a2__TprTDJv,HAR-120,,no score,,,,0,0,2026-10-01/HAR-120-har120-000813-a2/har120-000813-a2__TprTDJv
HAR-120-har120-000838-a2,har120-000838-a2__yQwZqbb,HAR-120,,no score,,,,0,0,2026-10-01/HAR-120-har120-000838-a2/har120-000838-a2__yQwZqbb
HAR-120-har120-000865-a2,har120-000865-a2__r8jQTkW,HAR-120,,no score,,,,0,0,2026-10-01/HAR-120-har120-000865-a2/har120-000865-a2__r8jQTkW
HAR-120-har120-000941-a2,har120-000941-a2__bjdJiNg,HAR-120,,no score,,,,0,0,2026-10-01/HAR-120-har120-000941-a2/har120-000941-a2__bjdJiNg
HAR-120-har120-001265-a2,har120-001265-a2__tkFj88x,HAR-120,,no score,,,,0,0,2026-10-01/HAR-120-har120-001265-a2/har120-001265-a2__tkFj88x
HAR-120-har120-001269-a2,har120-001269-a2__sA8cq7s,HAR-120,,no score,,,,0,0,2026-10-01/HAR-120-har120-001269-a2/har120-001269-a2__sA8cq7s
HAR-120-har120-001373-a2,har120-001373-a2__LvZ3S5Q,HAR-120,,no score,,,,0,0,2026-10-01/HAR-120-har120-001373-a2/har120-001373-a2__LvZ3S5Q
HAR-120-har120-001609-a1,har120-001609-a1__Xw8pZQ2,HAR-120,,no score,,,,0,0,2026-10-01/HAR-120-har120-001609-a1/har120-001609-a1__Xw8pZQ2
HAR-120-har120-001618-a1,har120-001618-a1__ghKjtXV,HAR-120,,no score,,,,0,0,2026-10-01/HAR-120-har120-001618-a1/har120-001618-a1__ghKjtXV
HAR-120-har120-001820-a1,har120-001820-a1__iS5xbhT,HAR-120,,no score,,,,0,0,2026-10-01/HAR-120-har120-001820-a1/har120-001820-a1__iS5xbhT
HAR-120-har120-001865-a1,har120-001865-a1__nuBZA32,HAR-120,,no score,,,,0,0,2026-10-01/HAR-120-har120-001865-a1/har120-001865-a1__nuBZA32
HAR-120-har120-002104-a1,har120-002104-a1__vEoVW8U,HAR-120,,no score,,,,0,0,2026-10-01/HAR-120-har120-002104-a1/har120-002104-a1__vEoVW8U
HAR-120-har120-002356-a1,har120-002356-a1__SZF2edE,HAR-120,,no score,,,,0,0,2026-10-01/HAR-120-har120-002356-a1/har120-002356-a1__SZF2edE
HAR-120-har120-002393-a1,har120-002393-a1__SCzyssM,HAR-120,,no score,,,,0,0,2026-10-01/HAR-120-har120-002393-a1/har120-002393-a1__SCzyssM
HAR-120-har120-002416-a1,har120-002416-a1__n4teXVe,HAR-120,,no score,,,,0,0,2026-10-01/HAR-120-har120-002416-a1/har120-002416-a1__n4teXVe
HAR-120-har120-002552-a1,har120-002552-a1__U9dRKLf,HAR-120,,no score,,,,0,0,2026-10-01/HAR-120-har120-002552-a1/har120-002552-a1__U9dRKLf
HAR-120-har120-002555-a1,har120-002555-a1__vLERz3G,HAR-120,,no score,,,,0,0,2026-10-01/HAR-120-har120-002555-a1/har120-002555-a1__vLERz3G
HAR-126-ovn-g5-000332-tuned,ovn-g5-000332-tuned__zevQhXu,HAR-126,,no score,,,,0,0,2026-10-01/HAR-126-ovn-g5-000332-tuned/ovn-g5-000332-tuned__zevQhXu
HAR-126-ovn-g5-001241-stock,ovn-g5-001241-stock__FGtdyNH,HAR-126,,no score,,,,0,0,2026-10-01/HAR-126-ovn-g5-001241-stock/ovn-g5-001241-stock__FGtdyNH
HAR-126-ovn-g5-001626-stock,ovn-g5-001626-stock__6P6YXKD,HAR-126,,no score,,,,0,0,2026-10-01/HAR-126-ovn-g5-001626-stock/ovn-g5-001626-stock__6P6YXKD
HAR-126-ovn-g5-001765-stock,ovn-g5-001765-stock__Tigdd3B,HAR-126,,no score,,,,0,0,2026-10-01/HAR-126-ovn-g5-001765-stock/ovn-g5-001765-stock__Tigdd3B
HAR-126-ovn-g5-001833-gepa,ovn-g5-001833-gepa__aci6NkF,HAR-126,,no score,,,,0,0,2026-10-01/HAR-126-ovn-g5-001833-gepa/ovn-g5-001833-gepa__aci6NkF
HAR-104-har104-d-002391,har104-d-002391__WxBjcjX,HAR-104,1.0,pass,,,,0,0,2026-09-30/HAR-104-har104-d-002391/har104-d-002391__WxBjcjX
HAR-104-har104-d-002864,har104-d-002864__B7cJ4cG,HAR-104,1.0,pass,,,,0,0,2026-09-30/HAR-104-har104-d-002864/har104-d-002864__B7cJ4cG
HAR-110-har110-dev-002864-cfe31418,har110-dev-002864-cfe31418__g7pfCqC,HAR-110,1.0,pass,,,,0,0,2026-09-30/HAR-110-har110-dev-002864-cfe31418/har110-dev-002864-cfe31418__g7pfCqC
HAR-116-har116-a-000495-loopfix-r2,har116-a-000495-loopfix-r2__42F3G5T,HAR-116,1.0,pass,,,,0,0,2026-10-01/HAR-116-har116-a-000495-loopfix-r2/har116-a-000495-loopfix-r2__42F3G5T
HAR-116-har116-a-000587-loopfix-r2,har116-a-000587-loopfix-r2__RmCmzbQ,HAR-116,1.0,pass,,,,0,0,2026-10-01/HAR-116-har116-a-000587-loopfix-r2/har116-a-000587-loopfix-r2__RmCmzbQ
HAR-116-har116-a-002256-loopfix-r2,har116-a-002256-loopfix-r2__5oQwkeW,HAR-116,1.0,pass,,,,0,0,2026-10-01/HAR-116-har116-a-002256-loopfix-r2/har116-a-002256-loopfix-r2__5oQwkeW
HAR-116-har116-a-002391-loopfix-r2,har116-a-002391-loopfix-r2__NvEfxbt,HAR-116,1.0,pass,,,,0,0,2026-10-01/HAR-116-har116-a-002391-loopfix-r2/har116-a-002391-loopfix-r2__NvEfxbt
HAR-116-har116-a-002864-loopfix-r2,har116-a-002864-loopfix-r2__CWRe7mJ,HAR-116,1.0,pass,,,,0,0,2026-10-01/HAR-116-har116-a-002864-loopfix-r2/har116-a-002864-loopfix-r2__CWRe7mJ
HAR-116-har116-b-002402-original,har116-b-002402-original__PCgLbp7,HAR-116,1.0,pass,,,,0,0,2026-10-01/HAR-116-har116-b-002402-original/har116-b-002402-original__PCgLbp7
HAR-120-har120-000552-a2-r2,har120-000552-a2-r2__ptsTP5m,HAR-120,1.0,pass,,,,0,0,2026-10-01/HAR-120-har120-000552-a2-r2/har120-000552-a2-r2__ptsTP5m
HAR-120-har120-000838-a1,har120-000838-a1__YSe3G7t,HAR-120,1.0,pass,,,,0,0,2026-10-01/HAR-120-har120-000838-a1/har120-000838-a1__YSe3G7t
HAR-120-har120-000941-a2-r2,har120-000941-a2-r2__VrxFqqG,HAR-120,1.0,pass,,,,0,0,2026-10-01/HAR-120-har120-000941-a2-r2/har120-000941-a2-r2__VrxFqqG
HAR-120-har120-001870-a1,har120-001870-a1__rXFPYLR,HAR-120,1.0,pass,,,,3,0,2026-10-01/HAR-120-har120-001870-a1/har120-001870-a1__rXFPYLR
HAR-120-har120-002416-a1-r2,har120-002416-a1-r2__ccd9JcE,HAR-120,1.0,pass,,,,0,0,2026-10-01/HAR-120-har120-002416-a1-r2/har120-002416-a1-r2__ccd9JcE
HAR-120-har120-002552-a1-r2,har120-002552-a1-r2__ZftRzg3,HAR-120,1.0,pass,,,,0,0,2026-10-01/HAR-120-har120-002552-a1-r2/har120-002552-a1-r2__ZftRzg3
HAR-120-har120-002555-a1-r2,har120-002555-a1-r2__Uki9j6d,HAR-120,1.0,pass,,,,0,0,2026-10-01/HAR-120-har120-002555-a1-r2/har120-002555-a1-r2__Uki9j6d
HAR-120-har120-002938-a1,har120-002938-a1__UpSjiuM,HAR-120,1.0,pass,,,,0,0,2026-10-01/HAR-120-har120-002938-a1/har120-002938-a1__UpSjiuM
HAR-126-ovn-g5-000169-gepa,ovn-g5-000169-gepa__Hmxf7wb,HAR-126,1.0,pass,,,,0,0,2026-10-01/HAR-126-ovn-g5-000169-gepa/ovn-g5-000169-gepa__Hmxf7wb
HAR-126-ovn-g5-000332-gepa,ovn-g5-000332-gepa__YyfJfPU,HAR-126,1.0,pass,,,,0,0,2026-10-01/HAR-126-ovn-g5-000332-gepa/ovn-g5-000332-gepa__YyfJfPU
HAR-126-ovn-g5-001695-stock,ovn-g5-001695-stock__PveqguL,HAR-126,1.0,pass,,,,4,0,2026-10-01/HAR-126-ovn-g5-001695-stock/ovn-g5-001695-stock__PveqguL
HAR-126-ovn-g5-001809-gepa,ovn-g5-001809-gepa__nxdBvhh,HAR-126,1.0,pass,,,,0,0,2026-10-01/HAR-126-ovn-g5-001809-gepa/ovn-g5-001809-gepa__nxdBvhh
HAR-126-ovn-g5-001809-stock,ovn-g5-001809-stock__PZ8sw7f,HAR-126,1.0,pass,,,,0,0,2026-10-01/HAR-126-ovn-g5-001809-stock/ovn-g5-001809-stock__PZ8sw7f
HAR-135-har135-c1-000803,har135-c1-000803__jHtT7Bj,HAR-135,1.0,pass,,,,0,0,2026-10-01/HAR-135-har135-c1-000803/har135-c1-000803__jHtT7Bj
HAR-135-har135-c1-001661,har135-c1-001661__axtUtKL,HAR-135,1.0,pass,,,,0,0,2026-10-01/HAR-135-har135-c1-001661/har135-c1-001661__axtUtKL
HAR-135-har135-c1-002938,har135-c1-002938__iQaHjxi,HAR-135,1.0,pass,,,,0,0,2026-10-01/HAR-135-har135-c1-002938/har135-c1-002938__iQaHjxi
HAR-81-har81-l-d-a2-format-code-task-001520,har81-l-d-a2-format-code-task-00__6TqzNQw,HAR-81,1.0,pass,,,,0,0,2026-09-29/HAR-81-har81-l-d-a2-format-code-task-001520/har81-l-d-a2-format-code-task-00__6TqzNQw
HAR-81-har81-p-d-format-code-task-000240,har81-p-d-format-code-task-00024__9KYGvwT,HAR-81,1.0,pass,,,,0,0,2026-09-29/HAR-81-har81-p-d-format-code-task-000240/har81-p-d-format-code-task-00024__9KYGvwT
