task_id,stratum,project,image_mib,split,run,run_digest,run_transform
format-code-task-000495,clean_pass,format-code-task-000495,3452,train,original,sha256:0cddeb65615ad49de6860cba94a0f984ec18fa046dc54a941cb879e74fd71210,
format-code-task-000552,clean_pass,nse,414,train,original,sha256:d2cbd3f557c57dfbd2abf157823f51a047b2c8f71423fbdad6f663eecbec27a0,
format-code-task-000587,clean_pass,pottery,3040,train,original,sha256:41e76938cfdae0b5e09f54693dd28e99a8c475fa73947b79e5e1e476707b7315,
format-code-task-000803,clean_pass,mdutils,386,train,leak-closed,sha256:ac99a511015a2c31ae7cb56577154096de4df9ca2f40d655450f215cdcb4f740,leak-close-pypi@1
format-code-task-000838,clean_pass,ntfy,407,train,leak-closed,sha256:92b2914085860a6ee95c2533e8cdf606d9157ccf1d79d8d15babd4df4d04160c,leak-close-pypi@1
format-code-task-000941,clean_pass,pooch,433,train,leak-closed,sha256:1c86f4bd85e9f96a45cb4819a9c7a63c916554ce31942a01bc86146b22199238,leak-close-pypi@1
format-code-task-001661,clean_pass,friends,404,train,original,sha256:7281bec0244739c8c679d5ae2252ca13dcfd8d442b5993c4cb1347dbd7a78f7c,
format-code-task-001870,clean_pass,markdownify,386,train,leak-closed,sha256:be5cf80bcb8ff71e8f6212c7929e9a849b1aff95641fb115b92f1d1ce1d7f197,leak-close-pypi@1
format-code-task-002256,clean_pass,persistqueue,446,train,leak-closed,sha256:8f0e6de1d93bab6855dfa793ea3844e4b8da03afbed5991d6b7651a6aac925f0,leak-close-pypi@1
format-code-task-002391,clean_pass,pip_audit,717,train,original,sha256:d0a399b8633cdf47a6c3d00198b50c889ed5c282c016bb4b29bbdaf2f9d75fa1,
format-code-task-002402,clean_pass,github.com/pyro-ppl/numpyro,850,train,leak-closed,sha256:c91c394831cfa24d2155eda1936256c06629285d472545985f54a061c6862522,leak-close-pypi@1
format-code-task-002416,clean_pass,ropetest,427,train,leak-closed,sha256:2e62717d723a8eb188f713ea7fed0f3ca96517a4a5daf85f2f4386f4f3756928,leak-close-pypi@1
format-code-task-002552,clean_pass,miio,419,train,original,sha256:e9273f2254788fb1803882c506c25b7274f6b908cf658d3e1065a63348f84f2d,
format-code-task-002555,clean_pass,webpush,414,train,original,sha256:f74d636a79af17e553fbb6325c5220c62e74006a383faa7cd4d871ff824a7f4b,
format-code-task-002864,clean_pass,github.com/apache/superset,1529,train,leak-closed,sha256:25b94c8b4e4ea29e695aef58e6a0db3f78dbdb16240f98f09d85600e1a778599,leak-close-pypi@1
format-code-task-002938,clean_pass,krakenex,398,train,original,sha256:15d984ef5103c774496c8864b78a5b7068edf5c06ab90606dbaaa7d0a02bf562,
format-code-task-002139,never_run_size_band_1,bb,462,train,original,sha256:64b31ed23eda67fe547e2ebd520acb5e65b562fe5302a529e72a3d0e29a0216f,
format-code-task-002172,never_run_size_band_1,drgn,448,train,repair,sha256:2fc06276b8e7cf8d7768a2ed8a79faaf001c4696494bd70c42f6b9e1040658db,env-keep-build-outputs@1
format-code-task-000311,never_run_size_band_1,github.com/aestrivex/bctpy,528,train,leak-closed,sha256:705beedf9494d7892c6f4f801d8ceb99ce63e715be7747d56376767db4fb7c1b,leak-close-pypi@1
format-code-task-002648,never_run_size_band_1,maestro,694,train,original,sha256:ec2c8a79a123f128091fa651ab7b9a7ba733f715f4cec47f903119010d16ad56,
format-code-task-001711,never_run_size_band_1,pbxproj,402,heldout,original,sha256:9c45de55d392356458ea275648ea52913fac300c074cae0fd2186ec269e78d50,
format-code-task-002775,never_run_size_band_1,funcy,692,train,original,sha256:865d91c90fda0198c5acb53b83001640ec846c324c3cb44b32a6b1a7ab318fde,
format-code-task-001886,never_run_size_band_1,libfmp,646,train,original,sha256:a1fad9f820450cb2de386b844d29236fb729c9a19dd448a5a7075f41eee8bf88,
format-code-task-001914,never_run_size_band_1,github.com/microsoft/onnxscript,506,train,leak-closed,sha256:9dab66d29eca8b8417f505aecdd67fcf705bdd651df97ce742b26bb1af2af321,leak-close-pypi@1
format-code-task-002674,never_run_size_band_1,github.com/slaclab/pydm,723,train,leak-closed,sha256:694b29797476a2c4f3a0346016bd69b7b92024975182304ad11e774a0996c767,leak-close-pypi@1
format-code-task-002486,never_run_size_band_2,configuration_components,858,train,original,sha256:2135c3b5028a86de7197dcc48aeb6b4f7f6572e0cec7e09495ba037aee06f2e6,
format-code-task-001400,never_run_size_band_2,graphene_sqlalchemy,2954,heldout,original,sha256:a35fc4f8ee0e607c8400d26d8bdd41994e273ae0b905de29395ea94a751ff707,
format-code-task-000980,never_run_size_band_2,plugins,2958,train,original,sha256:4aee25213daca9bcc4ac8c2eb79eaff1c74c57e1cadfe68af88bbe78227f030c,
format-code-task-000870,never_run_size_band_2,sciencebeam_parser,1613,train,original,sha256:ea480cce609e39bdd62aedb6220cb97d015e129709620cf1b3e3f8d676cf15df,
format-code-task-001416,never_run_size_band_2,asx_gym,1138,train,original,sha256:b9e3549d633fb494ec2ad3bc8cd83fb2377c5f3fbd3fae159d507dc4f4a84478,
format-code-task-000854,never_run_size_band_2,efro,919,train,original,sha256:fccedfd0c1fc2b82f7e456d75c8b2668068743ef348bae99d6de5b90a66d1e76,
format-code-task-001208,never_run_size_band_2,pslab,791,train,original,sha256:fda9581ad5c9b270e6619ec01b7775fedcda0d98108e05c06c31749876feab27,
format-code-task-001220,never_run_size_band_2,nuplan,1201,train,original,sha256:74b71356d173e8b5fb7d74ddf59927f02a17fedf6ea8ce213e174351514d97cb,
format-code-task-002459,never_run_size_band_2,quantecon,865,train,original,sha256:02af06721771b2667ae2be0e2c0fee0f48c839daa93a0d71903c149eceb1a007,
format-code-task-001109,never_run_size_band_3,aio_pika,3065,train,original,sha256:7d2573f4ec99c52aa379a615c58afe8a8118d550fbae27ea0a954058a26c3eb3,
format-code-task-000792,never_run_size_band_3,desecapi,3000,train,original,sha256:e54ec9025ce43b8b4bc3c52456e2baa9a971a3e69750efad69774d6456447d09,
format-code-task-001985,never_run_size_band_3,bugbug,3247,train,original,sha256:e4a7905b5037912cd5e87184da89f6c5a2815172282ac25b42284fcfd9b5e408,
format-code-task-000420,never_run_size_band_3,avro,3060,train,original,sha256:1e7edac10b25ff8c5b46d5eccdf5fef5d5c232ab5384eb2d339bc648bc7335bd,
format-code-task-002587,never_run_size_band_3,visidata,3042,train,original,sha256:ebb4af19ab86e7b03b5ef7d14087d4dcd8e42ba69fcbff0e8d3858adbc384b5a,
format-code-task-001198,never_run_size_band_3,fontbakery,3284,train,original,sha256:b929f2aa48ca78be47c4005c175d9f714aadbfaea9af34df79554b3b0048e728,
format-code-task-000090,never_run_size_band_3,opcua,2965,train,original,sha256:ec2ebae30fc1d2446e7d0afa5f52b777ffaa9c38dec99002fe4f965b32396930,
format-code-task-001068,never_run_size_band_3,openduty,3042,train,repair,sha256:095c628afbf98ad780d229a9bf3350f8889f8cb1add465425a96e1389d49d705,env-login-path@2
format-code-task-000517,never_run_size_band_4,github.com/OpenAccess-AI-Collective/axolotl,3972,train,leak-closed,sha256:277ea6d376a1859cb3e1cdc78f740863d8e8d9162e2ce8161059e4211f68b1aa,leak-close-pypi@1
format-code-task-001837,never_run_size_band_4,workbench,4986,train,original,sha256:2bdcc95f29d89342a07a702865758f8d72a7b1b96c733f6a8b67d1154077dfd2,
format-code-task-001013,never_run_size_band_4,samcli,3511,train,original,sha256:310e8233d8bec82e118fc9a975cfec5f5df4d36a9db0c5c871849863d6a1a992,
format-code-task-000527,never_run_size_band_4,banditml_pkg,3927,train,repair,sha256:2416eb70254ecff22c9b4ce035a31c032859d2b52038c429177c23158098a059,env-login-path@1
format-code-task-003016,never_run_size_band_4,xgi,,train,original,sha256:e25c7d314323ffb64c403f3c5a6062ffba845f521833a0f023acc9fc1dc0dcac,
format-code-task-001127,never_run_size_band_4,picard,3429,train,original,sha256:a73be4bdfa09786263d38177524b4d251d8bb86b61eb28a7935df3017f219e03,
format-code-task-000084,never_run_size_band_4,gymnasium,4016,train,original,sha256:bcda9b8b31145010274261931ad8457b4af34c1bca1f26eae2829b38372e4358,
format-code-task-003058,never_run_size_band_4,AccessControl,,heldout,original,sha256:af5477c4a5c71e936b9293ba383e8e7992a7ea404f0fc514cf153aed6b2f0c76,
