order,task_id,repository,source_path,task_package_digest,verifier_digest,base_image_tag,observed_linux_amd64_manifest,compressed_layer_bytes,cpus,memory_mb,storage_mb,build_timeout_sec,agent_timeout_sec,verifier_timeout_sec
1,mwaskom__seaborn-3069,mwaskom/seaborn,datasets/swebench-verified/mwaskom__seaborn-3069,sha256:44ba03f15f2522f0d1ca8ac5a8c62e4cea22f0709786dfd8d5e4b2f079a1fdca,sha256:bcaa186f94024dbfd34d76e20c054a0457de1f146ccefc766e1a50d7e8db99ba,swebench/sweb.eval.x86_64.mwaskom_1776_seaborn-3069:latest,sha256:7c6493e599d30fac87d2e45fd90ad1bbe755d878afdd3f366c41acbb80780aec,1291606701,1,4096,10240,1800,3000,3000
2,django__django-14373,django/django,datasets/swebench-verified/django__django-14373,sha256:9009399b862df77a94a2247568822a3584a2e0dd199da1e3763f780be27aeffc,sha256:5da1b22ed4a89b7e211a9b871a4626f08f525580a37161bf65ed1e519094904f,swebench/sweb.eval.x86_64.django_1776_django-14373:latest,sha256:347f288fb0684e3eacc2c2184634d7820f9345d8d4851b5542ad27067fcbea26,1192966884,1,4096,10240,1800,3000,3000
3,pytest-dev__pytest-6197,pytest-dev/pytest,datasets/swebench-verified/pytest-dev__pytest-6197,sha256:739158963812a0a9aae82bad987e4b6c25f20f5c2bcd9e5679cfceea3cce9525,sha256:d9020e1775a23fd6660068fa05c8a055d0c76ac37344a6af0413e796ad93f029,swebench/sweb.eval.x86_64.pytest-dev_1776_pytest-6197:latest,sha256:15d39592171743355fdade433454d2dbd5cd7d7db21bdcf0e2f125edecabaf09,1024542212,1,4096,10240,1800,3000,3000
4,pylint-dev__pylint-4604,pylint-dev/pylint,datasets/swebench-verified/pylint-dev__pylint-4604,sha256:f7f4c9c102b8037cdc92fffc1b60f5bca6b7e0044af0c712ec9b796a70a9489f,sha256:a4b0439df2e7e279d1b9043dc127370b1fb6fbcedac856964639e229a7b3d2b4,swebench/sweb.eval.x86_64.pylint-dev_1776_pylint-4604:latest,sha256:e24d647f8421c551d60da005ce2272910c0aae8bb37f9de870b10c5e70b840ce,1085517697,1,4096,10240,1800,3000,3000
5,pallets__flask-5014,pallets/flask,datasets/swebench-verified/pallets__flask-5014,sha256:d9935264824b218ce01a1545b670959295f1d569dcbeb753c6bce5c3d91880e7,sha256:7d65b3f5d427bc56900267f0656979799ff7746ba78789f51e6e3c27c23658a7,swebench/sweb.eval.x86_64.pallets_1776_flask-5014:latest,sha256:eaf597005c159361cb8ee26018fb3741b320f331065f0c95726d83ccf2f1fba4,1145538311,1,4096,10240,1800,3000,3000
6,sphinx-doc__sphinx-10466,sphinx-doc/sphinx,datasets/swebench-verified/sphinx-doc__sphinx-10466,sha256:58bd39d494abf07a1c3f145cd8a38dc00d0531a109b4edf7b57b9f4d1349dcda,sha256:b0b9d3fa4668f24fccd361d87720b4fab3abe18455b16bfb244ca37f63914d3a,swebench/sweb.eval.x86_64.sphinx-doc_1776_sphinx-10466:latest,sha256:5e02ca1446f493cdc9f47dd51a3e5c6d630a471a5b8eacdb85e2abedc95797e9,1104319237,1,4096,10240,1800,3000,3000
7,psf__requests-1766,psf/requests,datasets/swebench-verified/psf__requests-1766,sha256:ce7fe9fcc447a4b17e210f35813b893537bc37daf08f101a5df69cfee4fdadf6,sha256:cc7ad344354f79fbb0a6e355d6c97f4e6e36f7705cd982b1bdff9b2a4308a97e,swebench/sweb.eval.x86_64.psf_1776_requests-1766:latest,sha256:3a56b7500100dfd495ff45d09196597fad0a4f8937d0ab7430c648c5002545df,1014443126,1,4096,10240,1800,3000,3000
8,sympy__sympy-13091,sympy/sympy,datasets/swebench-verified/sympy__sympy-13091,sha256:cb170a6a794d7d4f263817aaac3d5b54a66597f630957745297b699cdff6a911,sha256:d5b4316113dda66182b9e542e669c56c24e06c3fde287c47299ddb8ee688e5ee,swebench/sweb.eval.x86_64.sympy_1776_sympy-13091:latest,sha256:471f39923e1ace96073b57b4585fcb180fe825176ee42589c46d50ccca9ed9a6,1063847785,1,4096,10240,1800,3000,3000
9,mwaskom__seaborn-3187,mwaskom/seaborn,datasets/swebench-verified/mwaskom__seaborn-3187,sha256:59c35a0073da0d89884ec9600884ab72870f3fba5eb19cd9d96d57f7f84d608c,sha256:d6ad477b79f9ee9f15aa08f35c108e731d6ce52c1735ea0da96c47a733062482,swebench/sweb.eval.x86_64.mwaskom_1776_seaborn-3187:latest,sha256:6c0cd3296b90a84889796531ab87a0ed8779015b2bbd2e8d99adbdef95397b03,1295121476,1,4096,10240,1800,3000,3000
10,django__django-15957,django/django,datasets/swebench-verified/django__django-15957,sha256:10a0f2d879ed4498f8bd6a5ca3309b497bc8e11764b565173f8d9cabd0d0ccb8,sha256:06c87ae8a4257e01251249e5f2c97d47a74bf43cbe12dabeccf1224294d68e09,swebench/sweb.eval.x86_64.django_1776_django-15957:latest,sha256:7e2694f891d96ec8eaef27b746823acaa6dd28d65832b79db2bd18a816b3437e,1212836831,1,4096,10240,1800,3000,3000
11,pytest-dev__pytest-5840,pytest-dev/pytest,datasets/swebench-verified/pytest-dev__pytest-5840,sha256:79e0fae499f536b843b5da4cfd7afa0f00ac7bf6f471614d77cd356c8c697ddd,sha256:439e3126b9ab11b3b5124ba13357f3f83b1c39e18b5d7c48a53ffed49c9bf9d1,swebench/sweb.eval.x86_64.pytest-dev_1776_pytest-5840:latest,sha256:f2e8a2039f31a889902cb311f03b58fb85c1840b51172d1e7ff30727eb3945d8,1024458062,1,4096,10240,1800,3000,3000
12,pylint-dev__pylint-4661,pylint-dev/pylint,datasets/swebench-verified/pylint-dev__pylint-4661,sha256:1168b5a70ba3483e3907ccf005637da1bdc18b7a5d17d904a8638b115f066d7a,sha256:3da0807f2b04b6a9be5f085c3d11210e78d91c62cdcb956d64827f82ed2c6e31,swebench/sweb.eval.x86_64.pylint-dev_1776_pylint-4661:latest,sha256:2fb1911236a244d73f8a26dc3eca0b4c3b669a95bc42919e135e042303c8bcde,1085702647,1,4096,10240,1800,3000,3000
13,sphinx-doc__sphinx-7757,sphinx-doc/sphinx,datasets/swebench-verified/sphinx-doc__sphinx-7757,sha256:fe1b1cc9f0a846b919f3d3727feebfb27de29eeec0e77ee19f5243baba7bd3fc,sha256:a7e871caf5d1fc29dda9666d0bc055850981cec0159082c3af680d7591dc4995,swebench/sweb.eval.x86_64.sphinx-doc_1776_sphinx-7757:latest,sha256:e8b26974c86962c84c5364b8112db0c095dc1782461809248b7e4abdc69a311a,1097754862,1,4096,10240,1800,3000,3000
14,psf__requests-6028,psf/requests,datasets/swebench-verified/psf__requests-6028,sha256:2c69791671965cbddba432627a91e27aca5bb7d5a6742821d9b37409f91dc5a8,sha256:2036c41869b64319d77c2fc13f061cbc08922b45b3e805dfa0de795b1138abff,swebench/sweb.eval.x86_64.psf_1776_requests-6028:latest,sha256:515bfc8e8e0ab4ab176c69960958abde78797ee9de59192d305f6de92bed9e30,1025907654,1,4096,10240,1800,3000,3000
15,sympy__sympy-13615,sympy/sympy,datasets/swebench-verified/sympy__sympy-13615,sha256:39bd44dfe5d324c5a70e556bdc724d148d00a1651587df94ff71698ee4efb469,sha256:1f2d882ffb26d8e3f9216149a20985bf44b86293d5fe7a1c4bbd31ec8aad5fda,swebench/sweb.eval.x86_64.sympy_1776_sympy-13615:latest,sha256:e3e1300d5673bfe80ce06a79bdbc934720225deba5b0bb873570ef23e3a6333a,1068195895,1,4096,10240,1800,3000,3000
16,django__django-16819,django/django,datasets/swebench-verified/django__django-16819,sha256:b5bdc34155b6cc6da3422e077cc76021df4cd9263f56ac7dee308e4a9e5c6979,sha256:84bf7b980b376a6b740e15b7073d929b221c84b95e99a90eeb60b24903fbd6a4,swebench/sweb.eval.x86_64.django_1776_django-16819:latest,sha256:63e2e4d9ac42c73b2504606f895d6030d735885e9c0bacc8a2add11c86166771,1242117203,1,4096,10240,1800,3000,3000
17,pytest-dev__pytest-7571,pytest-dev/pytest,datasets/swebench-verified/pytest-dev__pytest-7571,sha256:c5d495d7946bdbc07488a8b8806186a3a1a426dca0457523c22e8fb7e48a792f,sha256:d285d5f260c2b836cf64ce2303c49b94f5f5e4a5461b95955ff1f716ceaf1b09,swebench/sweb.eval.x86_64.pytest-dev_1776_pytest-7571:latest,sha256:a4cdd92a11a554106948342c614cbcaa9a7fc7f42b261859c9deef149a673cfe,1026626175,1,4096,10240,1800,3000,3000
18,pylint-dev__pylint-8898,pylint-dev/pylint,datasets/swebench-verified/pylint-dev__pylint-8898,sha256:6cdff21c6d5351494e435df7a657c21c4e00cf58f1fd297d03ca21287338734d,sha256:8bc9e912b05ee5cae49810ed57a11a802b16052bd3329f51168cbcf35bb22007,swebench/sweb.eval.x86_64.pylint-dev_1776_pylint-8898:latest,sha256:6a3950d518eac34eff08f89136006c94526afc1cdf2b34d1a4d8f598faa4eaea,1043399619,1,4096,10240,1800,3000,3000
19,sphinx-doc__sphinx-7440,sphinx-doc/sphinx,datasets/swebench-verified/sphinx-doc__sphinx-7440,sha256:84a6bfdc44c37390575c5e62ae45d02b837cbf0e6e8ed5b244063753d3e84ded,sha256:1092621afd3f3da7b9eb3b4f57ee0eb26538eecb0a68ea24fc7f498f04d3b0b7,swebench/sweb.eval.x86_64.sphinx-doc_1776_sphinx-7440:latest,sha256:e161d52daf02bf18e12fc1cf7837eabc318aa095fe0b7ddef9113af3cf51ab44,1097165610,1,4096,10240,1800,3000,3000
20,psf__requests-2317,psf/requests,datasets/swebench-verified/psf__requests-2317,sha256:ebce09a77a04cc3c34b66a04fb5f4b673dc06c520383c2a41b0dbbfd100927a7,sha256:ce8414c04a655c07acbeb5f51655e6a892747324b8a94e6e1edceb97d5e2cb9b,swebench/sweb.eval.x86_64.psf_1776_requests-2317:latest,sha256:a0ce096d4dfa27ca8ea80ae4b38103e970d17b19066d886a550936394827c9fb,1015309228,1,4096,10240,1800,3000,3000
