task_id,image_12,decision,reason,guard_variant,run_package,run_transform,run_variant_status,validation,evidence
candidate-0036-software-data-engineering,3db4bdcb1950,keep,run the terminal-guard-extend@1 variant (hook-planting hole closed; honest grading unchanged),sha256:e42f4,sha256:e42f4,terminal-guard-extend@1,validated,"nop:0 guard-variant (5 tests: 5F/0P/0S, ctrf written)",library/task-variants/mimo-v2.6-rl__candidate-0036-software-data-engineering/sha256:e42f4.json
candidate-0109-science-robotics,92e1760ed72a,fix,"test_core_native_cpp_sampler_compiles_and_runs fails as shipped with FileNotFoundError: 'g++' (no compiler in image); needs a setup-time compiler prefetch, not built in this change",sha256:07124,sha256:07124,terminal-guard-extend@1,validated,"plant:0 guard-variant (5F/2P/0S, sitecustomize quarantined, ctrf written); nop:0 same counts; orig+plant:1 (7 skipped, hole reproduced)",library/task-variants/mimo-v2.6-rl__candidate-0109-science-robotics/sha256:07124.json
candidate-0260-security-appsec,22f5efb31502,fix,grader collection needs stevedore (missing from image); run the guard-on-prefetch composition (env-prefetch-network@1 + terminal-guard-extend@1),sha256:24002,sha256:24002,terminal-guard-extend@1,validated,"orig: collection error No module named 'stevedore' (from stevedore import extension) -> 0; prefetch+guard (setup with network, grade --network none): 5 collected (4F/1P) -> 0",library/task-variants/mimo-v2.6-rl__candidate-0260-security-appsec/sha256:24002.json
candidate-0308-security-forensics,c1b2d7e5807f,keep,run the terminal-guard-extend@1 variant (hook-planting hole closed; honest grading unchanged),sha256:fbb42,sha256:fbb42,terminal-guard-extend@1,validated,"nop:0 guard-variant (6 tests: 4F/2P/0S, ctrf written)",library/task-variants/mimo-v2.6-rl__candidate-0308-security-forensics/sha256:fbb42.json
candidate-0390-security-appsec,2e60ef07848d,keep,run the terminal-guard-extend@1 variant (hook-planting hole closed; honest grading unchanged),sha256:77d31,sha256:77d31,terminal-guard-extend@1,validated,"nop:0 guard-variant (4 tests: 4F/0P/0S, ctrf written)",library/task-variants/mimo-v2.6-rl__candidate-0390-security-appsec/sha256:77d31.json
candidate-0461-ml-evaluation,80a528e6d2c5,keep,run the terminal-guard-extend@1 variant (hook-planting hole closed; honest grading unchanged),sha256:fbb47,sha256:fbb47,terminal-guard-extend@1,validated,static-only (image not cached),library/task-variants/mimo-v2.6-rl__candidate-0461-ml-evaluation/sha256:fbb47.json
candidate-0534-ml-training,9b39c1530ad2,keep,run the terminal-guard-extend@1 variant (hook-planting hole closed; honest grading unchanged),sha256:32fef,sha256:32fef,terminal-guard-extend@1,validated,static-only (image not cached),library/task-variants/mimo-v2.6-rl__candidate-0534-ml-training/sha256:32fef.json
candidate-0628-media-music,c41c260588f0,keep,run the terminal-guard-extend@1 variant (hook-planting hole closed; honest grading unchanged),sha256:733dd,sha256:733dd,terminal-guard-extend@1,validated,"nop:0 guard-variant (7 tests: 4F/3P/0S, ctrf written)",library/task-variants/mimo-v2.6-rl__candidate-0628-media-music/sha256:733dd.json
candidate-0674-ml-evaluation,5ca4cd941a5a,discard,"grader imports torch at collection; torch is not in the image (curated library/task-findings/terminal/candidate-0674-ml-evaluation.json, HAR-88); baking torch (~800 MB) for one task is rejected",sha256:fb3d7,sha256:fb3d7,terminal-guard-extend@1,validated,discard: grader imports torch at collection; torch absent (HAR-88 curated finding); no local run (image not cached),library/task-variants/mimo-v2.6-rl__candidate-0674-ml-evaluation/sha256:fb3d7.json
candidate-0688-hardware-rtl,396bc53d2128,keep,run the terminal-guard-extend@1 variant (hook-planting hole closed; honest grading unchanged),sha256:27c8b,sha256:27c8b,terminal-guard-extend@1,validated,"nop:0 guard-variant (6 tests: 5F/1P/0S, ctrf written)",library/task-variants/mimo-v2.6-rl__candidate-0688-hardware-rtl/sha256:27c8b.json
candidate-0758-ml-inference,93f1160b8e5c,keep,run the terminal-guard-extend@1 variant (hook-planting hole closed; honest grading unchanged),sha256:357f5,sha256:357f5,terminal-guard-extend@1,validated,"nop:0 guard-variant (5 tests: 3F/2P/0S, ctrf written)",library/task-variants/mimo-v2.6-rl__candidate-0758-ml-inference/sha256:357f5.json
candidate-0803-ml-training,07630d0920ee,keep,run the terminal-guard-extend@1 variant (hook-planting hole closed; honest grading unchanged),sha256:9ac8a,sha256:9ac8a,terminal-guard-extend@1,validated,static-only (image not cached),library/task-variants/mimo-v2.6-rl__candidate-0803-ml-training/sha256:9ac8a.json
candidate-0847-software-languages,f09a84c006a3,keep,run the terminal-guard-extend@1 variant (hook-planting hole closed; honest grading unchanged),sha256:a18db,sha256:a18db,terminal-guard-extend@1,validated,static-only (image not cached),library/task-variants/mimo-v2.6-rl__candidate-0847-software-languages/sha256:a18db.json
candidate-0867-software-frontend,71f6e6d61f5e,keep,run the terminal-guard-extend@1 variant (hook-planting hole closed; honest grading unchanged),sha256:c0158,sha256:c0158,terminal-guard-extend@1,validated,static-only (image not cached),library/task-variants/mimo-v2.6-rl__candidate-0867-software-frontend/sha256:c0158.json
candidate-0938-science-chemistry,1d41382d0752,keep,run the terminal-guard-extend@1 variant (hook-planting hole closed; honest grading unchanged),sha256:96f6c,sha256:96f6c,terminal-guard-extend@1,validated,static-only (image not cached),library/task-variants/mimo-v2.6-rl__candidate-0938-science-chemistry/sha256:96f6c.json
candidate-0993-software-systems,7dbdb84be548,keep,run the terminal-guard-extend@1 variant (hook-planting hole closed; honest grading unchanged),sha256:c3f64,sha256:c3f64,terminal-guard-extend@1,validated,static-only (image not cached),library/task-variants/mimo-v2.6-rl__candidate-0993-software-systems/sha256:c3f64.json
candidate-1001-security-forensics,549cd81822ed,keep,run the terminal-guard-extend@1 variant (hook-planting hole closed; honest grading unchanged),sha256:0b01c,sha256:0b01c,terminal-guard-extend@1,validated,static-only (image not cached),library/task-variants/mimo-v2.6-rl__candidate-1001-security-forensics/sha256:0b01c.json
candidate-1005-software-systems,56b2cf332e1f,keep,run the terminal-guard-extend@1 variant (hook-planting hole closed; honest grading unchanged),sha256:dab01,sha256:dab01,terminal-guard-extend@1,validated,static-only (image not cached),library/task-variants/mimo-v2.6-rl__candidate-1005-software-systems/sha256:dab01.json
candidate-1048-operations-virtualization,529269bf9f03,keep,run the terminal-guard-extend@1 variant (hook-planting hole closed; honest grading unchanged),sha256:b8e9a,sha256:b8e9a,terminal-guard-extend@1,validated,static-only (image not cached),library/task-variants/mimo-v2.6-rl__candidate-1048-operations-virtualization/sha256:b8e9a.json
candidate-1155-software-systems,b69825011aa7,keep,run the terminal-guard-extend@1 variant (hook-planting hole closed; honest grading unchanged),sha256:43e95,sha256:43e95,terminal-guard-extend@1,validated,static-only (image not cached),library/task-variants/mimo-v2.6-rl__candidate-1155-software-systems/sha256:43e95.json
candidate-1165-ml-evaluation,5bdaefdf9729,keep,run the terminal-guard-extend@1 variant (hook-planting hole closed; honest grading unchanged),sha256:79a0e,sha256:79a0e,terminal-guard-extend@1,validated,static-only (image not cached),library/task-variants/mimo-v2.6-rl__candidate-1165-ml-evaluation/sha256:79a0e.json
candidate-1216-software-frontend,d2c208c7f2b8,keep,run the terminal-guard-extend@1 variant (hook-planting hole closed; honest grading unchanged),sha256:83c18,sha256:83c18,terminal-guard-extend@1,validated,static-only (image not cached),library/task-variants/mimo-v2.6-rl__candidate-1216-software-frontend/sha256:83c18.json
candidate-1247-security-reverse-engineering,32c0341d894b,keep,run the terminal-guard-extend@1 variant (hook-planting hole closed; honest grading unchanged),sha256:64c2b,sha256:64c2b,terminal-guard-extend@1,validated,static-only (image not cached),library/task-variants/mimo-v2.6-rl__candidate-1247-security-reverse-engineering/sha256:64c2b.json
candidate-1257-software-systems,5dde74728d7d,keep,run the terminal-guard-extend@1 variant (hook-planting hole closed; honest grading unchanged),sha256:c02b3,sha256:c02b3,terminal-guard-extend@1,validated,static-only (image not cached),library/task-variants/mimo-v2.6-rl__candidate-1257-software-systems/sha256:c02b3.json
candidate-1271-media-games,37034a49d0e3,keep,run the terminal-guard-extend@1 variant (hook-planting hole closed; honest grading unchanged),sha256:464e4,sha256:464e4,terminal-guard-extend@1,validated,static-only (image not cached),library/task-variants/mimo-v2.6-rl__candidate-1271-media-games/sha256:464e4.json
candidate-1305-software-data-engineering,6af5f2e49a66,keep,run the terminal-guard-extend@1 variant (hook-planting hole closed; honest grading unchanged),sha256:67d87,sha256:67d87,terminal-guard-extend@1,validated,static-only (image not cached),library/task-variants/mimo-v2.6-rl__candidate-1305-software-data-engineering/sha256:67d87.json
candidate-1399-security-reverse-engineering,04f742598087,keep,run the terminal-guard-extend@1 variant (hook-planting hole closed; honest grading unchanged),sha256:416bf,sha256:416bf,terminal-guard-extend@1,validated,static-only (image not cached),library/task-variants/mimo-v2.6-rl__candidate-1399-security-reverse-engineering/sha256:416bf.json
candidate-1442-software-languages,014775824878,keep,run the terminal-guard-extend@1 variant (hook-planting hole closed; honest grading unchanged),sha256:12ede,sha256:12ede,terminal-guard-extend@1,validated,static-only (image not cached),library/task-variants/mimo-v2.6-rl__candidate-1442-software-languages/sha256:12ede.json
candidate-1559-ml-evaluation,4b0334efbc88,keep,run the terminal-guard-extend@1 variant (hook-planting hole closed; honest grading unchanged),sha256:d5658,sha256:d5658,terminal-guard-extend@1,validated,static-only (image not cached),library/task-variants/mimo-v2.6-rl__candidate-1559-ml-evaluation/sha256:d5658.json
candidate-1601-software-data-engineering,2490cc50a00a,keep,run the terminal-guard-extend@1 variant (hook-planting hole closed; honest grading unchanged),sha256:d377a,sha256:d377a,terminal-guard-extend@1,validated,static-only (image not cached),library/task-variants/mimo-v2.6-rl__candidate-1601-software-data-engineering/sha256:d377a.json
candidate-1634-software-databases,0da98e97526d,keep,run the terminal-guard-extend@1 variant (hook-planting hole closed; honest grading unchanged),sha256:d002e,sha256:d002e,terminal-guard-extend@1,validated,static-only (image not cached),library/task-variants/mimo-v2.6-rl__candidate-1634-software-databases/sha256:d002e.json
candidate-1669-operations-marketing,4682f20691e8,keep,run the terminal-guard-extend@1 variant (hook-planting hole closed; honest grading unchanged),sha256:06f2b,sha256:06f2b,terminal-guard-extend@1,validated,static-only (image not cached),library/task-variants/mimo-v2.6-rl__candidate-1669-operations-marketing/sha256:06f2b.json
candidate-1682-science-physics,512c33b53f07,keep,run the terminal-guard-extend@1 variant (hook-planting hole closed; honest grading unchanged),sha256:f5d16,sha256:f5d16,terminal-guard-extend@1,validated,static-only (image not cached),library/task-variants/mimo-v2.6-rl__candidate-1682-science-physics/sha256:f5d16.json
candidate-1702-ml-inference,6b1a826116bf,keep,run the terminal-guard-extend@1 variant (hook-planting hole closed; honest grading unchanged),sha256:897f7,sha256:897f7,terminal-guard-extend@1,validated,static-only (image not cached),library/task-variants/mimo-v2.6-rl__candidate-1702-ml-inference/sha256:897f7.json
candidate-1736-ml-inference,725b03693578,keep,run the terminal-guard-extend@1 variant (hook-planting hole closed; honest grading unchanged),sha256:7d840,sha256:7d840,terminal-guard-extend@1,validated,static-only (image not cached),library/task-variants/mimo-v2.6-rl__candidate-1736-ml-inference/sha256:7d840.json
candidate-1789-security-appsec,7859c93e06fb,keep,run the terminal-guard-extend@1 variant (hook-planting hole closed; honest grading unchanged),sha256:417b4,sha256:417b4,terminal-guard-extend@1,validated,"nop:0 guard-variant (7 tests: 5F/2P/0S, ctrf written)",library/task-variants/mimo-v2.6-rl__candidate-1789-security-appsec/sha256:417b4.json
candidate-1824-media-design,4737707ca641,keep,run the terminal-guard-extend@1 variant (hook-planting hole closed; honest grading unchanged),sha256:45d89,sha256:45d89,terminal-guard-extend@1,validated,static-only (image not cached),library/task-variants/mimo-v2.6-rl__candidate-1824-media-design/sha256:45d89.json
candidate-1836-hardware-cad,9d983ebebced,keep,run the terminal-guard-extend@1 variant (hook-planting hole closed; honest grading unchanged),sha256:b25e1,sha256:b25e1,terminal-guard-extend@1,validated,static-only (image not cached),library/task-variants/mimo-v2.6-rl__candidate-1836-hardware-cad/sha256:b25e1.json
candidate-1866-ml-inference,ca717187d4b5,keep,run the terminal-guard-extend@1 variant (hook-planting hole closed; honest grading unchanged),sha256:b93f5,sha256:b93f5,terminal-guard-extend@1,validated,static-only (image not cached),library/task-variants/mimo-v2.6-rl__candidate-1866-ml-inference/sha256:b93f5.json
candidate-1890-ml-training,7ba1a43b0300,keep,run the terminal-guard-extend@1 variant (hook-planting hole closed; honest grading unchanged),sha256:13661,sha256:13661,terminal-guard-extend@1,validated,static-only (image not cached),library/task-variants/mimo-v2.6-rl__candidate-1890-ml-training/sha256:13661.json
candidate-1939-software-systems,d7066c22ca55,keep,run the terminal-guard-extend@1 variant (hook-planting hole closed; honest grading unchanged),sha256:595c3,sha256:595c3,terminal-guard-extend@1,validated,static-only (image not cached),library/task-variants/mimo-v2.6-rl__candidate-1939-software-systems/sha256:595c3.json
candidate-1990-security-cryptography,fac89f96a327,keep,run the terminal-guard-extend@1 variant (hook-planting hole closed; honest grading unchanged),sha256:00a5e,sha256:00a5e,terminal-guard-extend@1,validated,"nop:0 guard-variant (5 tests: 4F/1P/0S, ctrf written; child PYTHONPATH probes unaffected by scrub)",library/task-variants/mimo-v2.6-rl__candidate-1990-security-cryptography/sha256:00a5e.json
candidate-2072-software-data-engineering,f85d71ae7304,keep,run the terminal-guard-extend@1 variant (hook-planting hole closed; honest grading unchanged),sha256:4610a,sha256:4610a,terminal-guard-extend@1,validated,static-only (image not cached),library/task-variants/mimo-v2.6-rl__candidate-2072-software-data-engineering/sha256:4610a.json
candidate-2160-software-frontend,debd048e7ee0,keep,run the terminal-guard-extend@1 variant (hook-planting hole closed; honest grading unchanged),sha256:d31b1,sha256:d31b1,terminal-guard-extend@1,validated,static-only (image not cached),library/task-variants/mimo-v2.6-rl__candidate-2160-software-frontend/sha256:d31b1.json
candidate-2163-operations-marketing,728c36759bab,keep,run the terminal-guard-extend@1 variant (hook-planting hole closed; honest grading unchanged),sha256:327a1,sha256:327a1,terminal-guard-extend@1,validated,static-only (image not cached),library/task-variants/mimo-v2.6-rl__candidate-2163-operations-marketing/sha256:327a1.json
candidate-2207-security-appsec,dfc9cc793105,keep,run the terminal-guard-extend@1 variant (hook-planting hole closed; honest grading unchanged),sha256:9c33b,sha256:9c33b,terminal-guard-extend@1,validated,static-only (image not cached),library/task-variants/mimo-v2.6-rl__candidate-2207-security-appsec/sha256:9c33b.json
candidate-2262-operations-compliance,5ce02d560dd8,keep,run the terminal-guard-extend@1 variant (hook-planting hole closed; honest grading unchanged),sha256:257ef,sha256:257ef,terminal-guard-extend@1,validated,static-only (image not cached),library/task-variants/mimo-v2.6-rl__candidate-2262-operations-compliance/sha256:257ef.json
candidate-2329-software-languages,d25448699ef4,keep,run the terminal-guard-extend@1 variant (hook-planting hole closed; honest grading unchanged),sha256:53944,sha256:53944,terminal-guard-extend@1,validated,static-only (image not cached),library/task-variants/mimo-v2.6-rl__candidate-2329-software-languages/sha256:53944.json
candidate-2376-security-cryptography,090c12b68da2,fix,grader collection needs cryptography (missing from image); run the guard-on-prefetch composition (env-prefetch-network@1 + terminal-guard-extend@1),sha256:25da7,sha256:25da7,terminal-guard-extend@1,validated,"orig: collection error No module named 'cryptography' (from cryptography.hazmat.backends import default_backend) -> 0; prefetch+guard (setup with network, grade --network none): 6 collected (6F) -> 0",library/task-variants/mimo-v2.6-rl__candidate-2376-security-cryptography/sha256:25da7.json
candidate-2487-security-cryptography,a2d9c32ac607,keep,run the terminal-guard-extend@1 variant (hook-planting hole closed; honest grading unchanged),sha256:23ea2,sha256:23ea2,terminal-guard-extend@1,validated,static-only (image not cached),library/task-variants/mimo-v2.6-rl__candidate-2487-security-cryptography/sha256:23ea2.json
candidate-2500-hardware-cad,864865850ff2,keep,run the terminal-guard-extend@1 variant (hook-planting hole closed; honest grading unchanged),sha256:bc1f8,sha256:bc1f8,terminal-guard-extend@1,validated,static-only (image not cached),library/task-variants/mimo-v2.6-rl__candidate-2500-hardware-cad/sha256:bc1f8.json
candidate-2511-security-cryptography,e4780d105895,keep,run the terminal-guard-extend@1 variant (hook-planting hole closed; honest grading unchanged),sha256:99119,sha256:99119,terminal-guard-extend@1,validated,static-only (image not cached),library/task-variants/mimo-v2.6-rl__candidate-2511-security-cryptography/sha256:99119.json
candidate-2517-software-data-engineering,d0cff26f480d,keep,run the terminal-guard-extend@1 variant (hook-planting hole closed; honest grading unchanged),sha256:f16b6,sha256:f16b6,terminal-guard-extend@1,validated,static-only (image not cached),library/task-variants/mimo-v2.6-rl__candidate-2517-software-data-engineering/sha256:f16b6.json
candidate-2535-security-cryptography,eba881c4e34d,keep,run the terminal-guard-extend@1 variant (hook-planting hole closed; honest grading unchanged),sha256:ef109,sha256:ef109,terminal-guard-extend@1,validated,static-only (image not cached),library/task-variants/mimo-v2.6-rl__candidate-2535-security-cryptography/sha256:ef109.json
candidate-2684-security-appsec,5500f28f54d7,keep,run the terminal-guard-extend@1 variant (hook-planting hole closed; honest grading unchanged),sha256:9ef93,sha256:9ef93,terminal-guard-extend@1,validated,static-only (image not cached),library/task-variants/mimo-v2.6-rl__candidate-2684-security-appsec/sha256:9ef93.json
candidate-2713-ml-inference,8573abd9c68f,keep,run the terminal-guard-extend@1 variant (hook-planting hole closed; honest grading unchanged),sha256:08377,sha256:08377,terminal-guard-extend@1,validated,static-only (image not cached),library/task-variants/mimo-v2.6-rl__candidate-2713-ml-inference/sha256:08377.json
candidate-2728-software-data-engineering,e14e756998ff,keep,run the terminal-guard-extend@1 variant (hook-planting hole closed; honest grading unchanged),sha256:c594e,sha256:c594e,terminal-guard-extend@1,validated,static-only (image not cached),library/task-variants/mimo-v2.6-rl__candidate-2728-software-data-engineering/sha256:c594e.json
candidate-2760-ml-inference,b5c4ca4523ec,keep,run the terminal-guard-extend@1 variant (hook-planting hole closed; honest grading unchanged),sha256:0746e,sha256:0746e,terminal-guard-extend@1,validated,static-only (image not cached),library/task-variants/mimo-v2.6-rl__candidate-2760-ml-inference/sha256:0746e.json
candidate-2790-ml-evaluation,851228618143,keep,run the terminal-guard-extend@1 variant (hook-planting hole closed; honest grading unchanged),sha256:fb5fa,sha256:fb5fa,terminal-guard-extend@1,validated,static-only (image not cached),library/task-variants/mimo-v2.6-rl__candidate-2790-ml-evaluation/sha256:fb5fa.json
candidate-2836-ml-kernels,312cc57ccf11,fix,"test_core_changed_cpu_modules_compile_as_cxx20 fails as shipped with FileNotFoundError: 'g++' (no compiler in image); needs a setup-time compiler prefetch, not built in this change",sha256:b952f,sha256:b952f,terminal-guard-extend@1,validated,"nop:0 guard-variant (7 tests: 3F/4P/0S, ctrf written); test_core_changed_cpu_modules_compile_as_cxx20 fails FileNotFoundError: 'g++'",library/task-variants/mimo-v2.6-rl__candidate-2836-ml-kernels/sha256:b952f.json
candidate-2838-ml-evaluation,dcc1d2601c44,keep,run the terminal-guard-extend@1 variant (hook-planting hole closed; honest grading unchanged),sha256:18ff3,sha256:18ff3,terminal-guard-extend@1,validated,static-only (image not cached),library/task-variants/mimo-v2.6-rl__candidate-2838-ml-evaluation/sha256:18ff3.json
candidate-2916-ml-training,16c35e1e16c7,keep,run the terminal-guard-extend@1 variant (hook-planting hole closed; honest grading unchanged),sha256:23589,sha256:23589,terminal-guard-extend@1,validated,static-only (image not cached),library/task-variants/mimo-v2.6-rl__candidate-2916-ml-training/sha256:23589.json
candidate-2951-security-appsec,a77795af4a4c,keep,run the terminal-guard-extend@1 variant (hook-planting hole closed; honest grading unchanged),sha256:46812,sha256:46812,terminal-guard-extend@1,validated,static-only (image not cached),library/task-variants/mimo-v2.6-rl__candidate-2951-security-appsec/sha256:46812.json
candidate-2996-ml-evaluation,89ab8bd4c2c1,keep,run the terminal-guard-extend@1 variant (hook-planting hole closed; honest grading unchanged),sha256:d96a8,sha256:d96a8,terminal-guard-extend@1,validated,static-only (image not cached),library/task-variants/mimo-v2.6-rl__candidate-2996-ml-evaluation/sha256:d96a8.json
