command_run_min,message_run_min,grace_calls,scored1_cut,scored1_unknown_edit,scored0_cut_before_edit,input_tokens_saved
4,10,5,2,0,4,70137873
4,10,10,2,0,4,63662714
4,10,15,2,0,4,57149291
4,10,20,1,0,4,50206185
4,10,30,0,0,2,35457410
4,15,5,2,0,4,68907921
4,15,10,2,0,4,62359056
4,15,15,2,0,4,55771564
4,15,20,0,0,3,47751497
4,15,30,0,0,2,34661887
4,20,5,2,0,4,67604263
4,20,10,2,0,4,60981329
4,20,15,1,0,3,53316876
4,20,20,0,0,3,46908810
4,20,30,0,0,2,33834595
6,10,5,2,0,4,71259705
6,10,10,2,0,4,63588821
6,10,15,2,0,4,56703421
6,10,20,1,0,3,49288573
6,10,30,0,0,1,33734595
6,15,5,2,0,4,70029753
6,15,10,2,0,4,62285163
6,15,15,2,0,4,55325694
6,15,20,0,0,2,46833885
6,15,30,0,0,1,32939072
6,20,5,2,0,4,68726095
6,20,10,2,0,4,60907436
6,20,15,1,0,3,52871006
6,20,20,0,0,2,45991198
6,20,30,0,0,1,32111780
8,10,5,2,0,5,70804587
8,10,10,2,0,4,61338203
8,10,15,1,0,4,53982274
8,10,20,1,0,3,44965438
8,10,30,0,0,1,32022890
8,15,5,2,0,5,69574635
8,15,10,2,0,4,60034545
8,15,15,1,0,4,52604547
8,15,20,0,0,2,42510750
8,15,30,0,0,1,31227367
8,20,5,2,0,5,68270977
8,20,10,2,0,4,58656818
8,20,15,0,0,3,50149859
8,20,20,0,0,2,41668063
8,20,30,0,0,1,30400075
