source,task,arm,job,trial,reward,n_calls,command_run_min,message_run_min,grace_calls,nudge_call,detector,stop_call,broke_at_call,last_edit_call,verdict,input_tokens_saved
HAR-110,000226,seed-addendum-v1,gepa-terminus-2-format-code-task-000-9089903b46c8c3c7410657ba,gepa-terminus-2-format-code-task__cNYdqfo,1.0,117,8,20,15,,,,,9,no_stop,
HAR-110,000383,seed-addendum,gepa-terminus-2-format-code-task-000-9862796a5e5624e818ab5f04,gepa-terminus-2-format-code-task__bo5YsYL,0.0,91,8,20,15,31,normalized_command_run,46,,,stop_no_edit,1562234
HAR-110,001832,seed-addendum,gepa-terminus-2-format-code-task-001-c074cb87ddff7e1368343d33,gepa-terminus-2-format-code-task__CFCbfps,1.0,96,8,20,15,,,,,50,no_stop,
HAR-110,001896,gepa-candidate,gepa-terminus-2-format-code-task-001-d1471e1b2701d6d1765ff1df,gepa-terminus-2-format-code-task__7RJJeFg,0.0,75,8,20,15,48,normalized_command_run,63,,29,kept,508038
HAR-110,001896,seed-addendum,gepa-terminus-2-format-code-task-001-f1d48fcf652ab5d801068db1,gepa-terminus-2-format-code-task__XuSksWC,0.0,97,8,20,15,,,,,97,no_stop,
HAR-110,002259,seed-addendum-v1,gepa-terminus-2-format-code-task-002-12c6d0cae5191408009f5181,gepa-terminus-2-format-code-task__qHjKdvw,0.0,75,8,20,15,,,,,,no_stop,
HAR-110,002256,seed-addendum,gepa-terminus-2-format-code-task-002-2700aa59352626e20aff4ed8,gepa-terminus-2-format-code-task__X2dMzMw,0.0,120,8,20,15,,,,,7,no_stop,
HAR-110,002391,seed-addendum,gepa-terminus-2-format-code-task-002-a951229932dc90303c90215d,gepa-terminus-2-format-code-task__8FqvKUU,0.0,87,8,20,15,49,normalized_command_run,64,,31,kept,904291
HAR-110,002407,seed-addendum-v1,gepa-terminus-2-format-code-task-002-df7dfd07ef80225115d97bb1,gepa-terminus-2-format-code-task__Y8fE5ft,0.0,77,8,20,15,,,,,77,no_stop,
HAR-110,002864,seed-addendum,gepa-terminus-2-format-code-task-002-f785358f50e70ab387a1ba6c,gepa-terminus-2-format-code-task__Ey8Vxsr,0.0,28,8,20,15,,,,,21,no_stop,
HAR-110,000495,gepa-candidate,har110-000495-gepa,har110-000495-gepa__eEzm4kr,0.0,88,8,20,15,82,normalized_command_run,,,,no_stop,
HAR-110,000495,plain-heldout,har110-000495-plain,har110-000495-plain__mDTBFAW,0.0,96,8,20,15,52,normalized_command_run,67,,81,cut,374230
HAR-110,000495,seed-addendum,har110-000495-seed,har110-000495-seed__dimG2yD,0.0,91,8,20,15,,,,,,no_stop,
HAR-110,000587,gepa-candidate,har110-000587-gepa,har110-000587-gepa__SciJPNn,0.0,118,8,20,15,26,identical_message_run,41,,,stop_no_edit,1884883
HAR-110,000587,plain-heldout,har110-000587-plain,har110-000587-plain__5NNxU35,0.0,86,8,20,15,81,normalized_command_run,,,17,no_stop,
HAR-110,000587,seed-addendum,har110-000587-seed,har110-000587-seed__perD9bE,0.0,117,8,20,15,39,identical_message_run,54,,,stop_no_edit,1550178
HAR-110,001161,gepa-candidate,har110-001161-gepa,har110-001161-gepa__kLkGSnR,0.0,107,8,20,15,86,normalized_command_run,101,,47,kept,101553
HAR-110,001161,plain-heldout,har110-001161-plain,har110-001161-plain__RZ8qyUu,0.0,83,8,20,15,,,,,83,no_stop,
HAR-110,001161,seed-addendum,har110-001161-seed,har110-001161-seed__jj2vEqJ,0.0,90,8,20,15,43,normalized_command_run,58,,34,kept,1281602
HAR-110,001181,gepa-candidate,har110-001181-gepa,har110-001181-gepa__i4RTJT9,0.0,120,8,20,15,28,identical_message_run,43,,,stop_no_edit,1468159
HAR-110,001181,plain-heldout,har110-001181-plain,har110-001181-plain__AnjbfwU,0.0,84,8,20,15,76,identical_message_run,,77,25,no_stop,
HAR-110,001181,seed-addendum,har110-001181-seed,har110-001181-seed__Q3rr6S4,0.0,70,8,20,15,67,normalized_command_run,,,49,no_stop,
HAR-110,000383,gepa-candidate,har110-dev-000383-cfe31418,har110-dev-000383-cfe31418__L7nGNNi,0.0,92,8,20,15,37,normalized_command_run,52,,,stop_no_edit,1389520
HAR-110,001832,gepa-candidate,har110-dev-001832-cfe31418,har110-dev-001832-cfe31418__DbqpN36,0.0,87,8,20,15,,,,,80,no_stop,
HAR-110,002256,gepa-candidate,har110-dev-002256-cfe31418,har110-dev-002256-cfe31418__uDRp4Vb,,54,8,20,15,21,normalized_command_run,36,,3,kept,100863
HAR-110,002391,gepa-candidate,har110-dev-002391-cfe31418,har110-dev-002391-cfe31418__MvXkrso,0.0,78,8,20,15,77,normalized_command_run,,,45,no_stop,
HAR-110,002864,gepa-candidate,har110-dev-002864-cfe31418,har110-dev-002864-cfe31418__g7pfCqC,1.0,12,8,20,15,,,,,5,no_stop,
HAR-110,002407,aborted-v1-seed,gepa-terminus-2-format-code-task-002-df7dfd07ef80225115d97bb1,gepa-terminus-2-format-code-task__rkLmWuE,0.0,82,8,20,15,33,normalized_command_run,48,,79,cut,892929
HAR-104,000226,plain-dev,har104-d-000226,har104-d-000226__JCDfZFi,1.0,120,8,20,15,31,normalized_command_run,46,,11,kept,1421400
HAR-104,000383,plain-dev,har104-d-000383,har104-d-000383__PmZMZ6z,0.0,67,8,20,15,,,,,21,no_stop,
HAR-104,000927,plain-dev,har104-d-000927,har104-d-000927__23aAzui,1.0,40,8,20,15,,,,,28,no_stop,
HAR-104,001832,plain-dev,har104-d-001832,har104-d-001832__d7Hop8E,0.0,97,8,20,15,,,,,53,no_stop,
HAR-104,001896,plain-dev,har104-d-001896,har104-d-001896__MDkTErY,0.0,41,8,20,15,,,,,30,no_stop,
HAR-104,002256,plain-dev,har104-d-002256,har104-d-002256__RDffvXQ,0.0,120,8,20,15,,,,,2,no_stop,
HAR-104,002259,plain-dev,har104-d-002259,har104-d-002259__cptLF6h,0.0,89,8,20,15,,,,,,no_stop,
HAR-104,002391,plain-dev,har104-d-002391,har104-d-002391__WxBjcjX,1.0,102,8,20,15,23,normalized_command_run,38,,8,kept,1846092
HAR-104,002407,plain-dev,har104-d-002407,har104-d-002407__LRiiKmy,0.0,83,8,20,15,,,,,83,no_stop,
HAR-104,002864,plain-dev,har104-d-002864,har104-d-002864__B7cJ4cG,1.0,101,8,20,15,46,identical_message_run,61,,12,kept,1422660
HAR-81,arvo_18737,p-d-arvo,har81-p-d-arvo-18737,har81-p-d-arvo-18737__8bHpbg3,0.0,18,8,20,15,,,,,9,no_stop,
HAR-81,arvo_41330,p-d-arvo,har81-p-d-arvo-41330,har81-p-d-arvo-41330__Zi79ug4,0.0,101,8,20,15,,,,,,no_stop,
HAR-81,arvo_42485576,p-d-arvo,har81-p-d-arvo-42485576,har81-p-d-arvo-42485576__dsgmV5c,0.0,94,8,20,15,,,,,,no_stop,
HAR-81,arvo_42496599,p-d-arvo,har81-p-d-arvo-42496599,har81-p-d-arvo-42496599__GkwMiLe,0.0,117,8,20,15,27,normalized_command_run,42,,12,kept,1883325
HAR-81,arvo_42514310,p-d-arvo,har81-p-d-arvo-42514310,har81-p-d-arvo-42514310__BGTEMs2,0.0,80,8,20,15,69,normalized_command_run,,70,25,no_stop,
HAR-81,arvo_42528228,p-d-arvo,har81-p-d-arvo-42528228,har81-p-d-arvo-42528228__8WpUvat,0.0,79,8,20,15,,,,,,no_stop,
HAR-81,candidate-1271-media-games,p-d-candidate,har81-p-d-candidate-1271-media-games,har81-p-d-candidate-1271-media-g__grehkae,0.0,93,8,20,15,43,normalized_command_run,58,,,stop_no_edit,1181355
HAR-81,candidate-1559-ml-evaluation,p-d-candidate,har81-p-d-candidate-1559-ml-evaluation,har81-p-d-candidate-1559-ml-eval__bqBv49S,1.0,8,8,20,15,,,,,3,no_stop,
HAR-81,candidate-1634-software-databases,p-d-candidate,har81-p-d-candidate-1634-software-databases,har81-p-d-candidate-1634-softwar__PaSTYBj,0.0,41,8,20,15,,,,,32,no_stop,
HAR-81,candidate-1702-ml-inference,p-d-candidate,har81-p-d-candidate-1702-ml-inference,har81-p-d-candidate-1702-ml-infe__izs4jgG,0.0,95,8,20,15,47,normalized_command_run,62,,22,kept,1081697
HAR-81,candidate-1789-security-appsec,p-d-candidate,har81-p-d-candidate-1789-security-appsec,har81-p-d-candidate-1789-securit__Nhf2HdJ,0.0,23,8,20,15,,,,,16,no_stop,
HAR-81,candidate-2684-security-appsec,p-d-candidate,har81-p-d-candidate-2684-security-appsec,har81-p-d-candidate-2684-securit__uwoAzn7,1.0,84,8,20,15,56,identical_message_run,,69,78,no_stop,
HAR-81,format-code-task-000240,p-d-format,har81-p-d-format-code-task-000240,har81-p-d-format-code-task-00024__9KYGvwT,1.0,20,8,20,15,,,,,11,no_stop,
HAR-81,format-code-task-000434,p-d-format,har81-p-d-format-code-task-000434,har81-p-d-format-code-task-00043__iT2yUa7,0.0,103,8,20,15,41,normalized_command_run,56,,17,kept,1437799
HAR-81,format-code-task-001520,p-d-format,har81-p-d-format-code-task-001520,har81-p-d-format-code-task-00152__P9EP83h,0.0,90,8,20,15,,,,,63,no_stop,
HAR-81,format-code-task-001645,p-d-format,har81-p-d-format-code-task-001645,har81-p-d-format-code-task-00164__bMN27md,0.0,99,8,20,15,41,normalized_command_run,56,,,stop_no_edit,1457381
HAR-81,format-code-task-002537,p-d-format,har81-p-d-format-code-task-002537,har81-p-d-format-code-task-00253__7xmXPRq,0.0,77,8,20,15,70,normalized_command_run,,,,no_stop,
HAR-81,arvo_18737,l-d-a2,har81-l-d-a2-arvo-18737,har81-l-d-a2-arvo-18737__2kbVhKB,0.0,117,8,20,15,30,normalized_command_run,45,,10,kept,1767348
HAR-81,arvo_42485576,l-d-a2,har81-l-d-a2-arvo-42485576,har81-l-d-a2-arvo-42485576__YQ3rQ7R,1.0,35,8,20,15,,,,,27,no_stop,
HAR-81,arvo_42496599,l-d-a2,har81-l-d-a2-arvo-42496599,har81-l-d-a2-arvo-42496599__rzayj9j,0.0,90,8,20,15,45,identical_message_run,60,,11,kept,1080210
HAR-81,candidate-1271-media-games,l-d-a2,har81-l-d-a2-candidate-1271-media-games,har81-l-d-a2-candidate-1271-medi__2tAyTq3,1.0,95,8,20,15,45,normalized_command_run,,60,91,no_stop,
HAR-81,candidate-1634-software-databases,l-d-a2,har81-l-d-a2-candidate-1634-software-databases,har81-l-d-a2-candidate-1634-soft__B8Jt3cw,0.0,63,8,20,15,,,,,33,no_stop,
HAR-81,candidate-1789-security-appsec,l-d-a2,har81-l-d-a2-candidate-1789-security-appsec,har81-l-d-a2-candidate-1789-secu__4kHk8vj,0.0,44,8,20,15,,,,,43,no_stop,
HAR-81,format-code-task-000240,l-d-a2,har81-l-d-a2-format-code-task-000240,har81-l-d-a2-format-code-task-00__NGhDDRU,0.0,89,8,20,15,28,normalized_command_run,43,,9,kept,1653225
HAR-81,format-code-task-001520,l-d-a2,har81-l-d-a2-format-code-task-001520,har81-l-d-a2-format-code-task-00__6TqzNQw,1.0,95,8,20,15,27,normalized_command_run,42,,7,kept,1727906
HAR-81,arvo_18737,l-d-a3,har81-l-d-a3-arvo-18737,har81-l-d-a3-arvo-18737__FygpNSe,1.0,79,8,20,15,63,normalized_command_run,78,,33,kept,45741
HAR-81,arvo_42485576,l-d-a3,har81-l-d-a3-arvo-42485576,har81-l-d-a3-arvo-42485576__MNqUNYv,0.0,79,8,20,15,13,normalized_command_run,28,,,stop_no_edit,1971797
HAR-81,arvo_42496599,l-d-a3,har81-l-d-a3-arvo-42496599,har81-l-d-a3-arvo-42496599__RC4jf7K,0.0,93,8,20,15,50,normalized_command_run,,58,,no_stop,
HAR-81,candidate-1271-media-games,l-d-a3,har81-l-d-a3-candidate-1271-media-games,har81-l-d-a3-candidate-1271-medi__xn4sAug,1.0,64,8,20,15,,,,,62,no_stop,
HAR-81,candidate-1634-software-databases,l-d-a3,har81-l-d-a3-candidate-1634-software-databases,har81-l-d-a3-candidate-1634-soft__rfQaHJx,0.0,76,8,20,15,64,normalized_command_run,,,32,no_stop,
HAR-81,candidate-1789-security-appsec,l-d-a3,har81-l-d-a3-candidate-1789-security-appsec,har81-l-d-a3-candidate-1789-secu__WacRiXN,0.0,115,8,20,15,32,normalized_command_run,47,,15,kept,1786564
HAR-81,format-code-task-000240,l-d-a3,har81-l-d-a3-format-code-task-000240,har81-l-d-a3-format-code-task-00__ZsTxf68,0.0,105,8,20,15,44,normalized_command_run,59,,22,kept,1359139
HAR-81,format-code-task-001520,l-d-a3,har81-l-d-a3-format-code-task-001520,har81-l-d-a3-format-code-task-00__BrJZfvJ,0.0,110,8,20,15,25,normalized_command_run,40,,9,kept,1788955
HAR-81,arvo_18737,l-d-a4,har81-l-d-a4-arvo-18737,har81-l-d-a4-arvo-18737__P3YLKKe,0.0,96,8,20,15,60,normalized_command_run,75,,,stop_no_edit,793002
HAR-81,arvo_42485576,l-d-a4,har81-l-d-a4-arvo-42485576,har81-l-d-a4-arvo-42485576__AAB9BeL,0.0,88,8,20,15,26,normalized_command_run,,33,33,no_stop,
HAR-81,arvo_42496599,l-d-a4,har81-l-d-a4-arvo-42496599,har81-l-d-a4-arvo-42496599__XC6B4Ue,0.0,97,8,20,15,41,normalized_command_run,56,,,stop_no_edit,880201
HAR-81,candidate-1271-media-games,l-d-a4,har81-l-d-a4-candidate-1271-media-games,har81-l-d-a4-candidate-1271-medi__wCBkiuG,0.0,88,8,20,15,47,normalized_command_run,62,,,stop_no_edit,1017107
HAR-81,candidate-1634-software-databases,l-d-a4,har81-l-d-a4-candidate-1634-software-databases,har81-l-d-a4-candidate-1634-soft__TJN8GB5,0.0,47,8,20,15,,,,,46,no_stop,
HAR-81,candidate-1789-security-appsec,l-d-a4,har81-l-d-a4-candidate-1789-security-appsec,har81-l-d-a4-candidate-1789-secu__VfC7WMo,0.0,83,8,20,15,72,normalized_command_run,,,27,no_stop,
HAR-81,format-code-task-000240,l-d-a4,har81-l-d-a4-format-code-task-000240,har81-l-d-a4-format-code-task-00__2JNXcHz,0.0,72,8,20,15,23,normalized_command_run,38,,,stop_no_edit,143412
HAR-81,format-code-task-001520,l-d-a4,har81-l-d-a4-format-code-task-001520,har81-l-d-a4-format-code-task-00__ZmQBZYW,0.0,117,8,20,15,81,normalized_command_run,96,,64,kept,320250
HAR-81,arvo_57589,p-d-arvo,har81-p-d-arvo-57589,har81-p-d-arvo-57589__xvqMDKd,0.0,91,8,20,15,40,normalized_command_run,55,,,stop_no_edit,1268802
HAR-81,candidate-1048-operations-virtualization,p-d-candidate,har81-p-d-candidate-1048-operations-virtualization,har81-p-d-candidate-1048-operati__Rh9y42B,0.0,90,8,20,15,55,normalized_command_run,70,,,stop_no_edit,746040
HAR-81,format-code-task-003011,p-d-format,har81-p-d-format-code-task-003011,har81-p-d-format-code-task-00301__4KvLSba,0.0,73,8,20,15,,,,,46,no_stop,
HAR-116,000383,baseline,har116-a-000383-baseline,har116-a-000383-baseline__igrXg8R,0.0,94,8,20,15,,,,,49,no_stop,
HAR-116,000383,loopfix-r2,har116-a-000383-loopfix-r2,har116-a-000383-loopfix-r2__cNEHjBa,0.0,63,8,20,15,62,normalized_command_run,,,10,no_stop,
HAR-116,000495,baseline,har116-a-000495-baseline,har116-a-000495-baseline__DiGmEPC,0.0,101,8,20,15,76,normalized_command_run,,78,,no_stop,
HAR-116,000495,loopfix-r2,har116-a-000495-loopfix-r2,har116-a-000495-loopfix-r2__42F3G5T,1.0,87,8,20,15,,,,,65,no_stop,
HAR-116,000587,baseline,har116-a-000587-baseline,har116-a-000587-baseline__Vuxk2nX,0.0,86,8,20,15,56,normalized_command_run,71,,22,kept,670635
HAR-116,000587,loopfix-r2,har116-a-000587-loopfix-r2,har116-a-000587-loopfix-r2__RmCmzbQ,1.0,66,8,20,15,65,normalized_command_run,,,53,no_stop,
HAR-116,001161,baseline,har116-a-001161-baseline,har116-a-001161-baseline__DwYZaia,0.0,86,8,20,15,,,,,86,no_stop,
HAR-116,001161,loopfix-r2,har116-a-001161-loopfix-r2,har116-a-001161-loopfix-r2__uo7QDVh,0.0,95,8,20,15,,,,,95,no_stop,
HAR-116,001181,baseline,har116-a-001181-baseline,har116-a-001181-baseline__cK5qZMf,0.0,88,8,20,15,,,,,88,no_stop,
HAR-116,001181,loopfix-r2,har116-a-001181-loopfix-r2,har116-a-001181-loopfix-r2__ZhWHNno,0.0,86,8,20,15,79,normalized_command_run,,,33,no_stop,
HAR-116,001832,baseline,har116-a-001832-baseline,har116-a-001832-baseline__9jhqCTW,0.0,84,8,20,15,,,,,82,no_stop,
HAR-116,001832,loopfix-r2,har116-a-001832-loopfix-r2,har116-a-001832-loopfix-r2__RL4Q8AX,0.0,63,8,20,15,62,normalized_command_run,,,36,no_stop,
HAR-116,001896,baseline,har116-a-001896-baseline,har116-a-001896-baseline__mBFMKax,0.0,80,8,20,15,29,identical_message_run,,43,80,no_stop,
HAR-116,001896,loopfix-r2,har116-a-001896-loopfix-r2,har116-a-001896-loopfix-r2__Wmwi4NK,0.0,94,8,20,15,63,identical_message_run,78,,37,kept,626208
HAR-116,002256,baseline,har116-a-002256-baseline,har116-a-002256-baseline__uRsPnvZ,0.0,7,8,20,15,,,,,3,no_stop,
HAR-116,002256,loopfix-r2,har116-a-002256-loopfix-r2,har116-a-002256-loopfix-r2__5oQwkeW,1.0,20,8,20,15,,,,,6,no_stop,
HAR-116,002391,baseline,har116-a-002391-baseline,har116-a-002391-baseline__xZqrQkD,0.0,68,8,20,15,,,,,39,no_stop,
HAR-116,002391,loopfix-r2,har116-a-002391-loopfix-r2,har116-a-002391-loopfix-r2__NvEfxbt,1.0,95,8,20,15,,,,,49,no_stop,
HAR-116,002864,baseline,har116-a-002864-baseline,har116-a-002864-baseline__LnaWDq6,0.0,112,8,20,15,28,normalized_command_run,43,,12,kept,1948905
HAR-116,002864,loopfix-r2,har116-a-002864-loopfix-r2,har116-a-002864-loopfix-r2__CWRe7mJ,1.0,22,8,20,15,,,,,13,no_stop,
HAR-116,000146,original,har116-b-000146-original,har116-b-000146-original__JT6tRiN,0.0,94,8,20,15,77,identical_message_run,92,,48,kept,78570
HAR-116,000146,leakclosed,har116-b-000146-leakclosed,har116-b-000146-leakclosed__UsngzaQ,0.0,31,8,20,15,,,,,24,no_stop,
HAR-116,000226,original,har116-b-000226-original,har116-b-000226-original__JTEerfm,0.0,89,8,20,15,,,,,88,no_stop,
HAR-116,000226,leakclosed,har116-b-000226-leakclosed,har116-b-000226-leakclosed__K9ddjiP,0.0,107,8,20,15,29,normalized_command_run,44,,104,cut,1855265
HAR-116,000927,original,har116-b-000927-original,har116-b-000927-original__kvyP9fr,1.0,74,8,20,15,,,,,39,no_stop,
HAR-116,000927,leakclosed,har116-b-000927-leakclosed,har116-b-000927-leakclosed__Sj3aGEg,0.0,92,8,20,15,37,normalized_command_run,52,,,stop_no_edit,1456700
HAR-116,002308,original,har116-b-002308-original,har116-b-002308-original__oYziU3z,1.0,110,8,20,15,76,normalized_command_run,91,,24,kept,575959
HAR-116,002308,leakclosed,har116-b-002308-leakclosed,har116-b-002308-leakclosed__idknFAu,1.0,77,8,20,15,,,,,48,no_stop,
HAR-116,002402,original,har116-b-002402-original,har116-b-002402-original__PCgLbp7,1.0,83,8,20,15,49,normalized_command_run,64,,23,kept,837729
HAR-116,002402,leakclosed,har116-b-002402-leakclosed,har116-b-002402-leakclosed__X7nGHNs,0.0,82,8,20,15,,,,,,no_stop,
