task_id,language,image12,mode,setup_rc,ready,fix_sha,fix_source,fix_present_pre,fix_present_post,rev_count,fsck_unreachable,branches,tags,stash,patterns,patterns_raw,hits_total,hits_by_route,blob_matches,mtime_signal,mtime_detail,caches,open_leak,notes
format-code-task-000001,Go,f0701aeb7d08,published,0,yes,,none-truncated-history,no,no,664,30688,2,0,0,0,0,0,{},[],no,fix_epochs=? fix_files=0 worktree_distinct=3,"[""present /root/go/pkg/mod"", ""present /tmp"", ""present /opt""]",no,fix absent pre-setup; content scan has no oracle
format-code-task-000001,Go,f0701aeb7d08,clean,0,yes,,none-truncated-history,no,no,664,0,1,0,0,0,0,0,{},[],no,fix_epochs=? fix_files=0 worktree_distinct=1,"[""present /root/go/pkg/mod"", ""present /tmp"", ""present /opt""]",no,fix absent pre-setup; content scan has no oracle
format-code-task-000002,Go,22a911b30306,published,0,yes,c55a7984f7d5fb1e7bb2db6604f5e01aa857a9c6,extract:ok,yes,yes,995,18353,2,37,0,7,24,0,{},[],yes,fix_epochs=1780938756 fix_files=2 worktree_distinct=3,"[""present /root/go/pkg/mod"", ""present /tmp"", ""present /opt""]",yes,
format-code-task-000002,Go,22a911b30306,clean,0,yes,c55a7984f7d5fb1e7bb2db6604f5e01aa857a9c6,extract:ok,yes,no,995,0,1,0,0,7,24,0,{},[],no,fix_epochs=946684800 fix_files=2 worktree_distinct=1,"[""present /root/go/pkg/mod"", ""present /tmp"", ""present /opt""]",no,
format-code-task-000007,JavaScript,39abf5a6f56a,published,0,yes,070a9edbc9f61f49706f658228d24eb5152dfbb9,extract:ok,yes,yes,1384,1982,1,32,0,1,1,0,{},[],yes,fix_epochs=1780431874 fix_files=2 worktree_distinct=80,"[""present /root/go/pkg/mod"", ""present /tmp"", ""present /opt""]",yes,
format-code-task-000007,JavaScript,39abf5a6f56a,clean,0,yes,070a9edbc9f61f49706f658228d24eb5152dfbb9,extract:ok,yes,no,1384,0,1,0,0,1,1,0,{},[],no,fix_epochs=946684800 fix_files=2 worktree_distinct=1,"[""present /root/go/pkg/mod"", ""present /tmp"", ""present /opt""]",no,
format-code-task-000011,Go,c8522aaf8f02,published,0,yes,2eded025fc82b3e9de16bf1fa0f7dc00bb91ee1a,extract:ok,yes,yes,721,25776,2,1,0,7,9,0,{},[],yes,fix_epochs=1780977353 fix_files=3 worktree_distinct=3,"[""present /root/go/pkg/mod"", ""present /tmp"", ""present /opt""]",yes,
format-code-task-000011,Go,c8522aaf8f02,clean,1,no,2eded025fc82b3e9de16bf1fa0f7dc00bb91ee1a,extract:ok,yes,no,721,0,1,0,0,7,9,0,{},[],yes,fix_epochs=1780977353 fix_files=3 worktree_distinct=3,"[""present /root/go/pkg/mod"", ""present /tmp"", ""present /opt""]",no,setup rc=1; ready sentinel missing
format-code-task-000025,TypeScript,4fe75c4a4c4e,published,0,yes,cc171979383f7ff6217e82522eb68d74ec626390,extract:ok,yes,yes,19308,75291,2,713,0,40,73,0,{},[],yes,fix_epochs=1758683701 fix_files=3 worktree_distinct=9,"[""present /tmp"", ""present /opt""]",yes,
format-code-task-000025,TypeScript,4fe75c4a4c4e,clean,0,yes,cc171979383f7ff6217e82522eb68d74ec626390,extract:ok,yes,no,19308,0,1,0,0,40,73,0,{},[],no,fix_epochs=946684800 fix_files=3 worktree_distinct=1,"[""present /tmp"", ""present /opt""]",no,
format-code-task-000041,Python,4fb3e32d0e57,published,0,yes,a2466ae68ecd0d5772e4f4ae9a60c5ee944c1971,oracle_sweep:oracle:patch-conflict,yes,yes,1131,44153,2,71,0,15,17,0,{},[],no,fix_epochs=1757688832 fix_files=4 worktree_distinct=1,"[""present /tmp"", ""present /opt""]",yes,
format-code-task-000041,Python,4fb3e32d0e57,clean,0,yes,a2466ae68ecd0d5772e4f4ae9a60c5ee944c1971,oracle_sweep:oracle:patch-conflict,yes,no,1131,0,1,0,0,15,17,0,{},[],no,fix_epochs=946684800 fix_files=4 worktree_distinct=1,"[""present /tmp"", ""present /opt""]",no,
format-code-task-000045,JavaScript,fcb5d0910fc4,published,0,yes,87758d17d2bd29c9eb6995b26030ff3ce60dce2e,extract:ok,yes,yes,39,428,2,6,0,2,3,3,"{""node-modules"": 1, ""system-dirs"": 2}",[],yes,fix_epochs=1760209710 fix_files=2 worktree_distinct=4,"[""present /tmp"", ""present /opt""]",yes,
format-code-task-000045,JavaScript,fcb5d0910fc4,clean,0,yes,87758d17d2bd29c9eb6995b26030ff3ce60dce2e,extract:ok,yes,no,39,0,1,0,0,2,3,3,"{""node-modules"": 1, ""system-dirs"": 2}",[],no,fix_epochs=946684800 fix_files=2 worktree_distinct=1,"[""present /tmp"", ""present /opt""]",yes,
format-code-task-000047,TypeScript,1b67b35306e7,published,0,yes,7749647d713bb21cab3f9fae68d4ee0cdc504cf4,extract:ok,yes,yes,181,3577,2,40,0,15,19,2,"{""worktree"": 2}",[],yes,fix_epochs=1761824869 fix_files=4 worktree_distinct=23,"[""present /tmp"", ""present /opt""]",yes,
format-code-task-000047,TypeScript,1b67b35306e7,clean,0,yes,7749647d713bb21cab3f9fae68d4ee0cdc504cf4,extract:ok,yes,no,181,0,1,0,0,15,19,2,"{""worktree"": 2}",[],no,fix_epochs=946684800 fix_files=4 worktree_distinct=1,"[""present /tmp"", ""present /opt""]",yes,
format-code-task-000077,Python,037a645bb68e,published,0,yes,051a963f6a1639a1545d3ee9c2d49ebe83d78579,oracle_sweep:oracle:fail,yes,yes,4267,12812,2,53,0,103,112,42,"{""other"": 10, ""site-packages"": 23, ""system-dirs"": 9}",[],no,fix_epochs=1756346591 fix_files=4 worktree_distinct=1,"[""present /tmp"", ""present /opt""]",yes,
format-code-task-000077,Python,037a645bb68e,clean,0,yes,051a963f6a1639a1545d3ee9c2d49ebe83d78579,oracle_sweep:oracle:fail,yes,no,4267,0,1,0,0,103,112,42,"{""other"": 10, ""site-packages"": 23, ""system-dirs"": 9}",[],no,fix_epochs=946684800 fix_files=4 worktree_distinct=1,"[""present /tmp"", ""present /opt""]",yes,
format-code-task-000078,Unknown,a5414de8f950,published,0,yes,34ce96eab6d4eea5d4bec69dae929b4b7edad577,extract:ok,yes,yes,1207,1952,2,212,0,7,8,0,{},[],yes,fix_epochs=1781034248 fix_files=3 worktree_distinct=2,"[""present /root/go/pkg/mod"", ""present /tmp"", ""present /opt""]",yes,
format-code-task-000078,Unknown,a5414de8f950,clean,0,yes,34ce96eab6d4eea5d4bec69dae929b4b7edad577,extract:ok,yes,no,1207,0,1,0,0,7,8,0,{},[],no,fix_epochs=946684800 fix_files=3 worktree_distinct=1,"[""present /root/go/pkg/mod"", ""present /tmp"", ""present /opt""]",no,
format-code-task-000158,Python,b93f3a9056fc,published,0,yes,17047806eb460fd5cc0d226801653397910d5208,oracle_sweep:oracle:pass+nop:fail,yes,yes,45,620,2,10,0,20,22,3,"{""other"": 2, ""system-dirs"": 1}",[],yes,fix_epochs=1757135144 fix_files=4 worktree_distinct=2,"[""present /tmp"", ""present /opt""]",yes,
format-code-task-000158,Python,b93f3a9056fc,clean,0,yes,17047806eb460fd5cc0d226801653397910d5208,oracle_sweep:oracle:pass+nop:fail,yes,no,45,0,1,0,0,20,22,3,"{""other"": 2, ""system-dirs"": 1}",[],no,fix_epochs=946684800 fix_files=4 worktree_distinct=1,"[""present /tmp"", ""present /opt""]",yes,
format-code-task-000160,Python,fda2ea380bd2,published,0,yes,f5a25717d22afe7f7a6ad3dec13a10c69029174b,oracle_sweep:oracle:pass+nop:fail,yes,yes,75,472,2,10,0,24,28,0,{},[],yes,fix_epochs=1757079777 fix_files=3 worktree_distinct=2,"[""present /tmp"", ""present /opt""]",yes,
format-code-task-000160,Python,fda2ea380bd2,clean,0,yes,f5a25717d22afe7f7a6ad3dec13a10c69029174b,oracle_sweep:oracle:pass+nop:fail,yes,no,75,0,1,0,0,24,28,0,{},[],no,fix_epochs=946684800 fix_files=3 worktree_distinct=1,"[""present /tmp"", ""present /opt""]",no,
format-code-task-000236,TypeScript,906e5286e51a,published,0,yes,,none-truncated-history,no,no,728,28856,2,70,0,0,0,0,{},[],no,fix_epochs=? fix_files=0 worktree_distinct=11,"[""present /tmp"", ""present /opt""]",no,fix absent pre-setup; content scan has no oracle
format-code-task-000236,TypeScript,906e5286e51a,clean,0,yes,,none-truncated-history,no,no,728,0,1,0,0,0,0,0,{},[],no,fix_epochs=? fix_files=0 worktree_distinct=1,"[""present /tmp"", ""present /opt""]",no,fix absent pre-setup; content scan has no oracle
format-code-task-000250,Java,aced6a995819,published,0,yes,,none-truncated-history,no,no,5818,146324,2,201,0,0,0,0,{},[],no,fix_epochs=? fix_files=0 worktree_distinct=3,"[""present /root/go/pkg/mod"", ""present /tmp"", ""present /opt""]",no,fix absent pre-setup; content scan has no oracle
format-code-task-000250,Java,aced6a995819,clean,0,yes,,none-truncated-history,no,no,5818,0,1,0,0,0,0,0,{},[],no,fix_epochs=? fix_files=0 worktree_distinct=1,"[""present /root/go/pkg/mod"", ""present /tmp"", ""present /opt""]",no,fix absent pre-setup; content scan has no oracle
format-code-task-000324,Python,e27557b2426b,published,0,yes,33c23eb67893a4c31c31729be16d3db1579f1ebb,oracle_sweep:oracle:pass+nop:fail,yes,no,?,0,0,0,0,58,104,257,"{""other"": 1, ""site-packages"": 254, ""system-dirs"": 2}",[],no,"fix_epochs=1784570952,1784713998 fix_files=10 worktree_distinct=2","[""present /tmp"", ""present /opt""]",yes,setup hid .git (git-hidden); post git checks are blind; no worktree .git post-setup
format-code-task-000324,Python,e27557b2426b,clean,0,yes,33c23eb67893a4c31c31729be16d3db1579f1ebb,oracle_sweep:oracle:pass+nop:fail,yes,no,1,0,1,0,0,58,104,257,"{""other"": 1, ""site-packages"": 254, ""system-dirs"": 2}",[],no,fix_epochs=946684800 fix_files=10 worktree_distinct=1,"[""present /tmp"", ""present /opt""]",yes,
format-code-task-000552,Python,2cab3c04b272,published,0,yes,667a44ed1a154c7c6812a218c97784f9e68cedda,oracle_sweep:oracle:fail-network,yes,no,?,0,0,0,0,127,343,6,"{""site-packages"": 5, ""worktree"": 1}",[],no,"fix_epochs=1784572663,1784719523 fix_files=13 worktree_distinct=2","[""present /tmp"", ""present /opt""]",yes,setup hid .git (git-hidden); post git checks are blind; no worktree .git post-setup
format-code-task-000552,Python,2cab3c04b272,clean,0,yes,667a44ed1a154c7c6812a218c97784f9e68cedda,oracle_sweep:oracle:fail-network,yes,no,1,0,1,0,0,127,343,6,"{""site-packages"": 5, ""worktree"": 1}",[],no,fix_epochs=946684800 fix_files=13 worktree_distinct=1,"[""present /tmp"", ""present /opt""]",yes,
format-code-task-000553,Go,40985110a355,published,0,yes,5588a6554d3592f2854a23f2c8128fd325a51b11,extract:ok-divergent,yes,no,?,0,0,0,0,15,31,40,"{""go-mod-cache"": 40}",[],no,"fix_epochs=1780903244,1780903347 fix_files=25 worktree_distinct=2","[""present /root/go/pkg/mod"", ""present /tmp"", ""present /opt""]",yes,setup hid .git (git-hidden); post git checks are blind; no worktree .git post-setup
format-code-task-000553,Go,40985110a355,clean,0,yes,5588a6554d3592f2854a23f2c8128fd325a51b11,extract:ok-divergent,yes,no,1,0,1,0,0,15,31,40,"{""go-mod-cache"": 40}",[],no,fix_epochs=946684800 fix_files=25 worktree_distinct=1,"[""present /root/go/pkg/mod"", ""present /tmp"", ""present /opt""]",yes,
format-code-task-000666,Python,b23a0ff9eb97,published,0,yes,8d106a3e80566bd7d1d75dc90303a29100c83e15,oracle_sweep:oracle:pass+nop:fail,yes,no,?,0,0,0,0,714,2704,0,{},[],no,"fix_epochs=1784573252,1784889466 fix_files=987 worktree_distinct=3","[""present /tmp"", ""present /opt""]",no,setup hid .git (git-hidden); post git checks are blind; no worktree .git post-setup
format-code-task-000666,Python,b23a0ff9eb97,clean,0,yes,8d106a3e80566bd7d1d75dc90303a29100c83e15,oracle_sweep:oracle:pass+nop:fail,yes,no,1,0,1,0,0,714,2704,0,{},[],no,fix_epochs=946684800 fix_files=987 worktree_distinct=1,"[""present /tmp"", ""present /opt""]",no,
format-code-task-000681,Rust,fa7998e14b2b,published,0,yes,e8c0b53391c1937ddd374a9ae003787a26c16e70,extract:ok,yes,yes,5,153915,2,0,0,4,8,0,{},[],yes,fix_epochs=1781010080 fix_files=10 worktree_distinct=76,"[""present /root/go/pkg/mod"", ""present /tmp"", ""present /opt""]",yes,
format-code-task-000681,Rust,fa7998e14b2b,clean,0,yes,e8c0b53391c1937ddd374a9ae003787a26c16e70,extract:ok,yes,no,5,0,1,0,0,4,8,0,{},[],no,fix_epochs=946684800 fix_files=10 worktree_distinct=1,"[""present /root/go/pkg/mod"", ""present /tmp"", ""present /opt""]",no,
format-code-task-000792,Python,04716b783dd9,published,0,yes,9d1bdbcba5f51729d32bc1ccd312acd65abb7985,har168-prompt-ban-spec,yes,yes,251,14004,2,0,0,10,12,0,{},[],yes,fix_epochs=1779152221 fix_files=6 worktree_distinct=2,"[""present /root/go/pkg/mod"", ""present /tmp"", ""present /opt""]",yes,
format-code-task-000792,Python,04716b783dd9,clean,0,yes,9d1bdbcba5f51729d32bc1ccd312acd65abb7985,har168-prompt-ban-spec,yes,no,251,0,1,0,0,10,12,0,{},[],no,fix_epochs=946684800 fix_files=6 worktree_distinct=1,"[""present /root/go/pkg/mod"", ""present /tmp"", ""present /opt""]",no,
format-code-task-000832,Python,f16cc91db99d,published,0,yes,e1884b9732d9378167e5536e6563fc6bd56c0689,oracle_sweep:oracle:pass+nop:fail,yes,yes,152,44,2,13,0,1,2,1,"{""site-packages"": 1}",[],yes,fix_epochs=1762966443 fix_files=3 worktree_distinct=2,"[""present /tmp"", ""present /opt""]",yes,
format-code-task-000832,Python,f16cc91db99d,clean,0,yes,e1884b9732d9378167e5536e6563fc6bd56c0689,oracle_sweep:oracle:pass+nop:fail,yes,no,152,0,1,0,0,1,2,0,{},[],no,fix_epochs=946684800 fix_files=3 worktree_distinct=1,"[""present /tmp"", ""present /opt""]",no,
format-code-task-000905,Python,a23d8194c7b6,published,0,yes,49c75e5a89095e129e229fa5cdeb5c6ecbfdbaf6,extract:ok,yes,yes,953,355,2,75,0,3,3,0,{},[],yes,fix_epochs=1762952780 fix_files=2 worktree_distinct=2,"[""present /tmp"", ""present /opt""]",yes,
format-code-task-000905,Python,a23d8194c7b6,clean,0,yes,49c75e5a89095e129e229fa5cdeb5c6ecbfdbaf6,extract:ok,yes,no,953,0,1,0,0,3,3,0,{},[],no,fix_epochs=946684800 fix_files=2 worktree_distinct=1,"[""present /tmp"", ""present /opt""]",no,
format-code-task-001198,Python,0ed669f6e9f9,published,0,yes,a3820561736bde9bd243e7b7490aa2e48bf05dcc,extract:ok,yes,yes,7530,7973,2,116,0,5,109,0,{},[],no,fix_epochs=1781100362 fix_files=1 worktree_distinct=14,"[""present /root/go/pkg/mod"", ""present /tmp"", ""present /opt""]",yes,
format-code-task-001198,Python,0ed669f6e9f9,clean,0,yes,a3820561736bde9bd243e7b7490aa2e48bf05dcc,extract:ok,yes,no,7530,0,1,0,0,5,109,0,{},[],no,fix_epochs=946684800 fix_files=1 worktree_distinct=1,"[""present /root/go/pkg/mod"", ""present /tmp"", ""present /opt""]",no,
format-code-task-001269,Python,e4feae817a2d,published,0,yes,9b9ac96d1bcf5913d15fdd08a4a203d76ec3de29,extract:ok,yes,no,632,0,1,0,0,17,20,0,{},[],yes,fix_epochs=1762927471 fix_files=4 worktree_distinct=2,"[""present /tmp"", ""present /opt""]",no,
format-code-task-001269,Python,e4feae817a2d,clean,0,yes,9b9ac96d1bcf5913d15fdd08a4a203d76ec3de29,extract:ok,yes,no,632,0,1,0,0,17,20,0,{},[],no,fix_epochs=946684800 fix_files=4 worktree_distinct=1,"[""present /tmp"", ""present /opt""]",no,
format-code-task-001738,Unknown,6a7254e961a1,published,0,yes,0bad1674b54fbea8e72a2ba4399d24f1e8cda562,sibling-of-test-commit,yes,yes,204,18412,2,3,0,1,4,0,{},[],no,fix_epochs=? fix_files=0 worktree_distinct=?,[],yes,docker rc=?
format-code-task-001809,Python,5601987ef363,published,0,yes,86db835beb39f1e86876ea9f61fd13c031651fcc,oracle_sweep:oracle:pass+nop:fail,yes,yes,3784,65725,2,57,0,14,20,0,{},[],yes,fix_epochs=1763073821 fix_files=4 worktree_distinct=2,"[""present /tmp"", ""present /opt""]",yes,
format-code-task-001809,Python,5601987ef363,clean,0,yes,86db835beb39f1e86876ea9f61fd13c031651fcc,oracle_sweep:oracle:pass+nop:fail,yes,no,3784,0,1,0,0,14,20,0,{},[],no,fix_epochs=946684800 fix_files=4 worktree_distinct=1,"[""present /tmp"", ""present /opt""]",no,
format-code-task-002391,Python,fec750dc1ef0,published,0,yes,6a6b1fc1a093b2e98f9d748f7ae3b080bbaacacd,oracle_sweep:oracle:pass+nop:fail,yes,no,?,0,0,0,0,38,40,0,{},[],no,"fix_epochs=1782284036,1782703676 fix_files=11 worktree_distinct=3","[""present /tmp"", ""present /opt""]",no,setup hid .git (git-hidden); post git checks are blind; no worktree .git post-setup
format-code-task-002391,Python,fec750dc1ef0,clean,0,yes,6a6b1fc1a093b2e98f9d748f7ae3b080bbaacacd,oracle_sweep:oracle:pass+nop:fail,yes,no,1,0,1,0,0,38,40,0,{},[],no,fix_epochs=946684800 fix_files=11 worktree_distinct=1,"[""present /tmp"", ""present /opt""]",no,
format-code-task-002402,Python,6d706ce6902c,published,0,yes,56f63eb604787879a4943008edeb9c50bd9207b6,oracle_sweep:oracle:pass+nop:fail,yes,yes,1270,4113,2,33,0,6,8,0,{},[],yes,fix_epochs=1763074152 fix_files=2 worktree_distinct=3,"[""present /tmp"", ""present /opt""]",yes,
format-code-task-002402,Python,6d706ce6902c,clean,0,yes,56f63eb604787879a4943008edeb9c50bd9207b6,oracle_sweep:oracle:pass+nop:fail,yes,no,1270,0,1,0,0,6,8,0,{},[],no,fix_epochs=946684800 fix_files=2 worktree_distinct=1,"[""present /tmp"", ""present /opt""]",no,
format-code-task-002486,Python,b2f741c0788f,published,0,yes,cbea72c2838fe015335a52d8a76aa1a387aac0d1,extract-s2-candidate,yes,no,?,0,0,0,0,1,42,2,"{""worktree"": 2}",[],yes,fix_epochs=1782293145 fix_files=2 worktree_distinct=4,"[""present /tmp"", ""present /opt""]",yes,setup hid .git (git-hidden); post git checks are blind; no worktree .git post-setup
format-code-task-002486,Python,b2f741c0788f,clean,0,yes,cbea72c2838fe015335a52d8a76aa1a387aac0d1,extract-s2-candidate,yes,no,1,0,1,0,0,1,42,2,"{""worktree"": 2}",[],no,fix_epochs=946684800 fix_files=2 worktree_distinct=1,"[""present /tmp"", ""present /opt""]",yes,
format-code-task-002552,Python,2dcbed218c61,published,0,yes,e88159fbac2f2f2673641586fa46517632e7b1f2,oracle_sweep:oracle:pass+nop:fail,yes,yes,1001,233,2,49,0,7,7,0,{},[],no,fix_epochs=1754202131 fix_files=2 worktree_distinct=1,"[""present /tmp"", ""present /opt""]",yes,
format-code-task-002552,Python,2dcbed218c61,clean,0,yes,e88159fbac2f2f2673641586fa46517632e7b1f2,oracle_sweep:oracle:pass+nop:fail,yes,no,1001,0,1,0,0,7,7,0,{},[],no,fix_epochs=946684800 fix_files=2 worktree_distinct=1,"[""present /tmp"", ""present /opt""]",no,
format-code-task-002864,Python,e6beffe62ab4,published,0,yes,173e4425b692728abffa8542324690823f984303,oracle_sweep:oracle:patch-conflict,yes,yes,5151,14887,2,617,0,4,13,0,{},[],no,"fix_epochs=1762855692,1762855895 fix_files=8 worktree_distinct=3","[""present /tmp"", ""present /opt""]",yes,
format-code-task-002864,Python,e6beffe62ab4,clean,0,yes,173e4425b692728abffa8542324690823f984303,oracle_sweep:oracle:patch-conflict,yes,no,5151,0,1,0,0,4,13,0,{},[],no,fix_epochs=946684800 fix_files=8 worktree_distinct=1,"[""present /tmp"", ""present /opt""]",no,
format-code-task-002938,Python,000dfe3f1615,published,0,yes,1ead169e1665b2afc3153f254cb0573c7c63cf33,oracle_sweep:oracle:fail,yes,no,?,0,0,0,0,5,5,0,{},[],no,fix_epochs=1784758861 fix_files=1 worktree_distinct=2,"[""present /tmp"", ""present /opt""]",no,setup hid .git (git-hidden); post git checks are blind; no worktree .git post-setup
format-code-task-002938,Python,000dfe3f1615,clean,0,yes,1ead169e1665b2afc3153f254cb0573c7c63cf33,oracle_sweep:oracle:fail,yes,no,1,0,1,0,0,5,5,0,{},[],no,fix_epochs=946684800 fix_files=1 worktree_distinct=1,"[""present /tmp"", ""present /opt""]",no,
format-code-task-002947,Unknown,12d2f4c685c4,published,0,yes,055c68455ed6dc2075d02bd3de79cd3db7a87a5a,extract-patch-no-apply,yes,yes,27377,213520,2,39,0,25,64,0,{},[],yes,fix_epochs=1762020073 fix_files=5 worktree_distinct=3,"[""present /tmp"", ""present /opt""]",yes,
format-code-task-002947,Unknown,12d2f4c685c4,clean,0,yes,055c68455ed6dc2075d02bd3de79cd3db7a87a5a,extract-patch-no-apply,yes,no,27377,0,1,0,0,25,64,0,{},[],no,fix_epochs=946684800 fix_files=5 worktree_distinct=1,"[""present /tmp"", ""present /opt""]",no,
