task_id,manifest_version,final_digest,nop,oracle,ladder_verdict,ladder_cracking_attacks,census_locations,backend,cost_usd,run_ids
format-code-task-000043,mimo-clean-v1,sha256:3ac8e7df78bf8e3c91ee2bb42943d4799a55eda0d5b4017fbdcbe40663eab8e4,0,n/a,backend-unsupported,,,daytona,0.0089,mimo-census-v1-daytona-000043-nop
format-code-task-000043,mimo-clean-v1,sha256:3ac8e7df78bf8e3c91ee2bb42943d4799a55eda0d5b4017fbdcbe40663eab8e4,0,n/a,clean,,,docker,0.0089,"mimo-census-v1-docker-000043-nop,mimo-census-v1-docker-000043-cheat"
format-code-task-000049,mimo-clean-v1,sha256:a3477c6df8ab8f162fa69d9b427f383596843fd42a1b5159eeafa7aa007b465c,0,n/a,backend-unsupported,,,daytona,0.0089,mimo-census-v1-daytona-000049-nop
format-code-task-000049,mimo-clean-v1,sha256:a3477c6df8ab8f162fa69d9b427f383596843fd42a1b5159eeafa7aa007b465c,0,n/a,clean,,,docker,0.0089,"mimo-census-v1-docker-000049-nop,mimo-census-v1-docker-000049-cheat"
format-code-task-000050,mimo-clean-v1,sha256:f74a0ac841c274e53ddbc1b7cd6e3da49ebdb3d36560e93d757ed539ba9b11e2,0-noexec,n/a,backend-unsupported,,,daytona,0.0089,mimo-census-v1-daytona-000050-nop
format-code-task-000050,mimo-clean-v1,sha256:f74a0ac841c274e53ddbc1b7cd6e3da49ebdb3d36560e93d757ed539ba9b11e2,0-noexec,n/a,clean,,,docker,0.0089,"mimo-census-v1-docker-000050-nop,mimo-census-v1-docker-000050-cheat"
format-code-task-000051,mimo-clean-v1,sha256:fae8577e8e3f29a170a11cc04c7aaf92025e9d9778a0702cdb842f04d17dfcc4,0-noexec,n/a,backend-unsupported,,,daytona,0.0089,mimo-census-v1-daytona-000051-nop
format-code-task-000051,mimo-clean-v1,sha256:fae8577e8e3f29a170a11cc04c7aaf92025e9d9778a0702cdb842f04d17dfcc4,0-noexec,n/a,clean,,,docker,0.0089,"mimo-census-v1-docker-000051-nop,mimo-census-v1-docker-000051-cheat"
format-code-task-000085,mimo-clean-v1,sha256:b6fd4ba4d3e41ec071ae0af40cab29cfe2f7a8912ce839ae5b7891cabdfd751c,0,1,backend-unsupported,,,daytona,0.0089,mimo-census-v1-daytona-000085-nop
format-code-task-000085,mimo-clean-v1,sha256:b6fd4ba4d3e41ec071ae0af40cab29cfe2f7a8912ce839ae5b7891cabdfd751c,0,1,clean,,,docker,0.0089,"mimo-census-v1-docker-000085-nop,mimo-census-v1-docker-000085-cheat"
format-code-task-000158,mimo-clean-v1,sha256:839a04cceff73abc6010909a53e045feeedf45f1eb98db35a2dae546413ee7f2,0,1,backend-unsupported,,,daytona,0.0089,mimo-census-v1-daytona-000158-nop
format-code-task-000158,mimo-clean-v1,sha256:839a04cceff73abc6010909a53e045feeedf45f1eb98db35a2dae546413ee7f2,0,1,clean,,,docker,0.0089,"mimo-census-v1-docker-000158-nop,mimo-census-v1-docker-000158-cheat"
format-code-task-000159,mimo-clean-v1,sha256:df8e657de0d9b782f76b4a5d27890d364af860a1929cc7d78a0c08a9f7fd429e,0,1,backend-unsupported,,,daytona,0.0089,mimo-census-v1-daytona-000159-nop
format-code-task-000159,mimo-clean-v1,sha256:df8e657de0d9b782f76b4a5d27890d364af860a1929cc7d78a0c08a9f7fd429e,0,1,clean,,,docker,0.0089,"mimo-census-v1-docker-000159-nop,mimo-census-v1-docker-000159-cheat"
format-code-task-000160,mimo-clean-v1,sha256:c1b3ce9d39ff8e9718958b7a84f5c88c97b00953f07fc5258b6513b2d20cdbc2,0,1,backend-unsupported,,,daytona,0.0089,mimo-census-v1-daytona-000160-nop
format-code-task-000160,mimo-clean-v1,sha256:c1b3ce9d39ff8e9718958b7a84f5c88c97b00953f07fc5258b6513b2d20cdbc2,0,1,clean,,,docker,0.0089,"mimo-census-v1-docker-000160-nop,mimo-census-v1-docker-000160-cheat"
format-code-task-000161,mimo-clean-v1,sha256:28825a9eb14d26acf4dc92897d00b5f98d574d143db8bf4f475160b4f9875300,0,1,backend-unsupported,,,daytona,0.0089,mimo-census-v1-daytona-000161-nop
format-code-task-000161,mimo-clean-v1,sha256:28825a9eb14d26acf4dc92897d00b5f98d574d143db8bf4f475160b4f9875300,0,1,clean,,,docker,0.0089,"mimo-census-v1-docker-000161-nop,mimo-census-v1-docker-000161-cheat"
format-code-task-000666,mimo-clean-v1,sha256:317dee27b9a5ae59700dfb416a7696571892e65e54fafb0f88762d16f203104e,0,1,backend-unsupported,,,daytona,0.0089,mimo-census-v1-daytona-000666-nop
format-code-task-000666,mimo-clean-v1,sha256:317dee27b9a5ae59700dfb416a7696571892e65e54fafb0f88762d16f203104e,0,1,clean,,,docker,0.0089,"mimo-census-v1-docker-000666-cheat,mimo-census-v1-docker-000666-nop,mimo-census-v1-docker-000666-oracle"
format-code-task-000792,mimo-clean-v1,sha256:9061143b0d82389a67e9aa28a6b95e974a6a325964366b4dcf3a22919be23e7c,0,n/a,backend-unsupported,,,daytona,0.0089,mimo-census-v1-daytona-000792-nop
format-code-task-000792,mimo-clean-v1,sha256:9061143b0d82389a67e9aa28a6b95e974a6a325964366b4dcf3a22919be23e7c,0,n/a,clean,,,docker,0.0089,"mimo-census-v1-docker-000792-nop,mimo-census-v1-docker-000792-cheat"
format-code-task-001198,mimo-clean-v1,sha256:22ee48638184520b88c514ecceca125edaacea6c6e580736f7071669c765888c,0,n/a,clean,,,docker,0.0089,"mimo-census-v1-docker-001198-nop,mimo-census-v1-docker-001198-cheat"
format-code-task-001269,mimo-clean-v1,sha256:35c0b3e5aabbbc870e9e0d46a9fbb3cae5112bfc7430f598d488925b4b254447,0,n/a,backend-unsupported,,,daytona,0.0089,mimo-census-v1-daytona-001269-nop
format-code-task-001269,mimo-clean-v1,sha256:35c0b3e5aabbbc870e9e0d46a9fbb3cae5112bfc7430f598d488925b4b254447,0,n/a,clean,,,docker,0.0089,"mimo-census-v1-docker-001269-cheat,mimo-census-v1-docker-001269-nop"
format-code-task-001809,mimo-clean-v1,sha256:8255bc618fbff5977b57c49dd48871ab6f2351cd954cf473add2b06c70f02a13,0,1,backend-unsupported,,,daytona,0.0089,mimo-census-v1-daytona-001809-nop
format-code-task-001809,mimo-clean-v1,sha256:8255bc618fbff5977b57c49dd48871ab6f2351cd954cf473add2b06c70f02a13,0,1,clean,,,docker,0.0089,"mimo-census-v1-docker-001809-cheat,mimo-census-v1-docker-001809-nop,mimo-census-v1-docker-001809-oracle"
format-code-task-002139,mimo-clean-v1,sha256:572cbc663479d7b4ff6d20b5e7242585a46650e29ebccab61c89b5a9e7054fa9,0,n/a,backend-unsupported,,,daytona,0.0089,mimo-census-v1-daytona-002139-nop
format-code-task-002139,mimo-clean-v1,sha256:572cbc663479d7b4ff6d20b5e7242585a46650e29ebccab61c89b5a9e7054fa9,0,n/a,partial,,,docker,0.0089,"mimo-census-v1-docker-002139-nop,mimo-census-v1-docker-002139-cheat"
format-code-task-002308,mimo-clean-v1,sha256:519a7dd1398476075fd37c048dd8a87d88546d1f54ba2c11cb9384a31a7c1e04,0,n/a,backend-unsupported,,,daytona,0.0089,mimo-census-v1-daytona-002308-nop
format-code-task-002308,mimo-clean-v1,sha256:519a7dd1398476075fd37c048dd8a87d88546d1f54ba2c11cb9384a31a7c1e04,0,n/a,clean,,,docker,0.0089,"mimo-census-v1-docker-002308-nop,mimo-census-v1-docker-002308-cheat"
format-code-task-002391,mimo-clean-v1,sha256:2283fe8fe3d203696291edfa0ac924ae21e387f50855b958baf5c0a00c2996b0,0,1,backend-unsupported,,,daytona,0.0089,mimo-census-v1-daytona-002391-nop
format-code-task-002391,mimo-clean-v1,sha256:2283fe8fe3d203696291edfa0ac924ae21e387f50855b958baf5c0a00c2996b0,0,1,clean,,,docker,0.0089,"mimo-census-v1-docker-002391-cheat,mimo-census-v1-docker-002391-nop,mimo-census-v1-docker-002391-oracle"
format-code-task-002402,mimo-clean-v1,sha256:f78ff8d5ae1be4728857729de795175696e9dedd9e399f07bfe616bdbb285d2d,0,1,backend-unsupported,,,daytona,0.0089,mimo-census-v1-daytona-002402-nop
format-code-task-002402,mimo-clean-v1,sha256:f78ff8d5ae1be4728857729de795175696e9dedd9e399f07bfe616bdbb285d2d,0,1,clean,,,docker,0.0089,"mimo-census-v1-docker-002402-nop,mimo-census-v1-docker-002402-cheat"
format-code-task-002486,mimo-clean-v1,sha256:af38c9b995b960119e7ab9cca6f2e8b8246ec945c4f6b17c95b74dd8f6c70be6,0,n/a,backend-unsupported,,,daytona,0.0089,mimo-census-v1-daytona-002486-nop
format-code-task-002552,mimo-clean-v1,sha256:71c421067610e5868bb3ea98f2e6def5ea082cdf5b54f41f51e6a5cd6c6c0737,0,1,backend-unsupported,,,daytona,0.0089,mimo-census-v1-daytona-002552-nop
format-code-task-002552,mimo-clean-v1,sha256:71c421067610e5868bb3ea98f2e6def5ea082cdf5b54f41f51e6a5cd6c6c0737,0,1,clean,,,docker,0.0089,"mimo-census-v1-docker-002552-cheat,mimo-census-v1-docker-002552-nop,mimo-census-v1-docker-002552-oracle"
format-code-task-002552,mimo-clean-v1,sha256:71c421067610e5868bb3ea98f2e6def5ea082cdf5b54f41f51e6a5cd6c6c0737,setup-fail,setup-fail,unscored,,,modal,0.0089,"mimo-census-v1-modal-002552-cheat,mimo-census-v1-modal-002552-nop,mimo-census-v1-modal-002552-oracle-attempt2"
