task_id,unlocked_nop,locked_nop,changed
format-code-task-000003,sound,sound,0
format-code-task-000008,sound,sound,0
format-code-task-000016,sound,,
format-code-task-000018,sound,,
format-code-task-000019,sound,,
format-code-task-000022,sound,,
format-code-task-000023,sound,,
format-code-task-000031,sound,,
format-code-task-000041,sound,sound,0
format-code-task-000042,sound,,
format-code-task-000043,sound,,
format-code-task-000049,sound,,
format-code-task-000050,sound,,
format-code-task-000051,sound,,
format-code-task-000067,sound,,
format-code-task-000076,sound,,
format-code-task-000077,sound,sound,0
format-code-task-000079,sound,,
format-code-task-000080,sound,,
format-code-task-000081,sound,,
format-code-task-000083,sound,,
format-code-task-000084,sound,,
format-code-task-000085,sound,sound,0
format-code-task-000087,sound,,
format-code-task-000089,sound,,
format-code-task-000090,sound,,
format-code-task-000092,sound,sound,0
format-code-task-000093,sound,sound,0
format-code-task-000100,sound,,
format-code-task-000102,sound,sound,0
format-code-task-000110,sound,sound,0
format-code-task-000114,sound,,
format-code-task-000115,sound,,
format-code-task-000116,sound,,
format-code-task-000119,sound,,
format-code-task-000122,sound,,
format-code-task-000125,sound,,
format-code-task-000126,sound,,
format-code-task-000127,sound,,
format-code-task-000141,sound,,
format-code-task-000142,sound,sound,0
format-code-task-000143,sound,sound,0
format-code-task-000144,sound,sound,0
format-code-task-000145,sound,sound,0
format-code-task-000146,sound,sound,0
format-code-task-000147,sound,sound,0
format-code-task-000148,sound,sound,0
format-code-task-000149,sound,sound,0
format-code-task-000152,sound,sound,0
format-code-task-000153,sound,sound,0
format-code-task-000154,sound,sound,0
format-code-task-000155,sound,sound,0
format-code-task-000156,sound,sound,0
format-code-task-000157,sound,sound,0
format-code-task-000158,sound,sound,0
format-code-task-000159,sound,sound,0
format-code-task-000160,sound,sound,0
format-code-task-000161,sound,sound,0
format-code-task-000163,sound,,
format-code-task-000164,sound,sound,0
format-code-task-000168,sound,,
format-code-task-000169,sound,sound,0
format-code-task-000171,sound,,
format-code-task-000175,sound,sound,0
format-code-task-000177,sound,,
format-code-task-000178,sound,,
format-code-task-000179,sound,,
format-code-task-000181,sound,,
format-code-task-000182,sound,,
format-code-task-000189,sound,,
format-code-task-000190,sound,sound,0
format-code-task-000191,sound,,
format-code-task-000195,sound,,
format-code-task-000199,sound,,
format-code-task-000200,sound,,
format-code-task-000201,sound,,
format-code-task-000202,sound,sound,0
format-code-task-000203,sound,,
format-code-task-000204,sound,,
format-code-task-000209,sound,,
format-code-task-000211,sound,,
format-code-task-000212,sound,,
format-code-task-000213,sound,,
format-code-task-000215,sound,,
format-code-task-000216,sound,,
format-code-task-000219,sound,,
format-code-task-000220,sound,,
format-code-task-000221,sound,sound,0
format-code-task-000222,sound,,
format-code-task-000223,sound,,
format-code-task-000224,sound,,
format-code-task-000225,sound,sound,0
format-code-task-000226,sound,sound,0
format-code-task-000227,sound,sound,0
format-code-task-000228,sound,,
format-code-task-000229,sound,infra:DaytonaConflictError,
format-code-task-000230,sound,sound,0
format-code-task-000232,sound,,
format-code-task-000233,sound,,
format-code-task-000234,sound,,
format-code-task-000235,sound,,
format-code-task-000237,sound,sound,0
format-code-task-000239,sound,sound,0
format-code-task-000241,sound,,
format-code-task-000242,sound,sound,0
format-code-task-000253,sound,,
format-code-task-000255,sound,,
format-code-task-000256,sound,,
format-code-task-000257,sound,,
format-code-task-000262,sound,,
format-code-task-000263,sound,,
format-code-task-000264,sound,,
format-code-task-000272,sound,sound,0
format-code-task-000273,sound,,
format-code-task-000275,sound,sound,0
format-code-task-000279,sound,,
format-code-task-000281,sound,,
format-code-task-000285,sound,,
format-code-task-000296,sound,sound,0
format-code-task-000297,sound,sound,0
format-code-task-000302,sound,sound,0
format-code-task-000306,sound,,
format-code-task-000310,sound,sound,0
format-code-task-000311,sound,sound,0
format-code-task-000312,sound,,
format-code-task-000313,sound,sound,0
format-code-task-000315,sound,sound,0
format-code-task-000318,sound,sound,0
format-code-task-000320,sound,sound,0
format-code-task-000322,sound,,
format-code-task-000323,sound,,
format-code-task-000324,sound,sound,0
format-code-task-000325,sound,,
format-code-task-000326,sound,,
format-code-task-000327,sound,,
format-code-task-000328,sound,,
format-code-task-000329,sound,,
format-code-task-000330,sound,,
format-code-task-000332,sound,sound,0
format-code-task-000333,sound,sound,0
format-code-task-000334,sound,,
format-code-task-000336,sound,,
format-code-task-000337,sound,sound,0
format-code-task-000338,sound,,
format-code-task-000339,sound,,
format-code-task-000341,sound,sound,0
format-code-task-000343,sound,sound,0
format-code-task-000349,sound,sound,0
format-code-task-000352,sound,,
format-code-task-000354,sound,,
format-code-task-000357,sound,,
format-code-task-000360,sound,,
format-code-task-000363,sound,sound,0
format-code-task-000364,sound,,
format-code-task-000365,sound,sound,0
format-code-task-000366,sound,,
format-code-task-000370,sound,,
format-code-task-000371,sound,sound,0
format-code-task-000372,sound,sound,0
format-code-task-000377,sound,sound,0
format-code-task-000379,sound,sound,0
format-code-task-000383,sound,sound,0
format-code-task-000389,sound,sound,0
format-code-task-000390,sound,sound,0
format-code-task-000392,sound,,
format-code-task-000402,sound,sound,0
format-code-task-000403,sound,sound,0
format-code-task-000404,sound,,
format-code-task-000405,sound,sound,0
format-code-task-000406,sound,sound,0
format-code-task-000407,sound,sound,0
format-code-task-000408,sound,sound,0
format-code-task-000409,sound,sound,0
format-code-task-000410,sound,sound,0
format-code-task-000411,sound,sound,0
format-code-task-000412,sound,sound,0
format-code-task-000413,sound,sound,0
format-code-task-000414,sound,sound,0
format-code-task-000415,sound,sound,0
format-code-task-000416,sound,,
format-code-task-000417,sound,,
format-code-task-000418,sound,,
format-code-task-000419,sound,,
format-code-task-000420,sound,,
format-code-task-000421,sound,sound,0
format-code-task-000438,sound,sound,0
format-code-task-000444,sound,,
format-code-task-000450,sound,broken_environment,1
format-code-task-000458,sound,,
format-code-task-000466,sound,sound,0
format-code-task-000467,sound,sound,0
format-code-task-000471,sound,sound,0
format-code-task-000472,sound,sound,0
format-code-task-000474,sound,sound,0
format-code-task-000484,sound,,
format-code-task-000488,sound,sound,0
format-code-task-000489,sound,sound,0
format-code-task-000492,sound,sound,0
format-code-task-000494,sound,,
format-code-task-000495,sound,,
format-code-task-000496,sound,sound,0
format-code-task-000497,sound,sound,0
format-code-task-000498,sound,sound,0
format-code-task-000505,sound,,
format-code-task-000511,sound,sound,0
format-code-task-000512,sound,sound,0
format-code-task-000513,sound,sound,0
format-code-task-000517,sound,,
format-code-task-000519,sound,sound,0
format-code-task-000520,sound,sound,0
format-code-task-000521,sound,sound,0
format-code-task-000523,sound,sound,0
format-code-task-000525,sound,sound,0
format-code-task-000526,sound,sound,0
format-code-task-000527,sound,,
format-code-task-000529,sound,sound,0
format-code-task-000530,sound,sound,0
format-code-task-000531,sound,sound,0
format-code-task-000540,sound,,
format-code-task-000541,sound,,
format-code-task-000542,sound,,
format-code-task-000543,sound,,
format-code-task-000544,sound,,
format-code-task-000545,sound,sound,0
format-code-task-000550,sound,sound,0
format-code-task-000552,sound,sound,0
format-code-task-000557,sound,,
format-code-task-000558,sound,sound,0
format-code-task-000560,sound,,
format-code-task-000561,sound,,
format-code-task-000566,sound,sound,0
format-code-task-000568,sound,sound,0
format-code-task-000571,sound,sound,0
format-code-task-000573,sound,,
format-code-task-000580,sound,sound,0
format-code-task-000581,sound,sound,0
format-code-task-000582,sound,,
format-code-task-000585,sound,sound,0
format-code-task-000587,sound,,
format-code-task-000589,sound,,
format-code-task-000592,sound,,
format-code-task-000593,sound,sound,0
format-code-task-000605,sound,,
format-code-task-000609,sound,,
format-code-task-000617,sound,,
format-code-task-000624,sound,infra:DaytonaConflictError,
format-code-task-000625,sound,,
format-code-task-000633,sound,sound,0
format-code-task-000634,sound,sound,0
format-code-task-000635,sound,sound,0
format-code-task-000636,sound,sound,0
format-code-task-000644,sound,sound,0
format-code-task-000645,sound,,
format-code-task-000651,sound,sound,0
format-code-task-000652,sound,sound,0
format-code-task-000654,sound,,
format-code-task-000655,sound,,
format-code-task-000657,sound,sound,0
format-code-task-000659,sound,,
format-code-task-000666,sound,sound,0
format-code-task-000670,sound,sound,0
format-code-task-000680,sound,sound,0
format-code-task-000682,sound,,
format-code-task-000683,sound,,
format-code-task-000684,sound,,
format-code-task-000698,sound,sound,0
format-code-task-000700,sound,,
format-code-task-000702,sound,,
format-code-task-000703,sound,,
format-code-task-000705,sound,,
format-code-task-000706,sound,,
format-code-task-000708,sound,,
format-code-task-000717,sound,,
format-code-task-000725,sound,,
format-code-task-000726,sound,,
format-code-task-000728,sound,,
format-code-task-000732,sound,sound,0
format-code-task-000734,sound,,
format-code-task-000735,sound,sound,0
format-code-task-000737,sound,,
format-code-task-000742,sound,sound,0
format-code-task-000744,sound,,
format-code-task-000745,sound,,
format-code-task-000746,sound,,
format-code-task-000747,sound,,
format-code-task-000749,sound,,
format-code-task-000750,sound,sound,0
format-code-task-000752,sound,,
format-code-task-000753,sound,,
format-code-task-000755,sound,,
format-code-task-000767,sound,sound,0
format-code-task-000768,sound,sound,0
format-code-task-000769,sound,,
format-code-task-000771,sound,,
format-code-task-000773,sound,,
format-code-task-000783,sound,sound,0
format-code-task-000784,sound,,
format-code-task-000785,sound,sound,0
format-code-task-000786,sound,,
format-code-task-000787,sound,,
format-code-task-000788,sound,,
format-code-task-000792,sound,,
format-code-task-000795,sound,sound,0
format-code-task-000802,sound,,
format-code-task-000803,sound,sound,0
format-code-task-000809,sound,,
format-code-task-000810,sound,sound,0
format-code-task-000812,sound,sound,0
format-code-task-000813,sound,sound,0
format-code-task-000814,sound,sound,0
format-code-task-000817,sound,,
format-code-task-000818,sound,,
format-code-task-000821,sound,sound,0
format-code-task-000823,sound,sound,0
format-code-task-000825,sound,,
format-code-task-000831,sound,sound,0
format-code-task-000832,sound,sound,0
format-code-task-000833,sound,sound,0
format-code-task-000834,sound,sound,0
format-code-task-000838,sound,sound,0
format-code-task-000841,sound,,
format-code-task-000842,sound,sound,0
format-code-task-000843,sound,sound,0
format-code-task-000844,sound,sound,0
format-code-task-000847,sound,,
format-code-task-000852,sound,sound,0
format-code-task-000854,sound,sound,0
format-code-task-000865,sound,sound,0
format-code-task-000866,sound,sound,0
format-code-task-000870,sound,sound,0
format-code-task-000871,sound,,
format-code-task-000878,sound,sound,0
format-code-task-000879,sound,,
format-code-task-000881,sound,,
format-code-task-000887,sound,,
format-code-task-000905,sound,sound,0
format-code-task-000906,sound,sound,0
format-code-task-000918,sound,,
format-code-task-000923,sound,,
format-code-task-000924,sound,sound,0
format-code-task-000925,sound,,
format-code-task-000926,sound,sound,0
format-code-task-000927,sound,sound,0
format-code-task-000930,sound,,
format-code-task-000931,sound,,
format-code-task-000932,sound,sound,0
format-code-task-000939,sound,,
format-code-task-000941,sound,sound,0
format-code-task-000944,sound,,
format-code-task-000945,sound,,
format-code-task-000956,sound,,
format-code-task-000957,sound,,
format-code-task-000960,sound,,
format-code-task-000964,sound,,
format-code-task-000966,sound,,
format-code-task-000967,sound,,
format-code-task-000968,sound,,
format-code-task-000969,sound,,
format-code-task-000971,sound,,
format-code-task-000972,sound,,
format-code-task-000973,sound,,
format-code-task-000975,sound,,
format-code-task-000976,sound,,
format-code-task-000980,sound,,
format-code-task-000984,sound,,
format-code-task-000986,sound,,
format-code-task-000987,sound,,
format-code-task-000992,sound,sound,0
format-code-task-000994,sound,,
format-code-task-000997,sound,,
format-code-task-000998,sound,,
format-code-task-000999,sound,,
format-code-task-001005,sound,sound,0
format-code-task-001008,sound,,
format-code-task-001010,sound,,
format-code-task-001013,sound,,
format-code-task-001014,sound,,
format-code-task-001017,sound,,
format-code-task-001018,sound,,
format-code-task-001019,sound,,
format-code-task-001020,sound,,
format-code-task-001022,sound,,
format-code-task-001023,sound,,
format-code-task-001024,sound,,
format-code-task-001027,sound,,
format-code-task-001032,sound,,
format-code-task-001037,sound,,
format-code-task-001038,sound,,
format-code-task-001044,sound,,
format-code-task-001045,sound,,
format-code-task-001049,sound,,
format-code-task-001051,sound,,
format-code-task-001052,sound,,
format-code-task-001053,sound,,
format-code-task-001057,sound,,
format-code-task-001058,sound,,
format-code-task-001063,sound,,
format-code-task-001064,sound,,
format-code-task-001065,sound,,
format-code-task-001066,sound,,
format-code-task-001068,sound,,
format-code-task-001069,sound,,
format-code-task-001071,sound,,
format-code-task-001072,sound,,
format-code-task-001075,sound,,
format-code-task-001076,sound,sound,0
format-code-task-001079,sound,,
format-code-task-001080,sound,,
format-code-task-001081,sound,,
format-code-task-001082,sound,sound,0
format-code-task-001084,sound,,
format-code-task-001086,sound,,
format-code-task-001087,sound,,
format-code-task-001089,sound,,
format-code-task-001092,sound,,
format-code-task-001093,sound,,
format-code-task-001094,sound,,
format-code-task-001095,sound,,
format-code-task-001100,sound,,
format-code-task-001103,sound,,
format-code-task-001105,sound,,
format-code-task-001109,sound,,
format-code-task-001110,sound,,
format-code-task-001112,sound,,
format-code-task-001114,sound,,
format-code-task-001119,sound,,
format-code-task-001122,sound,,
format-code-task-001124,sound,,
format-code-task-001127,sound,,
format-code-task-001128,sound,,
format-code-task-001130,sound,,
format-code-task-001132,sound,,
format-code-task-001134,sound,,
format-code-task-001136,sound,sound,0
format-code-task-001137,sound,,
format-code-task-001138,sound,,
format-code-task-001139,sound,,
format-code-task-001140,sound,sound,0
format-code-task-001142,sound,,
format-code-task-001144,sound,,
format-code-task-001145,sound,,
format-code-task-001152,sound,,
format-code-task-001154,sound,,
format-code-task-001156,sound,,
format-code-task-001161,sound,sound,0
format-code-task-001163,sound,,
format-code-task-001167,sound,,
format-code-task-001175,sound,,
format-code-task-001176,sound,,
format-code-task-001177,sound,,
format-code-task-001178,sound,,
format-code-task-001179,sound,,
format-code-task-001180,sound,,
format-code-task-001181,sound,,
format-code-task-001183,sound,,
format-code-task-001184,sound,,
format-code-task-001189,sound,sound,0
format-code-task-001196,sound,,
format-code-task-001198,sound,,
format-code-task-001199,sound,,
format-code-task-001200,sound,,
format-code-task-001205,sound,,
format-code-task-001207,sound,,
format-code-task-001208,sound,sound,0
format-code-task-001209,sound,sound,0
format-code-task-001212,sound,,
format-code-task-001215,sound,,
format-code-task-001216,sound,sound,0
format-code-task-001218,sound,sound,0
format-code-task-001219,sound,sound,0
format-code-task-001220,sound,sound,0
format-code-task-001222,sound,sound,0
format-code-task-001228,sound,,
format-code-task-001229,sound,sound,0
format-code-task-001232,sound,,
format-code-task-001241,sound,sound,0
format-code-task-001242,sound,sound,0
format-code-task-001243,sound,,
format-code-task-001246,sound,sound,0
format-code-task-001247,sound,,
format-code-task-001248,sound,sound,0
format-code-task-001249,sound,,
format-code-task-001250,sound,sound,0
format-code-task-001251,sound,sound,0
format-code-task-001256,sound,,
format-code-task-001257,sound,,
format-code-task-001258,sound,,
format-code-task-001259,sound,sound,0
format-code-task-001260,sound,sound,0
format-code-task-001261,sound,,
format-code-task-001262,sound,sound,0
format-code-task-001263,sound,,
format-code-task-001264,sound,,
format-code-task-001265,sound,sound,0
format-code-task-001267,sound,,
format-code-task-001268,sound,,
format-code-task-001272,sound,,
format-code-task-001273,sound,,
format-code-task-001277,sound,,
format-code-task-001285,sound,sound,0
format-code-task-001286,sound,,
format-code-task-001287,sound,,
format-code-task-001291,sound,sound,0
format-code-task-001322,sound,sound,0
format-code-task-001330,sound,,
format-code-task-001332,sound,,
format-code-task-001333,sound,,
format-code-task-001334,sound,,
format-code-task-001338,sound,,
format-code-task-001342,sound,,
format-code-task-001343,sound,,
format-code-task-001345,sound,sound,0
format-code-task-001355,sound,sound,0
format-code-task-001356,sound,,
format-code-task-001360,sound,sound,0
format-code-task-001364,sound,sound,0
format-code-task-001369,sound,,
format-code-task-001371,sound,,
format-code-task-001372,sound,,
format-code-task-001373,sound,sound,0
format-code-task-001374,sound,sound,0
format-code-task-001393,sound,sound,0
format-code-task-001394,sound,sound,0
format-code-task-001397,sound,,
format-code-task-001399,sound,sound,0
format-code-task-001400,sound,,
format-code-task-001404,sound,,
format-code-task-001406,sound,,
format-code-task-001416,sound,sound,0
format-code-task-001418,sound,sound,0
format-code-task-001422,sound,sound,0
format-code-task-001425,sound,sound,0
format-code-task-001426,sound,,
format-code-task-001431,sound,,
format-code-task-001432,sound,sound,0
format-code-task-001433,sound,sound,0
format-code-task-001435,sound,sound,0
format-code-task-001460,sound,,
format-code-task-001462,sound,sound,0
format-code-task-001469,sound,,
format-code-task-001471,sound,sound,0
format-code-task-001477,sound,sound,0
format-code-task-001478,sound,sound,0
format-code-task-001479,sound,,
format-code-task-001480,sound,sound,0
format-code-task-001481,sound,sound,0
format-code-task-001482,sound,,
format-code-task-001483,sound,,
format-code-task-001484,sound,,
format-code-task-001486,sound,sound,0
format-code-task-001487,sound,sound,0
format-code-task-001488,sound,sound,0
format-code-task-001489,sound,,
format-code-task-001490,sound,sound,0
format-code-task-001491,sound,sound,0
format-code-task-001492,sound,sound,0
format-code-task-001493,sound,,
format-code-task-001494,sound,,
format-code-task-001495,sound,sound,0
format-code-task-001497,sound,sound,0
format-code-task-001498,sound,sound,0
format-code-task-001499,sound,sound,0
format-code-task-001501,sound,,
format-code-task-001502,sound,,
format-code-task-001503,sound,sound,0
format-code-task-001504,sound,,
format-code-task-001505,sound,sound,0
format-code-task-001506,sound,,
format-code-task-001507,sound,,
format-code-task-001508,sound,,
format-code-task-001510,sound,,
format-code-task-001511,sound,sound,0
format-code-task-001512,sound,sound,0
format-code-task-001519,sound,,
format-code-task-001527,sound,,
format-code-task-001529,sound,,
format-code-task-001530,sound,,
format-code-task-001531,sound,,
format-code-task-001532,sound,,
format-code-task-001543,sound,,
format-code-task-001544,sound,,
format-code-task-001552,sound,sound,0
format-code-task-001553,sound,sound,0
format-code-task-001556,sound,sound,0
format-code-task-001558,sound,sound,0
format-code-task-001559,sound,sound,0
format-code-task-001567,sound,sound,0
format-code-task-001568,sound,sound,0
format-code-task-001571,sound,sound,0
format-code-task-001573,sound,,
format-code-task-001574,sound,,
format-code-task-001583,sound,sound,0
format-code-task-001584,sound,,
format-code-task-001587,sound,sound,0
format-code-task-001590,sound,sound,0
format-code-task-001601,sound,,
format-code-task-001602,sound,,
format-code-task-001603,sound,,
format-code-task-001606,sound,sound,0
format-code-task-001607,sound,sound,0
format-code-task-001608,sound,sound,0
format-code-task-001609,sound,sound,0
format-code-task-001611,sound,,
format-code-task-001612,sound,sound,0
format-code-task-001614,sound,sound,0
format-code-task-001615,sound,sound,0
format-code-task-001616,sound,,
format-code-task-001617,sound,,
format-code-task-001618,sound,sound,0
format-code-task-001620,sound,,
format-code-task-001622,sound,sound,0
format-code-task-001626,sound,sound,0
format-code-task-001627,sound,sound,0
format-code-task-001635,sound,,
format-code-task-001638,sound,,
format-code-task-001639,sound,sound,0
format-code-task-001640,sound,,
format-code-task-001641,sound,sound,0
format-code-task-001642,sound,sound,0
format-code-task-001645,sound,sound,0
format-code-task-001647,sound,sound,0
format-code-task-001648,sound,,
format-code-task-001651,sound,,
format-code-task-001659,sound,sound,0
format-code-task-001661,sound,sound,0
format-code-task-001670,sound,sound,0
format-code-task-001671,sound,sound,0
format-code-task-001683,sound,,
format-code-task-001686,sound,sound,0
format-code-task-001687,sound,,
format-code-task-001688,sound,,
format-code-task-001689,sound,sound,0
format-code-task-001690,sound,,
format-code-task-001691,sound,,
format-code-task-001692,sound,sound,0
format-code-task-001695,sound,sound,0
format-code-task-001708,sound,sound,0
format-code-task-001709,sound,sound,0
format-code-task-001710,sound,sound,0
format-code-task-001711,sound,sound,0
format-code-task-001750,sound,sound,0
format-code-task-001752,sound,sound,0
format-code-task-001760,sound,infra:DaytonaConflictError,
format-code-task-001762,sound,sound,0
format-code-task-001765,sound,sound,0
format-code-task-001768,sound,,
format-code-task-001769,sound,sound,0
format-code-task-001770,sound,sound,0
format-code-task-001771,sound,,
format-code-task-001779,sound,sound,0
format-code-task-001783,sound,,
format-code-task-001790,sound,,
format-code-task-001793,sound,sound,0
format-code-task-001797,sound,sound,0
format-code-task-001801,sound,,
format-code-task-001803,sound,sound,0
format-code-task-001804,sound,sound,0
format-code-task-001809,sound,sound,0
format-code-task-001810,sound,sound,0
format-code-task-001811,sound,sound,0
format-code-task-001813,sound,sound,0
format-code-task-001818,sound,,
format-code-task-001820,sound,sound,0
format-code-task-001824,sound,sound,0
format-code-task-001825,sound,sound,0
format-code-task-001827,sound,,
format-code-task-001831,sound,sound,0
format-code-task-001832,sound,sound,0
format-code-task-001833,sound,,
format-code-task-001835,sound,sound,0
format-code-task-001836,sound,sound,0
format-code-task-001837,sound,,
format-code-task-001840,sound,,
format-code-task-001841,sound,,
format-code-task-001845,sound,,
format-code-task-001850,sound,,
format-code-task-001859,sound,,
format-code-task-001860,sound,,
format-code-task-001861,sound,,
format-code-task-001862,sound,,
format-code-task-001863,sound,,
format-code-task-001865,sound,sound,0
format-code-task-001868,sound,sound,0
format-code-task-001870,sound,sound,0
format-code-task-001872,sound,sound,0
format-code-task-001876,sound,sound,0
format-code-task-001878,sound,sound,0
format-code-task-001880,sound,,
format-code-task-001884,sound,,
format-code-task-001886,sound,sound,0
format-code-task-001887,sound,sound,0
format-code-task-001891,sound,sound,0
format-code-task-001896,sound,sound,0
format-code-task-001897,sound,sound,0
format-code-task-001907,sound,,
format-code-task-001914,sound,sound,0
format-code-task-001916,sound,,
format-code-task-001918,sound,sound,0
format-code-task-001925,sound,,
format-code-task-001926,sound,sound,0
format-code-task-001927,sound,,
format-code-task-001936,sound,,
format-code-task-001940,sound,sound,0
format-code-task-001941,sound,sound,0
format-code-task-001942,sound,,
format-code-task-001943,sound,sound,0
format-code-task-001944,sound,sound,0
format-code-task-001945,sound,sound,0
format-code-task-001946,sound,sound,0
format-code-task-001947,sound,sound,0
format-code-task-001948,sound,sound,0
format-code-task-001949,sound,sound,0
format-code-task-001950,sound,sound,0
format-code-task-001954,sound,sound,0
format-code-task-001955,sound,,
format-code-task-001963,sound,,
format-code-task-001966,sound,sound,0
format-code-task-001970,sound,,
format-code-task-001971,sound,sound,0
format-code-task-001973,sound,sound,0
format-code-task-001974,sound,,
format-code-task-001975,sound,,
format-code-task-001980,sound,,
format-code-task-001981,sound,,
format-code-task-001982,sound,,
format-code-task-001983,sound,,
format-code-task-001984,sound,,
format-code-task-001985,sound,,
format-code-task-001987,sound,,
format-code-task-001988,sound,,
format-code-task-001992,sound,,
format-code-task-001994,sound,,
format-code-task-002002,sound,sound,0
format-code-task-002003,sound,,
format-code-task-002004,sound,sound,0
format-code-task-002012,sound,sound,0
format-code-task-002014,sound,sound,0
format-code-task-002015,sound,sound,0
format-code-task-002016,sound,,
format-code-task-002017,sound,sound,0
format-code-task-002020,sound,sound,0
format-code-task-002021,sound,sound,0
format-code-task-002022,sound,,
format-code-task-002023,sound,,
format-code-task-002024,sound,,
format-code-task-002025,sound,sound,0
format-code-task-002028,sound,sound,0
format-code-task-002032,sound,,
format-code-task-002033,sound,,
format-code-task-002035,sound,,
format-code-task-002036,sound,,
format-code-task-002037,sound,,
format-code-task-002038,sound,,
format-code-task-002042,sound,sound,0
format-code-task-002050,sound,,
format-code-task-002051,sound,sound,0
format-code-task-002052,sound,sound,0
format-code-task-002053,sound,sound,0
format-code-task-002055,sound,,
format-code-task-002067,sound,sound,0
format-code-task-002069,sound,,
format-code-task-002072,sound,sound,0
format-code-task-002074,sound,,
format-code-task-002076,sound,,
format-code-task-002077,sound,,
format-code-task-002078,sound,,
format-code-task-002079,sound,,
format-code-task-002081,sound,,
format-code-task-002082,sound,,
format-code-task-002084,sound,sound,0
format-code-task-002087,sound,sound,0
format-code-task-002089,sound,,
format-code-task-002090,sound,sound,0
format-code-task-002092,sound,,
format-code-task-002096,sound,sound,0
format-code-task-002104,sound,sound,0
format-code-task-002105,sound,sound,0
format-code-task-002106,sound,sound,0
format-code-task-002107,sound,sound,0
format-code-task-002115,sound,,
format-code-task-002117,sound,sound,0
format-code-task-002126,sound,,
format-code-task-002134,sound,,
format-code-task-002135,sound,,
format-code-task-002136,sound,,
format-code-task-002137,sound,,
format-code-task-002138,sound,,
format-code-task-002139,sound,sound,0
format-code-task-002143,sound,,
format-code-task-002147,sound,,
format-code-task-002149,sound,sound,0
format-code-task-002160,sound,,
format-code-task-002162,sound,,
format-code-task-002169,sound,,
format-code-task-002170,sound,,
format-code-task-002172,sound,sound,0
format-code-task-002178,sound,,
format-code-task-002185,sound,sound,0
format-code-task-002188,sound,,
format-code-task-002189,sound,,
format-code-task-002190,sound,sound,0
format-code-task-002191,sound,,
format-code-task-002195,sound,sound,0
format-code-task-002196,sound,sound,0
format-code-task-002197,sound,sound,0
format-code-task-002198,sound,sound,0
format-code-task-002199,sound,sound,0
format-code-task-002201,sound,sound,0
format-code-task-002202,sound,sound,0
format-code-task-002204,sound,sound,0
format-code-task-002205,sound,sound,0
format-code-task-002206,sound,sound,0
format-code-task-002207,sound,,
format-code-task-002208,sound,sound,0
format-code-task-002209,sound,sound,0
format-code-task-002210,sound,sound,0
format-code-task-002211,sound,sound,0
format-code-task-002212,sound,sound,0
format-code-task-002213,sound,,
format-code-task-002214,sound,sound,0
format-code-task-002215,sound,sound,0
format-code-task-002216,sound,sound,0
format-code-task-002218,sound,sound,0
format-code-task-002219,sound,sound,0
format-code-task-002220,sound,sound,0
format-code-task-002221,sound,sound,0
format-code-task-002222,sound,sound,0
format-code-task-002223,sound,sound,0
format-code-task-002224,sound,sound,0
format-code-task-002226,sound,sound,0
format-code-task-002228,sound,sound,0
format-code-task-002229,sound,sound,0
format-code-task-002230,sound,sound,0
format-code-task-002231,sound,sound,0
format-code-task-002233,sound,sound,0
format-code-task-002248,sound,,
format-code-task-002250,sound,sound,0
format-code-task-002256,sound,sound,0
format-code-task-002259,sound,sound,0
format-code-task-002262,sound,sound,0
format-code-task-002281,sound,sound,0
format-code-task-002282,sound,,
format-code-task-002283,sound,sound,0
format-code-task-002289,sound,,
format-code-task-002290,sound,,
format-code-task-002292,sound,sound,0
format-code-task-002294,sound,,
format-code-task-002295,sound,sound,0
format-code-task-002302,sound,sound,0
format-code-task-002304,sound,,
format-code-task-002306,sound,sound,0
format-code-task-002307,sound,sound,0
format-code-task-002308,sound,sound,0
format-code-task-002313,sound,,
format-code-task-002335,sound,sound,0
format-code-task-002336,sound,sound,0
format-code-task-002338,sound,,
format-code-task-002341,sound,,
format-code-task-002350,sound,,
format-code-task-002351,sound,,
format-code-task-002352,sound,,
format-code-task-002353,sound,sound,0
format-code-task-002354,sound,sound,0
format-code-task-002355,sound,,
format-code-task-002356,sound,sound,0
format-code-task-002359,sound,,
format-code-task-002361,sound,,
format-code-task-002366,sound,sound,0
format-code-task-002367,sound,,
format-code-task-002368,sound,,
format-code-task-002370,sound,,
format-code-task-002371,sound,sound,0
format-code-task-002372,sound,,
format-code-task-002374,sound,sound,0
format-code-task-002375,sound,sound,0
format-code-task-002376,sound,sound,0
format-code-task-002377,sound,sound,0
format-code-task-002378,sound,sound,0
format-code-task-002379,sound,,
format-code-task-002380,sound,sound,0
format-code-task-002382,sound,,
format-code-task-002383,sound,sound,0
format-code-task-002384,sound,sound,0
format-code-task-002385,sound,sound,0
format-code-task-002386,sound,,
format-code-task-002387,sound,,
format-code-task-002388,sound,sound,0
format-code-task-002389,sound,sound,0
format-code-task-002390,sound,sound,0
format-code-task-002391,sound,sound,0
format-code-task-002393,sound,sound,0
format-code-task-002394,sound,sound,0
format-code-task-002395,sound,sound,0
format-code-task-002396,sound,,
format-code-task-002397,sound,,
format-code-task-002398,sound,,
format-code-task-002399,sound,,
format-code-task-002400,sound,sound,0
format-code-task-002401,sound,sound,0
format-code-task-002402,sound,sound,0
format-code-task-002403,sound,sound,0
format-code-task-002404,sound,sound,0
format-code-task-002406,sound,,
format-code-task-002407,sound,sound,0
format-code-task-002408,sound,sound,0
format-code-task-002409,sound,,
format-code-task-002410,sound,sound,0
format-code-task-002411,sound,sound,0
format-code-task-002412,sound,sound,0
format-code-task-002413,sound,sound,0
format-code-task-002414,sound,sound,0
format-code-task-002415,sound,,
format-code-task-002416,sound,sound,0
format-code-task-002418,sound,,
format-code-task-002419,sound,sound,0
format-code-task-002421,sound,,
format-code-task-002422,sound,,
format-code-task-002423,sound,,
format-code-task-002425,sound,,
format-code-task-002426,sound,,
format-code-task-002427,sound,sound,0
format-code-task-002431,sound,sound,0
format-code-task-002443,sound,sound,0
format-code-task-002445,sound,,
format-code-task-002446,sound,sound,0
format-code-task-002450,sound,sound,0
format-code-task-002451,sound,sound,0
format-code-task-002452,sound,,
format-code-task-002453,sound,,
format-code-task-002454,sound,sound,0
format-code-task-002455,sound,sound,0
format-code-task-002459,sound,sound,0
format-code-task-002460,sound,,
format-code-task-002461,sound,sound,0
format-code-task-002466,sound,,
format-code-task-002468,sound,sound,0
format-code-task-002470,sound,sound,0
format-code-task-002476,sound,,
format-code-task-002477,sound,sound,0
format-code-task-002482,sound,sound,0
format-code-task-002483,sound,sound,0
format-code-task-002486,sound,sound,0
format-code-task-002487,sound,,
format-code-task-002488,sound,,
format-code-task-002489,sound,,
format-code-task-002493,sound,,
format-code-task-002494,sound,,
format-code-task-002495,sound,,
format-code-task-002496,sound,,
format-code-task-002499,sound,sound,0
format-code-task-002504,sound,,
format-code-task-002507,sound,,
format-code-task-002508,sound,,
format-code-task-002511,sound,,
format-code-task-002519,sound,sound,0
format-code-task-002520,sound,sound,0
format-code-task-002521,sound,,
format-code-task-002522,sound,,
format-code-task-002523,sound,,
format-code-task-002532,sound,sound,0
format-code-task-002533,sound,,
format-code-task-002535,sound,,
format-code-task-002536,sound,,
format-code-task-002537,sound,,
format-code-task-002538,sound,,
format-code-task-002539,sound,,
format-code-task-002542,sound,sound,0
format-code-task-002543,sound,sound,0
format-code-task-002545,sound,,
format-code-task-002549,sound,sound,0
format-code-task-002550,sound,sound,0
format-code-task-002552,sound,sound,0
format-code-task-002554,sound,sound,0
format-code-task-002555,sound,sound,0
format-code-task-002557,sound,,
format-code-task-002558,sound,,
format-code-task-002559,sound,,
format-code-task-002562,sound,,
format-code-task-002563,sound,sound,0
format-code-task-002564,sound,,
format-code-task-002566,sound,,
format-code-task-002567,sound,,
format-code-task-002568,sound,,
format-code-task-002569,sound,,
format-code-task-002570,sound,,
format-code-task-002571,sound,,
format-code-task-002572,sound,,
format-code-task-002578,sound,sound,0
format-code-task-002581,sound,,
format-code-task-002582,sound,sound,0
format-code-task-002587,sound,,
format-code-task-002589,sound,sound,0
format-code-task-002594,sound,sound,0
format-code-task-002599,sound,sound,0
format-code-task-002600,sound,,
format-code-task-002601,sound,sound,0
format-code-task-002602,sound,,
format-code-task-002606,sound,,
format-code-task-002607,sound,,
format-code-task-002609,sound,sound,0
format-code-task-002610,sound,sound,0
format-code-task-002611,sound,,
format-code-task-002614,sound,sound,0
format-code-task-002615,sound,sound,0
format-code-task-002618,sound,sound,0
format-code-task-002619,sound,sound,0
format-code-task-002626,sound,sound,0
format-code-task-002628,sound,sound,0
format-code-task-002641,sound,sound,0
format-code-task-002644,sound,sound,0
format-code-task-002647,sound,,
format-code-task-002648,sound,sound,0
format-code-task-002649,sound,sound,0
format-code-task-002661,sound,sound,0
format-code-task-002662,sound,sound,0
format-code-task-002663,sound,sound,0
format-code-task-002664,sound,,
format-code-task-002667,sound,,
format-code-task-002668,sound,sound,0
format-code-task-002669,sound,,
format-code-task-002672,sound,sound,0
format-code-task-002674,sound,sound,0
format-code-task-002680,sound,sound,0
format-code-task-002696,sound,sound,0
format-code-task-002697,sound,,
format-code-task-002698,sound,,
format-code-task-002699,sound,,
format-code-task-002701,sound,,
format-code-task-002709,sound,,
format-code-task-002710,sound,sound,0
format-code-task-002714,sound,sound,0
format-code-task-002718,sound,sound,0
format-code-task-002719,sound,sound,0
format-code-task-002721,sound,,
format-code-task-002722,sound,sound,0
format-code-task-002723,sound,sound,0
format-code-task-002724,sound,sound,0
format-code-task-002725,sound,sound,0
format-code-task-002726,sound,sound,0
format-code-task-002727,sound,sound,0
format-code-task-002734,sound,sound,0
format-code-task-002736,sound,sound,0
format-code-task-002737,sound,,
format-code-task-002739,sound,sound,0
format-code-task-002742,sound,,
format-code-task-002755,sound,,
format-code-task-002756,sound,sound,0
format-code-task-002757,sound,sound,0
format-code-task-002758,sound,sound,0
format-code-task-002771,sound,,
format-code-task-002772,sound,,
format-code-task-002773,sound,sound,0
format-code-task-002774,sound,sound,0
format-code-task-002775,sound,sound,0
format-code-task-002778,sound,,
format-code-task-002786,sound,sound,0
format-code-task-002790,sound,sound,0
format-code-task-002800,sound,sound,0
format-code-task-002801,sound,sound,0
format-code-task-002804,sound,,
format-code-task-002817,sound,,
format-code-task-002827,sound,sound,0
format-code-task-002829,sound,sound,0
format-code-task-002833,sound,sound,0
format-code-task-002836,sound,sound,0
format-code-task-002838,sound,sound,0
format-code-task-002850,sound,sound,0
format-code-task-002851,sound,sound,0
format-code-task-002852,sound,sound,0
format-code-task-002853,sound,sound,0
format-code-task-002854,sound,sound,0
format-code-task-002855,sound,sound,0
format-code-task-002856,sound,sound,0
format-code-task-002857,sound,sound,0
format-code-task-002858,sound,sound,0
format-code-task-002859,sound,sound,0
format-code-task-002860,sound,sound,0
format-code-task-002861,sound,sound,0
format-code-task-002862,sound,sound,0
format-code-task-002863,sound,sound,0
format-code-task-002864,sound,sound,0
format-code-task-002865,sound,sound,0
format-code-task-002866,sound,sound,0
format-code-task-002867,sound,sound,0
format-code-task-002868,sound,,
format-code-task-002870,sound,sound,0
format-code-task-002871,sound,sound,0
format-code-task-002872,sound,sound,0
format-code-task-002873,sound,,
format-code-task-002874,sound,sound,0
format-code-task-002878,sound,,
format-code-task-002882,sound,,
format-code-task-002884,sound,sound,0
format-code-task-002887,sound,,
format-code-task-002889,sound,,
format-code-task-002892,sound,infra:DaytonaConflictError,
format-code-task-002893,sound,,
format-code-task-002895,sound,sound,0
format-code-task-002915,sound,sound,0
format-code-task-002920,sound,sound,0
format-code-task-002921,sound,sound,0
format-code-task-002923,sound,sound,0
format-code-task-002924,sound,sound,0
format-code-task-002933,sound,sound,0
format-code-task-002935,sound,sound,0
format-code-task-002938,sound,sound,0
format-code-task-002939,sound,sound,0
format-code-task-002940,sound,sound,0
format-code-task-002941,sound,,
format-code-task-002942,sound,sound,0
format-code-task-002960,sound,,
format-code-task-002961,sound,,
format-code-task-002963,sound,sound,0
format-code-task-002964,sound,sound,0
format-code-task-002965,sound,sound,0
format-code-task-002974,sound,sound,0
format-code-task-002975,sound,,
format-code-task-002976,sound,sound,0
format-code-task-002978,sound,broken_environment,1
format-code-task-002989,sound,sound,0
format-code-task-002991,sound,,
format-code-task-002992,sound,sound,0
format-code-task-002993,sound,,
format-code-task-002994,sound,sound,0
format-code-task-002995,sound,sound,0
format-code-task-002996,sound,,
format-code-task-003001,sound,,
format-code-task-003005,sound,,
format-code-task-003007,sound,,
format-code-task-003011,sound,,
format-code-task-003015,sound,,
format-code-task-003016,sound,,
format-code-task-003017,sound,,
format-code-task-003018,sound,,
format-code-task-003019,sound,,
format-code-task-003022,sound,,
format-code-task-003023,sound,sound,0
format-code-task-003033,sound,,
format-code-task-003034,sound,,
format-code-task-003035,sound,,
format-code-task-003037,sound,,
format-code-task-003038,sound,,
format-code-task-003042,sound,,
format-code-task-003046,sound,sound,0
format-code-task-003048,sound,,
format-code-task-003053,sound,,
format-code-task-003057,sound,,
format-code-task-003058,sound,,
format-code-task-003059,sound,,
