task_id,project,image_mib,run,run_digest,run_transform,reason
format-code-task-001647,environ,363,leak-closed,sha256:e435a9443935f3397561497574b50833f709df41d56f5c0261b90e57fafdd21f,leak-close-pypi@1,"nop sound, leak closed"
format-code-task-000803,mdutils,386,leak-closed,sha256:ac99a511015a2c31ae7cb56577154096de4df9ca2f40d655450f215cdcb4f740,leak-close-pypi@1,"nop sound, leak closed"
format-code-task-001870,markdownify,386,leak-closed,sha256:be5cf80bcb8ff71e8f6212c7929e9a849b1aff95641fb115b92f1d1ce1d7f197,leak-close-pypi@1,"nop sound, leak closed"
format-code-task-000341,vyper,396,original,sha256:303037d50d00ae5c7c57af92bc646ef54e397ec9f2cdd7c9afb0baa7506d4e4b,,nop sound
format-code-task-001897,linkpreview,397,original,sha256:e9f28b6db44e81fdd174c04c0a42e5535466c9d19176c4f63c8f510419e8b3cc,,nop sound
format-code-task-002938,krakenex,398,original,sha256:15d984ef5103c774496c8864b78a5b7068edf5c06ab90606dbaaa7d0a02bf562,,nop sound
format-code-task-001710,pbxproj,402,original,sha256:361303219639ff24b77317f1a21fa72999bd13e1e2013ba18024e9e16c2e3d91,,nop sound
format-code-task-001399,django_filters,403,leak-closed,sha256:f8ea9d7813ebe8488f5286188616463e195612abe2284e069f09951d3c8a9405,leak-close-pypi@1,"nop sound, leak closed"
format-code-task-002680,sc3,403,original,sha256:205818a003ea443311e98770c8da6aeebfa5c04f71f4b72511f9f6d663cd6606,,nop sound
format-code-task-001661,friends,404,original,sha256:7281bec0244739c8c679d5ae2252ca13dcfd8d442b5993c4cb1347dbd7a78f7c,,nop sound
format-code-task-000813,django_recaptcha,406,original,sha256:de29f74a1355a60dcf9a2920dd091b848f35be709ce8bac888d2e0b87e82e4d2,,nop sound
format-code-task-000838,ntfy,407,leak-closed,sha256:92b2914085860a6ee95c2533e8cdf606d9157ccf1d79d8d15babd4df4d04160c,leak-close-pypi@1,"nop sound, leak closed"
format-code-task-001373,google,409,original,sha256:2b1c35d2cdba43bf94f4a18e5a56648a76183eee6fd6da04df0bbed3a907cdb1,,nop sound
format-code-task-001609,fabulous,410,original,sha256:e7520a03f56486be6e67cf746210ac49205c35c7990d5437f2042a626c720fb1,,nop sound
format-code-task-002356,black,410,original,sha256:3b8144ab8bd45aa4e8b482ae6a42b6b684873c9ee3d139c18d66cd6a264cdcbb,,nop sound
format-code-task-001265,pelican,412,leak-closed,sha256:3cdbc249d78bebf47c19f54eec6a1f5eeab89bd6f689e9919801165e4b826693,leak-close-pypi@1,"nop sound, leak closed"
format-code-task-000552,nse,414,original,sha256:d2cbd3f557c57dfbd2abf157823f51a047b2c8f71423fbdad6f663eecbec27a0,,nop sound
format-code-task-000865,logstash,414,original,sha256:665cab7d069e32cff40fa2a7802011ac009508514953e391082c71caeed888e4,,nop sound
format-code-task-002555,webpush,414,original,sha256:f74d636a79af17e553fbb6325c5220c62e74006a383faa7cd4d871ff824a7f4b,,nop sound
format-code-task-002552,miio,419,original,sha256:e9273f2254788fb1803882c506c25b7274f6b908cf658d3e1065a63348f84f2d,,nop sound
format-code-task-001865,DnD_battler,423,original,sha256:dff2af0db18adf05280cc95fd2df8a3c3eb89b29cb8994404a06bf2f663942b3,,nop sound
format-code-task-001269,responses,424,leak-closed,sha256:541d416818c79503818c096a4e7ba4c2bc6ee37ba05684534a46a12464c3e18c,leak-close-pypi@1,"nop sound, leak closed"
format-code-task-000227,github.com/devpi/devpi,425,leak-closed,sha256:611f1bc3e8dfe77818f05bd368336c4af13e2ad3799e3ac97c7165b2c9dae792,leak-close-pypi@1,"nop sound, leak closed"
format-code-task-000666,pyromat,425,original,sha256:76498a2dd70ee6c11bbc209f810bc6ca8d4b6a507ff9fd748739b10e4c7ba85c,,nop sound
format-code-task-001618,github.com/jazzband/pip-tools,427,repair,sha256:6711d55bc4e54b46a4a17eee08a44c2a283667191b43ce0719a39316fc6bada5,env-pin-dependency@1,"census broken_environment; repaired by env-pin-dependency@1, nop sound"
format-code-task-002416,ropetest,427,leak-closed,sha256:2e62717d723a8eb188f713ea7fed0f3ca96517a4a5daf85f2f4386f4f3756928,leak-close-pypi@1,"nop sound, leak closed"
format-code-task-000941,pooch,433,leak-closed,sha256:1c86f4bd85e9f96a45cb4819a9c7a63c916554ce31942a01bc86146b22199238,leak-close-pypi@1,"nop sound, leak closed"
format-code-task-001820,github.com/lovasoa/marshmallow_dataclass,434,leak-closed,sha256:9a30a95b991fde76334eedc14816708143f5285efc8f520cd7daeb4ba35a2341,leak-close-pypi@1,"nop sound, leak closed"
format-code-task-002104,ollama,435,original,sha256:a23cba57908bf3800cf8bccb536cef1fb173bd7732784c3f884b2359c9b8de8c,,nop sound
format-code-task-002393,wheel,435,leak-closed,sha256:f5b14f3b6b63994ebc9763a559d29e9819b0633118ca241fd35655b72e5aa749,leak-close-pypi@1,"nop sound, leak closed"
