task_id,status,runs,clean_pass,copied_pass,fail,infra,last_run,agents,trials
format-code-task-000003,usable,0,0,0,0,0,,,
format-code-task-000008,usable,0,0,0,0,0,,,
format-code-task-000016,usable,0,0,0,0,0,,,
format-code-task-000018,usable,0,0,0,0,0,,,
format-code-task-000019,usable,0,0,0,0,0,,,
format-code-task-000022,usable,0,0,0,0,0,,,
format-code-task-000023,usable,0,0,0,0,0,,,
format-code-task-000031,usable,0,0,0,0,0,,,
format-code-task-000041,usable,0,0,0,0,0,,,
format-code-task-000042,usable,0,0,0,0,0,,,
format-code-task-000043,usable,0,0,0,0,0,,,
format-code-task-000049,usable,0,0,0,0,0,,,
format-code-task-000050,usable,0,0,0,0,0,,,
format-code-task-000051,usable,0,0,0,0,0,,,
format-code-task-000067,usable,0,0,0,0,0,,,
format-code-task-000076,usable,0,0,0,0,0,,,
format-code-task-000077,usable,0,0,0,0,0,,,
format-code-task-000079,usable,0,0,0,0,0,,,
format-code-task-000080,usable,0,0,0,0,0,,,
format-code-task-000081,usable,0,0,0,0,0,,,
format-code-task-000083,usable,0,0,0,0,0,,,
format-code-task-000084,usable,1,0,0,0,1,2026-10-02T22:34:35.339584Z,evallab.harbor_mimoagent:NativeMimoAgent,2026-10-02/HAR-157-har157-mimo-base-000084/har157-mimo-base-000084__NUg9Yjo
format-code-task-000085,usable,0,0,0,0,0,,,
format-code-task-000087,usable,0,0,0,0,0,,,
format-code-task-000089,usable,0,0,0,0,0,,,
format-code-task-000090,usable,1,0,0,0,1,2026-10-02T22:34:26.042409Z,evallab.harbor_mimoagent:NativeMimoAgent,2026-10-02/HAR-157-har157-mimo-base-000090/har157-mimo-base-000090__emyUK54
format-code-task-000092,usable,0,0,0,0,0,,,
format-code-task-000093,usable,0,0,0,0,0,,,
format-code-task-000100,usable,0,0,0,0,0,,,
format-code-task-000102,usable,0,0,0,0,0,,,
format-code-task-000110,usable,0,0,0,0,0,,,
format-code-task-000114,usable,0,0,0,0,0,,,
format-code-task-000115,usable,0,0,0,0,0,,,
format-code-task-000116,usable,0,0,0,0,0,,,
format-code-task-000119,usable,0,0,0,0,0,,,
format-code-task-000122,usable,0,0,0,0,0,,,
format-code-task-000124,discarded,0,0,0,0,0,,,
format-code-task-000125,usable,0,0,0,0,0,,,
format-code-task-000126,usable,0,0,0,0,0,,,
format-code-task-000127,usable,0,0,0,0,0,,,
format-code-task-000141,usable,0,0,0,0,0,,,
format-code-task-000142,usable,0,0,0,0,0,,,
format-code-task-000143,usable,0,0,0,0,0,,,
format-code-task-000144,usable,0,0,0,0,0,,,
format-code-task-000145,usable,0,0,0,0,0,,,
format-code-task-000146,usable,2,0,0,2,0,2026-10-01T02:06:03.434862Z,evallab.harbor_terminus:SecretSafeTerminus2,2026-10-01/HAR-116-har116-b-000146-leakclosed/har116-b-000146-leakclosed__UsngzaQ 2026-10-01/HAR-116-har116-b-000146-original/har116-b-000146-original__JT6tRiN
format-code-task-000147,usable,0,0,0,0,0,,,
format-code-task-000148,usable,0,0,0,0,0,,,
format-code-task-000149,usable,0,0,0,0,0,,,
format-code-task-000152,usable,0,0,0,0,0,,,
format-code-task-000153,usable,0,0,0,0,0,,,
format-code-task-000154,usable,0,0,0,0,0,,,
format-code-task-000155,usable,0,0,0,0,0,,,
format-code-task-000156,usable,0,0,0,0,0,,,
format-code-task-000157,usable,0,0,0,0,0,,,
format-code-task-000158,usable,0,0,0,0,0,,,
format-code-task-000159,usable,0,0,0,0,0,,,
format-code-task-000160,usable,0,0,0,0,0,,,
format-code-task-000161,usable,0,0,0,0,0,,,
format-code-task-000163,usable,0,0,0,0,0,,,
format-code-task-000164,usable,0,0,0,0,0,,,
format-code-task-000168,usable,0,0,0,0,0,,,
format-code-task-000169,usable,3,1,1,1,0,2026-10-01T15:57:14.907952Z,evallab.harbor_terminus:SecretSafeTerminus2,2026-10-01/HAR-126-ovn-g5-000169-tuned/ovn-g5-000169-tuned__CxBpceW 2026-10-01/HAR-126-ovn-g5-000169-stock/ovn-g5-000169-stock__npH4TqV 2026-10-01/HAR-126-ovn-g5-000169-gepa/ovn-g5-000169-gepa__Hmxf7wb
format-code-task-000171,usable,0,0,0,0,0,,,
format-code-task-000175,usable,0,0,0,0,0,,,
format-code-task-000177,usable,0,0,0,0,0,,,
format-code-task-000178,usable,0,0,0,0,0,,,
format-code-task-000179,usable,0,0,0,0,0,,,
format-code-task-000181,usable,0,0,0,0,0,,,
format-code-task-000182,usable,0,0,0,0,0,,,
format-code-task-000183,discarded,0,0,0,0,0,,,
format-code-task-000189,usable,0,0,0,0,0,,,
format-code-task-000190,usable,0,0,0,0,0,,,
format-code-task-000191,usable,0,0,0,0,0,,,
format-code-task-000195,usable,0,0,0,0,0,,,
format-code-task-000199,usable,0,0,0,0,0,,,
format-code-task-000200,usable,0,0,0,0,0,,,
format-code-task-000201,usable,0,0,0,0,0,,,
format-code-task-000202,usable,0,0,0,0,0,,,
format-code-task-000203,usable,0,0,0,0,0,,,
format-code-task-000204,usable,0,0,0,0,0,,,
format-code-task-000209,usable,0,0,0,0,0,,,
format-code-task-000211,usable,0,0,0,0,0,,,
format-code-task-000212,usable,0,0,0,0,0,,,
format-code-task-000213,usable,0,0,0,0,0,,,
format-code-task-000215,usable,0,0,0,0,0,,,
format-code-task-000216,usable,0,0,0,0,0,,,
format-code-task-000219,usable,0,0,0,0,0,,,
format-code-task-000220,usable,2,0,0,1,1,2026-10-06T05:28:29.585863Z,evallab.harbor_mimoagent:NativeMimoAgent,2026-10-06/HAR-167-har167-canary-mimoagent-000220/har167-canary-mimoagent-000220__mhJqsyD 2026-10-06/HAR-167-har167-canary-mimoagent-000220-r2/har167-canary-mimoagent-000220-r__CqFcLmL
format-code-task-000221,usable,0,0,0,0,0,,,
format-code-task-000222,usable,0,0,0,0,0,,,
format-code-task-000223,usable,0,0,0,0,0,,,
format-code-task-000224,usable,0,0,0,0,0,,,
format-code-task-000225,usable,0,0,0,0,0,,,
format-code-task-000226,usable,6,0,2,2,2,2026-10-01T02:07:11.564760Z,evallab.harbor_terminus:SecretSafeTerminus2,2026-09-30/HAR-104-har104-d-000226-2/har104-d-000226__v276NfY 2026-09-30/HAR-104-har104-d-000226-3/har104-d-000226__Y2BTVP3 2026-09-30/HAR-104-har104-d-000226/har104-d-000226__JCDfZFi 2026-09-30/HAR-104-har104-d-000226~har104-runs/har104-d-000226__JCDfZFi 2026-10-01/HAR-116-har116-b-000226-original/har116-b-000226-original__JTEerfm 2026-10-01/HAR-116-har116-b-000226-leakclosed/har116-b-000226-leakclosed__K9ddjiP
format-code-task-000227,usable,3,0,0,2,1,2026-10-01T09:31:37.297217Z,evallab.harbor_terminus:SecretSafeTerminus2,2026-10-01/HAR-120-har120-000227-a1/har120-000227-a1__7WRBQ4u 2026-10-01/HAR-120-har120-000227-a2/har120-000227-a2__yZe46HC 2026-10-01/HAR-120-har120-000227-a2-r2/har120-000227-a2-r2__RwjTt9d
format-code-task-000228,usable,0,0,0,0,0,,,
format-code-task-000229,usable,0,0,0,0,0,,,
format-code-task-000230,usable,0,0,0,0,0,,,
format-code-task-000232,usable,0,0,0,0,0,,,
format-code-task-000233,usable,0,0,0,0,0,,,
format-code-task-000234,usable,0,0,0,0,0,,,
format-code-task-000235,usable,0,0,0,0,0,,,
format-code-task-000237,usable,0,0,0,0,0,,,
format-code-task-000238,discarded,0,0,0,0,0,,,
format-code-task-000239,usable,0,0,0,0,0,,,
format-code-task-000241,usable,0,0,0,0,0,,,
format-code-task-000242,usable,0,0,0,0,0,,,
format-code-task-000253,usable,0,0,0,0,0,,,
format-code-task-000255,usable,0,0,0,0,0,,,
format-code-task-000256,usable,0,0,0,0,0,,,
format-code-task-000257,usable,0,0,0,0,0,,,
format-code-task-000262,usable,0,0,0,0,0,,,
format-code-task-000263,usable,0,0,0,0,0,,,
format-code-task-000264,usable,0,0,0,0,0,,,
format-code-task-000272,usable,0,0,0,0,0,,,
format-code-task-000273,usable,0,0,0,0,0,,,
format-code-task-000275,usable,0,0,0,0,0,,,
format-code-task-000279,usable,0,0,0,0,0,,,
format-code-task-000281,usable,0,0,0,0,0,,,
format-code-task-000285,usable,0,0,0,0,0,,,
format-code-task-000296,usable,0,0,0,0,0,,,
format-code-task-000297,usable,0,0,0,0,0,,,
format-code-task-000302,usable,0,0,0,0,0,,,
format-code-task-000306,usable,0,0,0,0,0,,,
format-code-task-000310,usable,0,0,0,0,0,,,
format-code-task-000311,usable,1,0,0,0,1,2026-10-02T22:34:25.960804Z,evallab.harbor_mimoagent:NativeMimoAgent,2026-10-02/HAR-157-har157-mimo-base-000311/har157-mimo-base-000311__9eLdoLm
format-code-task-000312,usable,0,0,0,0,0,,,
format-code-task-000313,usable,0,0,0,0,0,,,
format-code-task-000315,usable,0,0,0,0,0,,,
format-code-task-000318,usable,0,0,0,0,0,,,
format-code-task-000320,usable,0,0,0,0,0,,,
format-code-task-000322,usable,0,0,0,0,0,,,
format-code-task-000323,usable,0,0,0,0,0,,,
format-code-task-000324,usable,0,0,0,0,0,,,
format-code-task-000325,usable,0,0,0,0,0,,,
format-code-task-000326,usable,0,0,0,0,0,,,
format-code-task-000327,usable,0,0,0,0,0,,,
format-code-task-000328,usable,0,0,0,0,0,,,
format-code-task-000329,usable,0,0,0,0,0,,,
format-code-task-000330,usable,0,0,0,0,0,,,
format-code-task-000332,usable,3,1,0,1,1,2026-10-01T15:56:37.913375Z,evallab.harbor_terminus:SecretSafeTerminus2,2026-10-01/HAR-126-ovn-g5-000332-gepa/ovn-g5-000332-gepa__YyfJfPU 2026-10-01/HAR-126-ovn-g5-000332-tuned/ovn-g5-000332-tuned__zevQhXu 2026-10-01/HAR-126-ovn-g5-000332-stock/ovn-g5-000332-stock__Xn3uN4Q
format-code-task-000333,usable,0,0,0,0,0,,,
format-code-task-000334,usable,0,0,0,0,0,,,
format-code-task-000336,usable,0,0,0,0,0,,,
format-code-task-000337,usable,0,0,0,0,0,,,
format-code-task-000338,usable,0,0,0,0,0,,,
format-code-task-000339,usable,0,0,0,0,0,,,
format-code-task-000341,usable,3,0,1,1,1,2026-10-01T09:33:15.653010Z,evallab.harbor_terminus:SecretSafeTerminus2,2026-10-01/HAR-120-har120-000341-a1/har120-000341-a1__MYkGYQZ 2026-10-01/HAR-120-har120-000341-a2/har120-000341-a2__hfNEYge 2026-10-01/HAR-120-har120-000341-a2-r2/har120-000341-a2-r2__MSDHRHS
format-code-task-000343,usable,0,0,0,0,0,,,
format-code-task-000349,usable,0,0,0,0,0,,,
format-code-task-000352,usable,0,0,0,0,0,,,
format-code-task-000354,usable,0,0,0,0,0,,,
format-code-task-000357,usable,0,0,0,0,0,,,
format-code-task-000360,usable,0,0,0,0,0,,,
format-code-task-000363,usable,0,0,0,0,0,,,
format-code-task-000364,usable,0,0,0,0,0,,,
format-code-task-000365,usable,0,0,0,0,0,,,
format-code-task-000366,usable,0,0,0,0,0,,,
format-code-task-000370,usable,0,0,0,0,0,,,
format-code-task-000371,usable,0,0,0,0,0,,,
format-code-task-000372,usable,0,0,0,0,0,,,
format-code-task-000377,usable,0,0,0,0,0,,,
format-code-task-000379,usable,0,0,0,0,0,,,
format-code-task-000383,usable,6,0,0,5,1,2026-10-01T01:56:48.791625Z,evallab.harbor_terminus:SecretSafeTerminus2,2026-09-30/HAR-104-har104-d-000383/har104-d-000383__PmZMZ6z 2026-09-30/HAR-110-gepa-terminus-2-format-code-task-000-9862796a5e5624e818ab5f04/gepa-terminus-2-format-code-task__bo5YsYL 2026-09-30/HAR-110-har110-dev-000383-cfe31418/har110-dev-000383-cfe31418__L7nGNNi 2026-10-01/HAR-116-har116-a-000383-loopfix/har116-a-000383-loopfix__wgujpBQ 2026-10-01/HAR-116-har116-a-000383-baseline/har116-a-000383-baseline__igrXg8R 2026-10-01/HAR-116-har116-a-000383-loopfix-r2/har116-a-000383-loopfix-r2__cNEHjBa
format-code-task-000389,usable,0,0,0,0,0,,,
format-code-task-000390,usable,0,0,0,0,0,,,
format-code-task-000392,usable,0,0,0,0,0,,,
format-code-task-000393,discarded,0,0,0,0,0,,,
format-code-task-000402,usable,0,0,0,0,0,,,
format-code-task-000403,usable,0,0,0,0,0,,,
format-code-task-000404,usable,0,0,0,0,0,,,
format-code-task-000405,usable,0,0,0,0,0,,,
format-code-task-000406,usable,0,0,0,0,0,,,
format-code-task-000407,usable,0,0,0,0,0,,,
format-code-task-000408,usable,0,0,0,0,0,,,
format-code-task-000409,usable,0,0,0,0,0,,,
format-code-task-000410,usable,0,0,0,0,0,,,
format-code-task-000411,usable,0,0,0,0,0,,,
format-code-task-000412,usable,0,0,0,0,0,,,
format-code-task-000413,usable,0,0,0,0,0,,,
format-code-task-000414,usable,0,0,0,0,0,,,
format-code-task-000415,usable,0,0,0,0,0,,,
format-code-task-000416,usable,0,0,0,0,0,,,
format-code-task-000417,usable,0,0,0,0,0,,,
format-code-task-000418,usable,0,0,0,0,0,,,
format-code-task-000419,usable,0,0,0,0,0,,,
format-code-task-000420,usable,1,0,0,0,1,2026-10-02T22:35:45.647881Z,evallab.harbor_mimoagent:NativeMimoAgent,2026-10-02/HAR-157-har157-mimo-base-000420/har157-mimo-base-000420__Vd8nHkR
format-code-task-000421,usable,0,0,0,0,0,,,
format-code-task-000437,discarded,0,0,0,0,0,,,
format-code-task-000438,usable,0,0,0,0,0,,,
format-code-task-000444,usable,0,0,0,0,0,,,
format-code-task-000450,usable,0,0,0,0,0,,,
format-code-task-000458,usable,0,0,0,0,0,,,
format-code-task-000466,usable,0,0,0,0,0,,,
format-code-task-000467,usable,0,0,0,0,0,,,
format-code-task-000469,discarded,0,0,0,0,0,,,
format-code-task-000471,usable,0,0,0,0,0,,,
format-code-task-000472,usable,0,0,0,0,0,,,
format-code-task-000474,usable,0,0,0,0,0,,,
format-code-task-000484,usable,0,0,0,0,0,,,
format-code-task-000488,usable,0,0,0,0,0,,,
format-code-task-000489,usable,0,0,0,0,0,,,
format-code-task-000492,usable,0,0,0,0,0,,,
format-code-task-000494,usable,0,0,0,0,0,,,
format-code-task-000495,usable,7,1,0,4,2,2026-10-02T22:34:27.212840Z,evallab.harbor_mimoagent:NativeMimoAgent evallab.harbor_terminus:SecretSafeTerminus2,2026-09-30/HAR-110-har110-000495-seed/har110-000495-seed__dimG2yD 2026-09-30/HAR-110-har110-000495-gepa/har110-000495-gepa__eEzm4kr 2026-09-30/HAR-110-har110-000495-plain/har110-000495-plain__mDTBFAW 2026-10-01/HAR-116-har116-a-000495-loopfix/har116-a-000495-loopfix__rXR8je7 2026-10-01/HAR-116-har116-a-000495-baseline/har116-a-000495-baseline__DiGmEPC 2026-10-01/HAR-116-har116-a-000495-loopfix-r2/har116-a-000495-loopfix-r2__42F3G5T 2026-10-02/HAR-157-har157-mimo-base-000495/har157-mimo-base-000495__iWVCGhy
format-code-task-000496,usable,0,0,0,0,0,,,
format-code-task-000497,usable,0,0,0,0,0,,,
format-code-task-000498,usable,0,0,0,0,0,,,
format-code-task-000505,usable,0,0,0,0,0,,,
format-code-task-000511,usable,0,0,0,0,0,,,
format-code-task-000512,usable,0,0,0,0,0,,,
format-code-task-000513,usable,0,0,0,0,0,,,
format-code-task-000517,usable,1,0,0,0,1,2026-10-02T22:35:28.003839Z,evallab.harbor_mimoagent:NativeMimoAgent,2026-10-02/HAR-157-har157-mimo-base-000517/har157-mimo-base-000517__JYQNMvE
format-code-task-000519,usable,0,0,0,0,0,,,
format-code-task-000520,usable,0,0,0,0,0,,,
format-code-task-000521,usable,3,0,0,3,0,2026-10-01T15:57:45.606381Z,evallab.harbor_terminus:SecretSafeTerminus2,2026-10-01/HAR-126-ovn-g5-000521-gepa/ovn-g5-000521-gepa__2rqo6EY 2026-10-01/HAR-126-ovn-g5-000521-stock/ovn-g5-000521-stock__pjKC2mS 2026-10-01/HAR-126-ovn-g5-000521-tuned/ovn-g5-000521-tuned__TdWLAib
format-code-task-000523,usable,0,0,0,0,0,,,
format-code-task-000525,usable,0,0,0,0,0,,,
format-code-task-000526,usable,0,0,0,0,0,,,
format-code-task-000527,usable,1,0,0,0,1,2026-10-02T22:33:54.563583Z,evallab.harbor_mimoagent:NativeMimoAgent,2026-10-02/HAR-157-har157-mimo-base-000527/har157-mimo-base-000527__bfojbHP
format-code-task-000529,usable,0,0,0,0,0,,,
format-code-task-000530,usable,0,0,0,0,0,,,
format-code-task-000531,usable,0,0,0,0,0,,,
format-code-task-000540,usable,0,0,0,0,0,,,
format-code-task-000541,usable,0,0,0,0,0,,,
format-code-task-000542,usable,0,0,0,0,0,,,
format-code-task-000543,usable,0,0,0,0,0,,,
format-code-task-000544,usable,0,0,0,0,0,,,
format-code-task-000545,usable,0,0,0,0,0,,,
format-code-task-000550,usable,0,0,0,0,0,,,
format-code-task-000552,usable,6,2,0,2,2,2026-10-06T10:05:05.694159Z,evallab.harbor_mimoagent:NativeMimoAgent evallab.harbor_terminus:SecretSafeTerminus2,2026-10-01/HAR-120-har120-000552-a1/har120-000552-a1__WdaAJgE 2026-10-01/HAR-120-har120-000552-a2/har120-000552-a2__CAPWzMo 2026-10-01/HAR-120-har120-000552-a2-r2/har120-000552-a2-r2__ptsTP5m 2026-10-02/HAR-157-har157-mimo-base-000552/har157-mimo-base-000552__Xkq8oXf 2026-10-06/HAR-165-har165-laminar-smoke-20261005-000552/har165-laminar-smoke-20261005-00__UhJVMUV 2026-10-06/HAR-168-har168-20261006-000552-a1/har168-20261006-000552-a1__kQtYR7x
format-code-task-000557,usable,0,0,0,0,0,,,
format-code-task-000558,usable,0,0,0,0,0,,,
format-code-task-000560,usable,0,0,0,0,0,,,
format-code-task-000561,usable,0,0,0,0,0,,,
format-code-task-000566,usable,0,0,0,0,0,,,
format-code-task-000568,usable,3,0,0,3,0,2026-10-01T16:11:10.401928Z,evallab.harbor_terminus:SecretSafeTerminus2,2026-10-01/HAR-126-ovn-g5-000568-gepa/ovn-g5-000568-gepa__XXS7kMp 2026-10-01/HAR-126-ovn-g5-000568-stock/ovn-g5-000568-stock__Ri7YYN5 2026-10-01/HAR-126-ovn-g5-000568-tuned/ovn-g5-000568-tuned__Zcbk6Ub
format-code-task-000571,usable,0,0,0,0,0,,,
format-code-task-000573,usable,0,0,0,0,0,,,
format-code-task-000580,usable,0,0,0,0,0,,,
format-code-task-000581,usable,0,0,0,0,0,,,
format-code-task-000582,usable,0,0,0,0,0,,,
format-code-task-000585,usable,0,0,0,0,0,,,
format-code-task-000587,usable,7,1,0,4,2,2026-10-02T22:34:25.675706Z,evallab.harbor_mimoagent:NativeMimoAgent evallab.harbor_terminus:SecretSafeTerminus2,2026-09-30/HAR-110-har110-000587-seed/har110-000587-seed__perD9bE 2026-09-30/HAR-110-har110-000587-gepa/har110-000587-gepa__SciJPNn 2026-09-30/HAR-110-har110-000587-plain/har110-000587-plain__5NNxU35 2026-10-01/HAR-116-har116-a-000587-loopfix/har116-a-000587-loopfix__X5SAhvg 2026-10-01/HAR-116-har116-a-000587-baseline/har116-a-000587-baseline__Vuxk2nX 2026-10-01/HAR-116-har116-a-000587-loopfix-r2/har116-a-000587-loopfix-r2__RmCmzbQ 2026-10-02/HAR-157-har157-mimo-base-000587/har157-mimo-base-000587__bgiLo4j
format-code-task-000589,usable,0,0,0,0,0,,,
format-code-task-000592,usable,0,0,0,0,0,,,
format-code-task-000593,usable,0,0,0,0,0,,,
format-code-task-000605,usable,0,0,0,0,0,,,
format-code-task-000609,usable,0,0,0,0,0,,,
format-code-task-000613,discarded,0,0,0,0,0,,,
format-code-task-000614,discarded,0,0,0,0,0,,,
format-code-task-000617,usable,0,0,0,0,0,,,
format-code-task-000624,usable,0,0,0,0,0,,,
format-code-task-000625,usable,0,0,0,0,0,,,
format-code-task-000633,usable,0,0,0,0,0,,,
format-code-task-000634,usable,0,0,0,0,0,,,
format-code-task-000635,usable,0,0,0,0,0,,,
format-code-task-000636,usable,0,0,0,0,0,,,
format-code-task-000644,usable,0,0,0,0,0,,,
format-code-task-000645,usable,0,0,0,0,0,,,
format-code-task-000651,usable,0,0,0,0,0,,,
format-code-task-000652,usable,0,0,0,0,0,,,
format-code-task-000654,usable,0,0,0,0,0,,,
format-code-task-000655,usable,0,0,0,0,0,,,
format-code-task-000657,usable,0,0,0,0,0,,,
format-code-task-000659,usable,0,0,0,0,0,,,
format-code-task-000666,usable,3,0,0,2,1,2026-10-01T09:33:46.132369Z,evallab.harbor_terminus:SecretSafeTerminus2,2026-10-01/HAR-120-har120-000666-a1/har120-000666-a1__mZosYxT 2026-10-01/HAR-120-har120-000666-a2/har120-000666-a2__jFzQofP 2026-10-01/HAR-120-har120-000666-a2-r2/har120-000666-a2-r2__MdWhGXb
format-code-task-000670,usable,0,0,0,0,0,,,
format-code-task-000680,usable,0,0,0,0,0,,,
format-code-task-000682,usable,0,0,0,0,0,,,
format-code-task-000683,usable,0,0,0,0,0,,,
format-code-task-000684,usable,0,0,0,0,0,,,
format-code-task-000698,usable,0,0,0,0,0,,,
format-code-task-000700,usable,0,0,0,0,0,,,
format-code-task-000702,usable,0,0,0,0,0,,,
format-code-task-000703,usable,0,0,0,0,0,,,
format-code-task-000705,usable,0,0,0,0,0,,,
format-code-task-000706,usable,0,0,0,0,0,,,
format-code-task-000708,usable,0,0,0,0,0,,,
format-code-task-000717,usable,0,0,0,0,0,,,
format-code-task-000725,usable,0,0,0,0,0,,,
format-code-task-000726,usable,0,0,0,0,0,,,
format-code-task-000728,usable,0,0,0,0,0,,,
format-code-task-000732,usable,0,0,0,0,0,,,
format-code-task-000734,usable,0,0,0,0,0,,,
format-code-task-000735,usable,0,0,0,0,0,,,
format-code-task-000737,usable,0,0,0,0,0,,,
format-code-task-000738,discarded,0,0,0,0,0,,,
format-code-task-000742,usable,0,0,0,0,0,,,
format-code-task-000744,usable,0,0,0,0,0,,,
format-code-task-000745,usable,0,0,0,0,0,,,
format-code-task-000746,usable,0,0,0,0,0,,,
format-code-task-000747,usable,0,0,0,0,0,,,
format-code-task-000749,usable,0,0,0,0,0,,,
format-code-task-000750,usable,0,0,0,0,0,,,
format-code-task-000752,usable,0,0,0,0,0,,,
format-code-task-000753,usable,0,0,0,0,0,,,
format-code-task-000755,usable,0,0,0,0,0,,,
format-code-task-000767,usable,0,0,0,0,0,,,
format-code-task-000768,usable,0,0,0,0,0,,,
format-code-task-000769,usable,0,0,0,0,0,,,
format-code-task-000771,usable,0,0,0,0,0,,,
format-code-task-000773,usable,0,0,0,0,0,,,
format-code-task-000783,usable,0,0,0,0,0,,,
format-code-task-000784,usable,0,0,0,0,0,,,
format-code-task-000785,usable,0,0,0,0,0,,,
format-code-task-000786,usable,0,0,0,0,0,,,
format-code-task-000787,usable,0,0,0,0,0,,,
format-code-task-000788,usable,0,0,0,0,0,,,
format-code-task-000792,usable,2,0,1,0,1,2026-10-06T16:22:55.553720Z,evallab.harbor_mimoagent:NativeMimoAgent,2026-10-02/HAR-157-har157-mimo-base-000792/har157-mimo-base-000792__8GB9rh3 2026-10-06/HAR-168-har168-20261006-000792-a1/har168-20261006-000792-a1__XavEDNw
format-code-task-000795,usable,0,0,0,0,0,,,
format-code-task-000802,usable,0,0,0,0,0,,,
format-code-task-000803,usable,5,1,0,2,2,2026-10-02T22:34:26.047600Z,evallab.harbor_mimoagent:NativeMimoAgent evallab.harbor_terminus:SecretSafeTerminus2,2026-10-01/HAR-120-har120-000803-a1/har120-000803-a1__xWzxKCn 2026-10-01/HAR-120-har120-000803-a2/har120-000803-a2__Jjiz4y5 2026-10-01/HAR-120-har120-000803-a2-r2/har120-000803-a2-r2__QyoYej6 2026-10-01/HAR-135-har135-c1-000803/har135-c1-000803__jHtT7Bj 2026-10-02/HAR-157-har157-mimo-base-000803/har157-mimo-base-000803__wYpUM6c
format-code-task-000809,usable,0,0,0,0,0,,,
format-code-task-000810,usable,0,0,0,0,0,,,
format-code-task-000812,usable,0,0,0,0,0,,,
format-code-task-000813,usable,3,0,0,2,1,2026-10-01T09:36:36.322352Z,evallab.harbor_terminus:SecretSafeTerminus2,2026-10-01/HAR-120-har120-000813-a1/har120-000813-a1__WXXsNxw 2026-10-01/HAR-120-har120-000813-a2/har120-000813-a2__TprTDJv 2026-10-01/HAR-120-har120-000813-a2-r2/har120-000813-a2-r2__Ci3xbwU
format-code-task-000814,usable,0,0,0,0,0,,,
format-code-task-000817,usable,0,0,0,0,0,,,
format-code-task-000818,usable,0,0,0,0,0,,,
format-code-task-000821,usable,0,0,0,0,0,,,
format-code-task-000823,usable,2,0,0,0,2,2026-10-02T07:50:51.135911Z,evallab.harbor_mimoagent:NativeMimoAgent,2026-10-02/HAR-148-har148-wrapper-000823/har148-wrapper-000823__NixYNfW 2026-10-02/HAR-148-har148-direct-000823/har148-direct-000823__cy47acA
format-code-task-000825,usable,0,0,0,0,0,,,
format-code-task-000831,usable,0,0,0,0,0,,,
format-code-task-000832,usable,0,0,0,0,0,,,
format-code-task-000833,usable,0,0,0,0,0,,,
format-code-task-000834,usable,0,0,0,0,0,,,
format-code-task-000838,usable,4,1,0,1,2,2026-10-02T22:34:55.294619Z,evallab.harbor_mimoagent:NativeMimoAgent evallab.harbor_terminus:SecretSafeTerminus2,2026-10-01/HAR-120-har120-000838-a1/har120-000838-a1__YSe3G7t 2026-10-01/HAR-120-har120-000838-a2/har120-000838-a2__yQwZqbb 2026-10-01/HAR-120-har120-000838-a2-r2/har120-000838-a2-r2__XnnRuwu 2026-10-02/HAR-157-har157-mimo-base-000838/har157-mimo-base-000838__A7JsKvJ
format-code-task-000841,usable,0,0,0,0,0,,,
format-code-task-000842,usable,3,0,0,3,0,2026-10-01T15:54:20.648641Z,evallab.harbor_terminus:SecretSafeTerminus2,2026-10-01/HAR-126-ovn-g5-000842-stock/ovn-g5-000842-stock__RUUQHiz 2026-10-01/HAR-126-ovn-g5-000842-gepa/ovn-g5-000842-gepa__7p54K7C 2026-10-01/HAR-126-ovn-g5-000842-tuned/ovn-g5-000842-tuned__GjjMiqx
format-code-task-000843,usable,0,0,0,0,0,,,
format-code-task-000844,usable,0,0,0,0,0,,,
format-code-task-000847,usable,0,0,0,0,0,,,
format-code-task-000852,usable,0,0,0,0,0,,,
format-code-task-000854,usable,1,0,0,0,1,2026-10-02T22:34:29.069826Z,evallab.harbor_mimoagent:NativeMimoAgent,2026-10-02/HAR-157-har157-mimo-base-000854/har157-mimo-base-000854__BUb2FX4
format-code-task-000865,usable,3,0,0,2,1,2026-10-01T09:30:26.916865Z,evallab.harbor_terminus:SecretSafeTerminus2,2026-10-01/HAR-120-har120-000865-a1/har120-000865-a1__a2TWzyM 2026-10-01/HAR-120-har120-000865-a2/har120-000865-a2__r8jQTkW 2026-10-01/HAR-120-har120-000865-a2-r2/har120-000865-a2-r2__T8MhMX4
format-code-task-000866,usable,0,0,0,0,0,,,
format-code-task-000870,usable,1,0,0,0,1,2026-10-02T22:34:55.363482Z,evallab.harbor_mimoagent:NativeMimoAgent,2026-10-02/HAR-157-har157-mimo-base-000870/har157-mimo-base-000870__GuHUaUX
format-code-task-000871,usable,0,0,0,0,0,,,
format-code-task-000878,usable,0,0,0,0,0,,,
format-code-task-000879,usable,0,0,0,0,0,,,
format-code-task-000881,usable,0,0,0,0,0,,,
format-code-task-000887,usable,0,0,0,0,0,,,
format-code-task-000905,usable,0,0,0,0,0,,,
format-code-task-000906,usable,0,0,0,0,0,,,
format-code-task-000918,usable,0,0,0,0,0,,,
format-code-task-000923,usable,0,0,0,0,0,,,
format-code-task-000924,usable,0,0,0,0,0,,,
format-code-task-000925,usable,0,0,0,0,0,,,
format-code-task-000926,usable,0,0,0,0,0,,,
format-code-task-000927,usable,3,0,2,1,0,2026-10-01T02:11:12.139145Z,evallab.harbor_terminus:SecretSafeTerminus2,2026-09-30/HAR-104-har104-d-000927/har104-d-000927__23aAzui 2026-10-01/HAR-116-har116-b-000927-leakclosed/har116-b-000927-leakclosed__Sj3aGEg 2026-10-01/HAR-116-har116-b-000927-original/har116-b-000927-original__kvyP9fr
format-code-task-000930,usable,0,0,0,0,0,,,
format-code-task-000931,usable,0,0,0,0,0,,,
format-code-task-000932,usable,0,0,0,0,0,,,
format-code-task-000939,usable,0,0,0,0,0,,,
format-code-task-000941,usable,4,1,0,1,2,2026-10-02T22:34:29.403960Z,evallab.harbor_mimoagent:NativeMimoAgent evallab.harbor_terminus:SecretSafeTerminus2,2026-10-01/HAR-120-har120-000941-a1/har120-000941-a1__arZdiNe 2026-10-01/HAR-120-har120-000941-a2/har120-000941-a2__bjdJiNg 2026-10-01/HAR-120-har120-000941-a2-r2/har120-000941-a2-r2__VrxFqqG 2026-10-02/HAR-157-har157-mimo-base-000941/har157-mimo-base-000941__aXbgyLE
format-code-task-000944,usable,0,0,0,0,0,,,
format-code-task-000945,usable,0,0,0,0,0,,,
format-code-task-000956,usable,0,0,0,0,0,,,
format-code-task-000957,usable,0,0,0,0,0,,,
format-code-task-000960,usable,0,0,0,0,0,,,
format-code-task-000964,usable,0,0,0,0,0,,,
format-code-task-000966,usable,0,0,0,0,0,,,
format-code-task-000967,usable,0,0,0,0,0,,,
format-code-task-000968,usable,0,0,0,0,0,,,
format-code-task-000969,usable,0,0,0,0,0,,,
format-code-task-000971,usable,0,0,0,0,0,,,
format-code-task-000972,usable,0,0,0,0,0,,,
format-code-task-000973,usable,0,0,0,0,0,,,
format-code-task-000974,discarded,0,0,0,0,0,,,
format-code-task-000975,usable,0,0,0,0,0,,,
format-code-task-000976,usable,0,0,0,0,0,,,
format-code-task-000980,usable,1,0,0,0,1,2026-10-02T22:34:26.250178Z,evallab.harbor_mimoagent:NativeMimoAgent,2026-10-02/HAR-157-har157-mimo-base-000980/har157-mimo-base-000980__f4dHVmm
format-code-task-000984,usable,0,0,0,0,0,,,
format-code-task-000986,usable,0,0,0,0,0,,,
format-code-task-000987,usable,0,0,0,0,0,,,
format-code-task-000992,usable,0,0,0,0,0,,,
format-code-task-000994,usable,0,0,0,0,0,,,
format-code-task-000997,usable,0,0,0,0,0,,,
format-code-task-000998,usable,0,0,0,0,0,,,
format-code-task-000999,usable,0,0,0,0,0,,,
format-code-task-001005,usable,0,0,0,0,0,,,
format-code-task-001008,usable,0,0,0,0,0,,,
format-code-task-001010,usable,0,0,0,0,0,,,
format-code-task-001013,usable,1,0,0,0,1,2026-10-02T22:36:06.436626Z,evallab.harbor_mimoagent:NativeMimoAgent,2026-10-02/HAR-157-har157-mimo-base-001013/har157-mimo-base-001013__EMDKN2m
format-code-task-001014,usable,0,0,0,0,0,,,
format-code-task-001017,usable,0,0,0,0,0,,,
format-code-task-001018,usable,0,0,0,0,0,,,
format-code-task-001019,usable,0,0,0,0,0,,,
format-code-task-001020,usable,0,0,0,0,0,,,
format-code-task-001022,usable,0,0,0,0,0,,,
format-code-task-001023,usable,0,0,0,0,0,,,
format-code-task-001024,usable,0,0,0,0,0,,,
format-code-task-001027,usable,0,0,0,0,0,,,
format-code-task-001032,usable,0,0,0,0,0,,,
format-code-task-001037,usable,0,0,0,0,0,,,
format-code-task-001038,usable,0,0,0,0,0,,,
format-code-task-001044,usable,0,0,0,0,0,,,
format-code-task-001045,usable,0,0,0,0,0,,,
format-code-task-001049,usable,0,0,0,0,0,,,
format-code-task-001051,usable,0,0,0,0,0,,,
format-code-task-001052,usable,0,0,0,0,0,,,
format-code-task-001053,usable,0,0,0,0,0,,,
format-code-task-001057,usable,0,0,0,0,0,,,
format-code-task-001058,usable,0,0,0,0,0,,,
format-code-task-001063,usable,0,0,0,0,0,,,
format-code-task-001064,usable,0,0,0,0,0,,,
format-code-task-001065,usable,0,0,0,0,0,,,
format-code-task-001066,usable,0,0,0,0,0,,,
format-code-task-001068,usable,0,0,0,0,0,,,
format-code-task-001069,usable,0,0,0,0,0,,,
format-code-task-001071,usable,0,0,0,0,0,,,
format-code-task-001072,usable,0,0,0,0,0,,,
format-code-task-001073,discarded,0,0,0,0,0,,,
format-code-task-001075,usable,0,0,0,0,0,,,
format-code-task-001076,usable,0,0,0,0,0,,,
format-code-task-001078,discarded,0,0,0,0,0,,,
format-code-task-001079,usable,0,0,0,0,0,,,
format-code-task-001080,usable,0,0,0,0,0,,,
format-code-task-001081,usable,0,0,0,0,0,,,
format-code-task-001082,usable,0,0,0,0,0,,,
format-code-task-001084,usable,0,0,0,0,0,,,
format-code-task-001086,usable,0,0,0,0,0,,,
format-code-task-001087,usable,0,0,0,0,0,,,
format-code-task-001089,usable,0,0,0,0,0,,,
format-code-task-001092,usable,0,0,0,0,0,,,
format-code-task-001093,usable,0,0,0,0,0,,,
format-code-task-001094,usable,0,0,0,0,0,,,
format-code-task-001095,usable,0,0,0,0,0,,,
format-code-task-001100,usable,0,0,0,0,0,,,
format-code-task-001103,usable,0,0,0,0,0,,,
format-code-task-001105,usable,0,0,0,0,0,,,
format-code-task-001109,usable,1,1,0,0,0,2026-10-06T16:25:58.625366Z,evallab.harbor_mimoagent:NativeMimoAgent,2026-10-06/HAR-168-har168-20261006-001109-a1/har168-20261006-001109-a1__36yh5VX
format-code-task-001110,usable,0,0,0,0,0,,,
format-code-task-001112,usable,0,0,0,0,0,,,
format-code-task-001114,usable,0,0,0,0,0,,,
format-code-task-001119,usable,0,0,0,0,0,,,
format-code-task-001122,usable,0,0,0,0,0,,,
format-code-task-001124,usable,0,0,0,0,0,,,
format-code-task-001125,discarded,0,0,0,0,0,,,
format-code-task-001127,usable,0,0,0,0,0,,,
format-code-task-001128,usable,0,0,0,0,0,,,
format-code-task-001130,usable,0,0,0,0,0,,,
format-code-task-001132,usable,0,0,0,0,0,,,
format-code-task-001134,usable,0,0,0,0,0,,,
format-code-task-001136,usable,3,0,0,3,0,2026-10-01T15:45:19.143498Z,evallab.harbor_terminus:SecretSafeTerminus2,2026-10-01/HAR-126-ovn-g5-001136-stock/ovn-g5-001136-stock__jjgSG57 2026-10-01/HAR-126-ovn-g5-001136-tuned/ovn-g5-001136-tuned__QTMzsEL 2026-10-01/HAR-126-ovn-g5-001136-gepa/ovn-g5-001136-gepa__rexYV6K
format-code-task-001137,usable,0,0,0,0,0,,,
format-code-task-001138,usable,0,0,0,0,0,,,
format-code-task-001139,usable,0,0,0,0,0,,,
format-code-task-001140,usable,0,0,0,0,0,,,
format-code-task-001142,usable,0,0,0,0,0,,,
format-code-task-001144,usable,0,0,0,0,0,,,
format-code-task-001145,usable,0,0,0,0,0,,,
format-code-task-001146,discarded,0,0,0,0,0,,,
format-code-task-001150,discarded,0,0,0,0,0,,,
format-code-task-001152,usable,0,0,0,0,0,,,
format-code-task-001154,usable,0,0,0,0,0,,,
format-code-task-001156,usable,0,0,0,0,0,,,
format-code-task-001160,discarded,0,0,0,0,0,,,
format-code-task-001161,usable,6,0,0,5,1,2026-10-01T01:58:52.350916Z,evallab.harbor_terminus:SecretSafeTerminus2,2026-09-30/HAR-110-har110-001161-seed/har110-001161-seed__jj2vEqJ 2026-09-30/HAR-110-har110-001161-plain/har110-001161-plain__RZ8qyUu 2026-09-30/HAR-110-har110-001161-gepa/har110-001161-gepa__kLkGSnR 2026-10-01/HAR-116-har116-a-001161-loopfix/har116-a-001161-loopfix__WxP98h8 2026-10-01/HAR-116-har116-a-001161-baseline/har116-a-001161-baseline__DwYZaia 2026-10-01/HAR-116-har116-a-001161-loopfix-r2/har116-a-001161-loopfix-r2__uo7QDVh
format-code-task-001163,usable,0,0,0,0,0,,,
format-code-task-001167,usable,0,0,0,0,0,,,
format-code-task-001168,discarded,0,0,0,0,0,,,
format-code-task-001174,discarded,0,0,0,0,0,,,
format-code-task-001175,usable,0,0,0,0,0,,,
format-code-task-001176,usable,0,0,0,0,0,,,
format-code-task-001177,usable,0,0,0,0,0,,,
format-code-task-001178,usable,0,0,0,0,0,,,
format-code-task-001179,usable,0,0,0,0,0,,,
format-code-task-001180,usable,0,0,0,0,0,,,
format-code-task-001181,usable,6,0,0,5,1,2026-10-01T02:07:07.481042Z,evallab.harbor_terminus:SecretSafeTerminus2,2026-09-30/HAR-110-har110-001181-seed/har110-001181-seed__Q3rr6S4 2026-09-30/HAR-110-har110-001181-gepa/har110-001181-gepa__i4RTJT9 2026-09-30/HAR-110-har110-001181-plain/har110-001181-plain__AnjbfwU 2026-10-01/HAR-116-har116-a-001181-loopfix/har116-a-001181-loopfix__Cd9chGm 2026-10-01/HAR-116-har116-a-001181-baseline/har116-a-001181-baseline__cK5qZMf 2026-10-01/HAR-116-har116-a-001181-loopfix-r2/har116-a-001181-loopfix-r2__ZhWHNno
format-code-task-001183,usable,0,0,0,0,0,,,
format-code-task-001184,usable,0,0,0,0,0,,,
format-code-task-001189,usable,0,0,0,0,0,,,
format-code-task-001196,usable,0,0,0,0,0,,,
format-code-task-001198,usable,1,0,0,1,0,2026-10-06T17:10:31.570665Z,evallab.harbor_mimoagent:NativeMimoAgent,2026-10-06/HAR-168-har168-20261006-001198-a1/har168-20261006-001198-a1__ChBPGXW
format-code-task-001199,usable,0,0,0,0,0,,,
format-code-task-001200,usable,0,0,0,0,0,,,
format-code-task-001205,usable,0,0,0,0,0,,,
format-code-task-001207,usable,0,0,0,0,0,,,
format-code-task-001208,usable,0,0,0,0,0,,,
format-code-task-001209,usable,0,0,0,0,0,,,
format-code-task-001212,usable,0,0,0,0,0,,,
format-code-task-001215,usable,0,0,0,0,0,,,
format-code-task-001216,usable,0,0,0,0,0,,,
format-code-task-001218,usable,0,0,0,0,0,,,
format-code-task-001219,usable,0,0,0,0,0,,,
format-code-task-001220,usable,0,0,0,0,0,,,
format-code-task-001222,usable,0,0,0,0,0,,,
format-code-task-001226,discarded,0,0,0,0,0,,,
format-code-task-001228,usable,0,0,0,0,0,,,
format-code-task-001229,usable,0,0,0,0,0,,,
format-code-task-001232,usable,0,0,0,0,0,,,
format-code-task-001241,usable,3,0,0,2,1,2026-10-01T15:51:39.279040Z,evallab.harbor_terminus:SecretSafeTerminus2,2026-10-01/HAR-126-ovn-g5-001241-gepa/ovn-g5-001241-gepa__6LNRk7d 2026-10-01/HAR-126-ovn-g5-001241-tuned/ovn-g5-001241-tuned__xKbAg3N 2026-10-01/HAR-126-ovn-g5-001241-stock/ovn-g5-001241-stock__FGtdyNH
format-code-task-001242,usable,0,0,0,0,0,,,
format-code-task-001243,usable,0,0,0,0,0,,,
format-code-task-001246,usable,0,0,0,0,0,,,
format-code-task-001247,usable,0,0,0,0,0,,,
format-code-task-001248,usable,0,0,0,0,0,,,
format-code-task-001249,usable,0,0,0,0,0,,,
format-code-task-001250,usable,0,0,0,0,0,,,
format-code-task-001251,usable,0,0,0,0,0,,,
format-code-task-001256,usable,0,0,0,0,0,,,
format-code-task-001257,usable,0,0,0,0,0,,,
format-code-task-001258,usable,0,0,0,0,0,,,
format-code-task-001259,usable,0,0,0,0,0,,,
format-code-task-001260,usable,0,0,0,0,0,,,
format-code-task-001261,usable,0,0,0,0,0,,,
format-code-task-001262,usable,0,0,0,0,0,,,
format-code-task-001263,usable,0,0,0,0,0,,,
format-code-task-001264,usable,0,0,0,0,0,,,
format-code-task-001265,usable,3,0,0,2,1,2026-10-01T09:38:03.511038Z,evallab.harbor_terminus:SecretSafeTerminus2,2026-10-01/HAR-120-har120-001265-a1/har120-001265-a1__3sBRy7Y 2026-10-01/HAR-120-har120-001265-a2/har120-001265-a2__tkFj88x 2026-10-01/HAR-120-har120-001265-a2-r2/har120-001265-a2-r2__fpm7nFz
format-code-task-001267,usable,0,0,0,0,0,,,
format-code-task-001268,usable,0,0,0,0,0,,,
format-code-task-001269,discarded,3,0,1,1,1,2026-10-01T09:45:18.459397Z,evallab.harbor_terminus:SecretSafeTerminus2,2026-10-01/HAR-120-har120-001269-a1/har120-001269-a1__y3Wy5Ku 2026-10-01/HAR-120-har120-001269-a2/har120-001269-a2__sA8cq7s 2026-10-01/HAR-120-har120-001269-a2-r2/har120-001269-a2-r2__93WpuaE
format-code-task-001272,usable,0,0,0,0,0,,,
format-code-task-001273,usable,0,0,0,0,0,,,
format-code-task-001277,usable,0,0,0,0,0,,,
format-code-task-001285,usable,3,0,0,3,0,2026-10-01T15:54:49.116859Z,evallab.harbor_terminus:SecretSafeTerminus2,2026-10-01/HAR-126-ovn-g5-001285-stock/ovn-g5-001285-stock__JvtxRFm 2026-10-01/HAR-126-ovn-g5-001285-tuned/ovn-g5-001285-tuned__WgPbz8K 2026-10-01/HAR-126-ovn-g5-001285-gepa/ovn-g5-001285-gepa__waX6njT
format-code-task-001286,usable,0,0,0,0,0,,,
format-code-task-001287,usable,0,0,0,0,0,,,
format-code-task-001291,usable,0,0,0,0,0,,,
format-code-task-001322,usable,0,0,0,0,0,,,
format-code-task-001330,usable,0,0,0,0,0,,,
format-code-task-001332,usable,0,0,0,0,0,,,
format-code-task-001333,usable,0,0,0,0,0,,,
format-code-task-001334,usable,0,0,0,0,0,,,
format-code-task-001338,usable,0,0,0,0,0,,,
format-code-task-001342,usable,0,0,0,0,0,,,
format-code-task-001343,usable,0,0,0,0,0,,,
format-code-task-001345,usable,0,0,0,0,0,,,
format-code-task-001355,usable,3,0,0,3,0,2026-10-01T15:56:51.603150Z,evallab.harbor_terminus:SecretSafeTerminus2,2026-10-01/HAR-126-ovn-g5-001355-gepa/ovn-g5-001355-gepa__bJkSJkD 2026-10-01/HAR-126-ovn-g5-001355-stock/ovn-g5-001355-stock__ZHNXfvD 2026-10-01/HAR-126-ovn-g5-001355-tuned/ovn-g5-001355-tuned__8UJMiQN
format-code-task-001356,usable,0,0,0,0,0,,,
format-code-task-001360,usable,0,0,0,0,0,,,
format-code-task-001364,usable,0,0,0,0,0,,,
format-code-task-001369,usable,0,0,0,0,0,,,
format-code-task-001371,usable,0,0,0,0,0,,,
format-code-task-001372,usable,0,0,0,0,0,,,
format-code-task-001373,usable,3,0,1,1,1,2026-10-01T09:38:06.563442Z,evallab.harbor_terminus:SecretSafeTerminus2,2026-10-01/HAR-120-har120-001373-a1/har120-001373-a1__vHMkbJW 2026-10-01/HAR-120-har120-001373-a2/har120-001373-a2__LvZ3S5Q 2026-10-01/HAR-120-har120-001373-a2-r2/har120-001373-a2-r2__LfAWGFC
format-code-task-001374,usable,0,0,0,0,0,,,
format-code-task-001393,usable,0,0,0,0,0,,,
format-code-task-001394,usable,0,0,0,0,0,,,
format-code-task-001397,usable,0,0,0,0,0,,,
format-code-task-001399,usable,2,0,0,2,0,2026-10-01T09:56:44.617908Z,evallab.harbor_terminus:SecretSafeTerminus2,2026-10-01/HAR-120-har120-001399-a1/har120-001399-a1__fwLaw2U 2026-10-01/HAR-135-har135-c1-001399/har135-c1-001399__hQhuW63
format-code-task-001400,usable,0,0,0,0,0,,,
format-code-task-001404,usable,0,0,0,0,0,,,
format-code-task-001406,usable,0,0,0,0,0,,,
format-code-task-001416,usable,0,0,0,0,0,,,
format-code-task-001418,usable,0,0,0,0,0,,,
format-code-task-001422,usable,0,0,0,0,0,,,
format-code-task-001425,usable,0,0,0,0,0,,,
format-code-task-001426,usable,0,0,0,0,0,,,
format-code-task-001431,usable,0,0,0,0,0,,,
format-code-task-001432,usable,0,0,0,0,0,,,
format-code-task-001433,usable,0,0,0,0,0,,,
format-code-task-001435,usable,0,0,0,0,0,,,
format-code-task-001460,usable,0,0,0,0,0,,,
format-code-task-001461,discarded,0,0,0,0,0,,,
format-code-task-001462,usable,0,0,0,0,0,,,
format-code-task-001469,usable,0,0,0,0,0,,,
format-code-task-001471,usable,0,0,0,0,0,,,
format-code-task-001477,usable,0,0,0,0,0,,,
format-code-task-001478,usable,0,0,0,0,0,,,
format-code-task-001479,usable,0,0,0,0,0,,,
format-code-task-001480,usable,0,0,0,0,0,,,
format-code-task-001481,usable,0,0,0,0,0,,,
format-code-task-001482,usable,0,0,0,0,0,,,
format-code-task-001483,usable,0,0,0,0,0,,,
format-code-task-001484,usable,0,0,0,0,0,,,
format-code-task-001486,usable,0,0,0,0,0,,,
format-code-task-001487,usable,0,0,0,0,0,,,
format-code-task-001488,usable,0,0,0,0,0,,,
format-code-task-001489,usable,0,0,0,0,0,,,
format-code-task-001490,usable,0,0,0,0,0,,,
format-code-task-001491,usable,0,0,0,0,0,,,
format-code-task-001492,usable,0,0,0,0,0,,,
format-code-task-001493,usable,0,0,0,0,0,,,
format-code-task-001494,usable,0,0,0,0,0,,,
format-code-task-001495,usable,0,0,0,0,0,,,
format-code-task-001497,usable,0,0,0,0,0,,,
format-code-task-001498,usable,0,0,0,0,0,,,
format-code-task-001499,usable,0,0,0,0,0,,,
format-code-task-001501,usable,0,0,0,0,0,,,
format-code-task-001502,usable,0,0,0,0,0,,,
format-code-task-001503,usable,0,0,0,0,0,,,
format-code-task-001504,usable,0,0,0,0,0,,,
format-code-task-001505,usable,0,0,0,0,0,,,
format-code-task-001506,usable,0,0,0,0,0,,,
format-code-task-001507,usable,0,0,0,0,0,,,
format-code-task-001508,usable,0,0,0,0,0,,,
format-code-task-001510,usable,0,0,0,0,0,,,
format-code-task-001511,usable,0,0,0,0,0,,,
format-code-task-001512,usable,0,0,0,0,0,,,
format-code-task-001519,usable,0,0,0,0,0,,,
format-code-task-001527,usable,0,0,0,0,0,,,
format-code-task-001529,usable,0,0,0,0,0,,,
format-code-task-001530,usable,0,0,0,0,0,,,
format-code-task-001531,usable,0,0,0,0,0,,,
format-code-task-001532,usable,0,0,0,0,0,,,
format-code-task-001543,usable,0,0,0,0,0,,,
format-code-task-001544,usable,0,0,0,0,0,,,
format-code-task-001552,usable,0,0,0,0,0,,,
format-code-task-001553,usable,0,0,0,0,0,,,
format-code-task-001556,usable,0,0,0,0,0,,,
format-code-task-001558,usable,0,0,0,0,0,,,
format-code-task-001559,usable,0,0,0,0,0,,,
format-code-task-001561,discarded,0,0,0,0,0,,,
format-code-task-001567,usable,0,0,0,0,0,,,
format-code-task-001568,usable,0,0,0,0,0,,,
format-code-task-001571,usable,0,0,0,0,0,,,
format-code-task-001573,usable,0,0,0,0,0,,,
format-code-task-001574,usable,0,0,0,0,0,,,
format-code-task-001583,usable,3,0,0,1,2,2026-10-02T07:35:38.672355Z,evallab.harbor_mimoagent:NativeMimoAgent,2026-10-02/HAR-148-har148-wrapper-001583/har148-wrapper-001583__KAMZ87y 2026-10-02/HAR-148-har148-wrapper-001583-ready/har148-wrapper-001583-ready__WErryDa 2026-10-02/HAR-148-har148-direct-001583/har148-direct-001583__jXnxFQc
format-code-task-001584,usable,0,0,0,0,0,,,
format-code-task-001587,usable,0,0,0,0,0,,,
format-code-task-001590,usable,0,0,0,0,0,,,
format-code-task-001601,usable,0,0,0,0,0,,,
format-code-task-001602,usable,0,0,0,0,0,,,
format-code-task-001603,usable,0,0,0,0,0,,,
format-code-task-001606,usable,3,0,0,3,0,2026-10-01T15:41:21.678253Z,evallab.harbor_terminus:SecretSafeTerminus2,2026-10-01/HAR-126-ovn-g5-001606-tuned/ovn-g5-001606-tuned__MnCArfo 2026-10-01/HAR-126-ovn-g5-001606-stock/ovn-g5-001606-stock__jePg8nP 2026-10-01/HAR-126-ovn-g5-001606-gepa/ovn-g5-001606-gepa__ySwezhm
format-code-task-001607,usable,0,0,0,0,0,,,
format-code-task-001608,usable,0,0,0,0,0,,,
format-code-task-001609,usable,2,0,0,1,1,2026-10-01T09:32:27.116254Z,evallab.harbor_terminus:SecretSafeTerminus2,2026-10-01/HAR-120-har120-001609-a1/har120-001609-a1__Xw8pZQ2 2026-10-01/HAR-120-har120-001609-a1-r2/har120-001609-a1-r2__vwLGuFL
format-code-task-001611,usable,0,0,0,0,0,,,
format-code-task-001612,usable,0,0,0,0,0,,,
format-code-task-001614,usable,0,0,0,0,0,,,
format-code-task-001615,usable,0,0,0,0,0,,,
format-code-task-001616,usable,0,0,0,0,0,,,
format-code-task-001617,usable,0,0,0,0,0,,,
format-code-task-001618,usable,2,0,0,1,1,2026-10-01T09:40:16.300475Z,evallab.harbor_terminus:SecretSafeTerminus2,2026-10-01/HAR-120-har120-001618-a1/har120-001618-a1__ghKjtXV 2026-10-01/HAR-120-har120-001618-a1-r2/har120-001618-a1-r2__8whFQDY
format-code-task-001620,usable,0,0,0,0,0,,,
format-code-task-001622,usable,0,0,0,0,0,,,
format-code-task-001626,usable,4,0,0,3,1,2026-10-01T15:51:12.404309Z,evallab.harbor_terminus:SecretSafeTerminus2,2026-10-01/HAR-126-ovn-g5-001626-tuned/ovn-g5-001626-tuned__fSkoQL7 2026-10-01/unknown-g5copy/ovn-g5-001626-tuned__fSkoQL7 2026-10-01/HAR-126-ovn-g5-001626-gepa/ovn-g5-001626-gepa__3kGXxof 2026-10-01/HAR-126-ovn-g5-001626-stock/ovn-g5-001626-stock__6P6YXKD
format-code-task-001627,usable,0,0,0,0,0,,,
format-code-task-001635,usable,0,0,0,0,0,,,
format-code-task-001638,usable,0,0,0,0,0,,,
format-code-task-001639,usable,0,0,0,0,0,,,
format-code-task-001640,usable,0,0,0,0,0,,,
format-code-task-001641,usable,0,0,0,0,0,,,
format-code-task-001642,usable,0,0,0,0,0,,,
format-code-task-001645,usable,1,0,0,1,0,2026-09-29T08:39:49.903143Z,evallab.harbor_terminus:SecretSafeTerminus2,2026-09-29/HAR-81-har81-p-d-format-code-task-001645/har81-p-d-format-code-task-00164__bMN27md
format-code-task-001647,usable,3,2,0,0,1,2026-10-02T07:40:34.765908Z,evallab.harbor_mimoagent:NativeMimoAgent evallab.harbor_terminus:SecretSafeTerminus2,2026-10-01/HAR-120-har120-001647-a1/har120-001647-a1__iqMRm5R 2026-10-02/HAR-148-har148-wrapper-001647/har148-wrapper-001647__9Q5cbAT 2026-10-02/HAR-148-har148-direct-001647/har148-direct-001647__ayTaDa2
format-code-task-001648,usable,0,0,0,0,0,,,
format-code-task-001651,usable,0,0,0,0,0,,,
format-code-task-001659,usable,0,0,0,0,0,,,
format-code-task-001661,usable,2,1,0,1,0,2026-10-01T10:00:21.231643Z,evallab.harbor_terminus:SecretSafeTerminus2,2026-10-01/HAR-120-har120-001661-a1/har120-001661-a1__xdRDCYr 2026-10-01/HAR-135-har135-c1-001661/har135-c1-001661__axtUtKL
format-code-task-001670,usable,0,0,0,0,0,,,
format-code-task-001671,usable,0,0,0,0,0,,,
format-code-task-001683,usable,0,0,0,0,0,,,
format-code-task-001686,usable,0,0,0,0,0,,,
format-code-task-001687,usable,0,0,0,0,0,,,
format-code-task-001688,usable,0,0,0,0,0,,,
format-code-task-001689,usable,0,0,0,0,0,,,
format-code-task-001690,usable,0,0,0,0,0,,,
format-code-task-001691,usable,0,0,0,0,0,,,
format-code-task-001692,usable,0,0,0,0,0,,,
format-code-task-001695,usable,3,1,0,2,0,2026-10-01T16:36:29.328093Z,evallab.harbor_terminus:SecretSafeTerminus2,2026-10-01/HAR-126-ovn-g5-001695-tuned/ovn-g5-001695-tuned__HSdBDkF 2026-10-01/HAR-126-ovn-g5-001695-gepa/ovn-g5-001695-gepa__q4rVPoo 2026-10-01/HAR-126-ovn-g5-001695-stock/ovn-g5-001695-stock__PveqguL
format-code-task-001708,usable,0,0,0,0,0,,,
format-code-task-001709,usable,0,0,0,0,0,,,
format-code-task-001710,usable,2,0,0,2,0,2026-10-01T10:04:07.343596Z,evallab.harbor_terminus:SecretSafeTerminus2,2026-10-01/HAR-120-har120-001710-a1/har120-001710-a1__BLMKCZN 2026-10-01/HAR-135-har135-c1-001710/har135-c1-001710__4jm4gbb
format-code-task-001711,usable,0,0,0,0,0,,,
format-code-task-001750,usable,0,0,0,0,0,,,
format-code-task-001752,usable,0,0,0,0,0,,,
format-code-task-001760,usable,0,0,0,0,0,,,
format-code-task-001762,usable,0,0,0,0,0,,,
format-code-task-001765,usable,3,0,0,2,1,2026-10-01T15:51:09.228862Z,evallab.harbor_terminus:SecretSafeTerminus2,2026-10-01/HAR-126-ovn-g5-001765-tuned/ovn-g5-001765-tuned__rrXKUgY 2026-10-01/HAR-126-ovn-g5-001765-gepa/ovn-g5-001765-gepa__yHdbtvs 2026-10-01/HAR-126-ovn-g5-001765-stock/ovn-g5-001765-stock__Tigdd3B
format-code-task-001768,usable,0,0,0,0,0,,,
format-code-task-001769,usable,3,0,0,3,0,2026-10-01T15:57:10.080084Z,evallab.harbor_terminus:SecretSafeTerminus2,2026-10-01/HAR-126-ovn-g5-001769-tuned/ovn-g5-001769-tuned__pHJnuZq 2026-10-01/HAR-126-ovn-g5-001769-stock/ovn-g5-001769-stock__qSPHRnf 2026-10-01/HAR-126-ovn-g5-001769-gepa/ovn-g5-001769-gepa__XKhJTpk
format-code-task-001770,usable,0,0,0,0,0,,,
format-code-task-001771,usable,0,0,0,0,0,,,
format-code-task-001779,usable,0,0,0,0,0,,,
format-code-task-001783,usable,0,0,0,0,0,,,
format-code-task-001790,usable,0,0,0,0,0,,,
format-code-task-001793,usable,0,0,0,0,0,,,
format-code-task-001797,usable,3,0,0,3,0,2026-10-01T15:45:08.734014Z,evallab.harbor_terminus:SecretSafeTerminus2,2026-10-01/HAR-126-ovn-g5-001797-gepa/ovn-g5-001797-gepa__W7cKEVT 2026-10-01/HAR-126-ovn-g5-001797-tuned/ovn-g5-001797-tuned__L32LiEr 2026-10-01/HAR-126-ovn-g5-001797-stock/ovn-g5-001797-stock__yGw88CW
format-code-task-001801,usable,0,0,0,0,0,,,
format-code-task-001803,usable,0,0,0,0,0,,,
format-code-task-001804,usable,0,0,0,0,0,,,
format-code-task-001809,usable,3,2,0,1,0,2026-10-01T15:58:39.683263Z,evallab.harbor_terminus:SecretSafeTerminus2,2026-10-01/HAR-126-ovn-g5-001809-stock/ovn-g5-001809-stock__PZ8sw7f 2026-10-01/HAR-126-ovn-g5-001809-gepa/ovn-g5-001809-gepa__nxdBvhh 2026-10-01/HAR-126-ovn-g5-001809-tuned/ovn-g5-001809-tuned__AUVzrvM
format-code-task-001810,usable,0,0,0,0,0,,,
format-code-task-001811,usable,0,0,0,0,0,,,
format-code-task-001813,usable,0,0,0,0,0,,,
format-code-task-001818,usable,0,0,0,0,0,,,
format-code-task-001820,usable,2,0,0,1,1,2026-10-01T09:31:47.548961Z,evallab.harbor_terminus:SecretSafeTerminus2,2026-10-01/HAR-120-har120-001820-a1/har120-001820-a1__iS5xbhT 2026-10-01/HAR-120-har120-001820-a1-r2/har120-001820-a1-r2__dUGBXgX
format-code-task-001824,usable,0,0,0,0,0,,,
format-code-task-001825,usable,0,0,0,0,0,,,
format-code-task-001827,usable,0,0,0,0,0,,,
format-code-task-001831,usable,0,0,0,0,0,,,
format-code-task-001832,usable,6,0,1,4,1,2026-10-01T01:58:05.719347Z,evallab.harbor_terminus:SecretSafeTerminus2,2026-09-30/HAR-104-har104-d-001832/har104-d-001832__d7Hop8E 2026-09-30/HAR-110-gepa-terminus-2-format-code-task-001-c074cb87ddff7e1368343d33/gepa-terminus-2-format-code-task__CFCbfps 2026-09-30/HAR-110-har110-dev-001832-cfe31418/har110-dev-001832-cfe31418__DbqpN36 2026-10-01/HAR-116-har116-a-001832-loopfix/har116-a-001832-loopfix__rw7cJJ4 2026-10-01/HAR-116-har116-a-001832-baseline/har116-a-001832-baseline__9jhqCTW 2026-10-01/HAR-116-har116-a-001832-loopfix-r2/har116-a-001832-loopfix-r2__RL4Q8AX
format-code-task-001833,usable,3,0,0,2,1,2026-10-01T15:44:03.011444Z,evallab.harbor_terminus:SecretSafeTerminus2,2026-10-01/HAR-126-ovn-g5-001833-tuned/ovn-g5-001833-tuned__rNpMkcb 2026-10-01/HAR-126-ovn-g5-001833-gepa/ovn-g5-001833-gepa__aci6NkF 2026-10-01/HAR-126-ovn-g5-001833-stock/ovn-g5-001833-stock__UTVAfnN
format-code-task-001834,discarded,0,0,0,0,0,,,
format-code-task-001835,usable,0,0,0,0,0,,,
format-code-task-001836,usable,0,0,0,0,0,,,
format-code-task-001837,usable,0,0,0,0,0,,,
format-code-task-001840,usable,0,0,0,0,0,,,
format-code-task-001841,usable,0,0,0,0,0,,,
format-code-task-001845,usable,0,0,0,0,0,,,
format-code-task-001850,usable,0,0,0,0,0,,,
format-code-task-001853,discarded,0,0,0,0,0,,,
format-code-task-001859,usable,0,0,0,0,0,,,
format-code-task-001860,usable,0,0,0,0,0,,,
format-code-task-001861,usable,0,0,0,0,0,,,
format-code-task-001862,usable,0,0,0,0,0,,,
format-code-task-001863,usable,0,0,0,0,0,,,
format-code-task-001865,usable,2,0,0,1,1,2026-10-01T09:29:35.692774Z,evallab.harbor_terminus:SecretSafeTerminus2,2026-10-01/HAR-120-har120-001865-a1/har120-001865-a1__nuBZA32 2026-10-01/HAR-120-har120-001865-a1-r2/har120-001865-a1-r2__TjQQ4fV
format-code-task-001868,usable,0,0,0,0,0,,,
format-code-task-001870,usable,1,1,0,0,0,2026-10-01T08:18:06.257524Z,evallab.harbor_terminus:SecretSafeTerminus2,2026-10-01/HAR-120-har120-001870-a1/har120-001870-a1__rXFPYLR
format-code-task-001872,usable,0,0,0,0,0,,,
format-code-task-001876,usable,0,0,0,0,0,,,
format-code-task-001878,usable,0,0,0,0,0,,,
format-code-task-001880,usable,0,0,0,0,0,,,
format-code-task-001884,usable,0,0,0,0,0,,,
format-code-task-001886,usable,0,0,0,0,0,,,
format-code-task-001887,usable,0,0,0,0,0,,,
format-code-task-001891,usable,0,0,0,0,0,,,
format-code-task-001896,usable,9,0,0,6,3,2026-10-01T02:00:18.254754Z,evallab.harbor_terminus:SecretSafeTerminus2,2026-09-30/HAR-104-har104-d-001896-2/har104-d-001896__BQr7N9b 2026-09-30/HAR-104-har104-d-001896-3/har104-d-001896__bRWKiLq 2026-09-30/HAR-104-har104-d-001896/har104-d-001896__MDkTErY 2026-09-30/HAR-104-har104-d-001896~har104-runs/har104-d-001896__MDkTErY 2026-09-30/HAR-110-gepa-terminus-2-format-code-task-001-f1d48fcf652ab5d801068db1/gepa-terminus-2-format-code-task__XuSksWC 2026-09-30/HAR-110-gepa-terminus-2-format-code-task-001-d1471e1b2701d6d1765ff1df/gepa-terminus-2-format-code-task__7RJJeFg 2026-10-01/HAR-116-har116-a-001896-loopfix/har116-a-001896-loopfix__n5p224u 2026-10-01/HAR-116-har116-a-001896-baseline/har116-a-001896-baseline__mBFMKax 2026-10-01/HAR-116-har116-a-001896-loopfix-r2/har116-a-001896-loopfix-r2__Wmwi4NK
format-code-task-001897,usable,2,0,0,2,0,2026-10-01T10:05:34.451417Z,evallab.harbor_terminus:SecretSafeTerminus2,2026-10-01/HAR-120-har120-001897-a1/har120-001897-a1__6AyLy9W 2026-10-01/HAR-135-har135-c1-001897/har135-c1-001897__G4P3hWu
format-code-task-001907,usable,0,0,0,0,0,,,
format-code-task-001914,usable,0,0,0,0,0,,,
format-code-task-001916,usable,0,0,0,0,0,,,
format-code-task-001918,usable,0,0,0,0,0,,,
format-code-task-001925,usable,0,0,0,0,0,,,
format-code-task-001926,usable,0,0,0,0,0,,,
format-code-task-001927,usable,0,0,0,0,0,,,
format-code-task-001936,usable,0,0,0,0,0,,,
format-code-task-001940,usable,0,0,0,0,0,,,
format-code-task-001941,usable,0,0,0,0,0,,,
format-code-task-001942,usable,0,0,0,0,0,,,
format-code-task-001943,usable,0,0,0,0,0,,,
format-code-task-001944,usable,0,0,0,0,0,,,
format-code-task-001945,usable,0,0,0,0,0,,,
format-code-task-001946,usable,0,0,0,0,0,,,
format-code-task-001947,usable,0,0,0,0,0,,,
format-code-task-001948,usable,0,0,0,0,0,,,
format-code-task-001949,usable,0,0,0,0,0,,,
format-code-task-001950,usable,0,0,0,0,0,,,
format-code-task-001954,usable,0,0,0,0,0,,,
format-code-task-001955,usable,0,0,0,0,0,,,
format-code-task-001963,usable,0,0,0,0,0,,,
format-code-task-001966,usable,0,0,0,0,0,,,
format-code-task-001970,usable,0,0,0,0,0,,,
format-code-task-001971,usable,0,0,0,0,0,,,
format-code-task-001973,usable,0,0,0,0,0,,,
format-code-task-001974,usable,0,0,0,0,0,,,
format-code-task-001975,usable,0,0,0,0,0,,,
format-code-task-001980,usable,0,0,0,0,0,,,
format-code-task-001981,usable,0,0,0,0,0,,,
format-code-task-001982,usable,0,0,0,0,0,,,
format-code-task-001983,usable,0,0,0,0,0,,,
format-code-task-001984,usable,0,0,0,0,0,,,
format-code-task-001985,usable,1,0,1,0,0,2026-10-06T16:30:02.724151Z,evallab.harbor_mimoagent:NativeMimoAgent,2026-10-06/HAR-168-har168-20261006-001985-a1/har168-20261006-001985-a1__GXjW4LT
format-code-task-001987,usable,0,0,0,0,0,,,
format-code-task-001988,usable,0,0,0,0,0,,,
format-code-task-001992,usable,0,0,0,0,0,,,
format-code-task-001994,usable,0,0,0,0,0,,,
format-code-task-002002,usable,0,0,0,0,0,,,
format-code-task-002003,usable,0,0,0,0,0,,,
format-code-task-002004,usable,0,0,0,0,0,,,
format-code-task-002012,usable,0,0,0,0,0,,,
format-code-task-002014,usable,0,0,0,0,0,,,
format-code-task-002015,usable,0,0,0,0,0,,,
format-code-task-002016,usable,0,0,0,0,0,,,
format-code-task-002017,usable,3,0,0,3,0,2026-10-01T15:45:28.088392Z,evallab.harbor_terminus:SecretSafeTerminus2,2026-10-01/HAR-126-ovn-g5-002017-stock/ovn-g5-002017-stock__be4xo9x 2026-10-01/HAR-126-ovn-g5-002017-tuned/ovn-g5-002017-tuned__SWc4xbr 2026-10-01/HAR-126-ovn-g5-002017-gepa/ovn-g5-002017-gepa__qQJWeCc
format-code-task-002020,usable,0,0,0,0,0,,,
format-code-task-002021,usable,0,0,0,0,0,,,
format-code-task-002022,usable,0,0,0,0,0,,,
format-code-task-002023,usable,0,0,0,0,0,,,
format-code-task-002024,usable,0,0,0,0,0,,,
format-code-task-002025,usable,0,0,0,0,0,,,
format-code-task-002028,usable,0,0,0,0,0,,,
format-code-task-002032,usable,0,0,0,0,0,,,
format-code-task-002033,usable,0,0,0,0,0,,,
format-code-task-002035,usable,0,0,0,0,0,,,
format-code-task-002036,usable,0,0,0,0,0,,,
format-code-task-002037,usable,0,0,0,0,0,,,
format-code-task-002038,usable,0,0,0,0,0,,,
format-code-task-002042,usable,0,0,0,0,0,,,
format-code-task-002050,usable,0,0,0,0,0,,,
format-code-task-002051,usable,0,0,0,0,0,,,
format-code-task-002052,usable,0,0,0,0,0,,,
format-code-task-002053,usable,0,0,0,0,0,,,
format-code-task-002055,usable,0,0,0,0,0,,,
format-code-task-002067,usable,0,0,0,0,0,,,
format-code-task-002069,usable,0,0,0,0,0,,,
format-code-task-002072,usable,0,0,0,0,0,,,
format-code-task-002074,usable,0,0,0,0,0,,,
format-code-task-002076,usable,0,0,0,0,0,,,
format-code-task-002077,usable,0,0,0,0,0,,,
format-code-task-002078,discarded,0,0,0,0,0,,,
format-code-task-002079,usable,0,0,0,0,0,,,
format-code-task-002081,usable,0,0,0,0,0,,,
format-code-task-002082,usable,0,0,0,0,0,,,
format-code-task-002084,usable,0,0,0,0,0,,,
format-code-task-002087,usable,0,0,0,0,0,,,
format-code-task-002089,usable,0,0,0,0,0,,,
format-code-task-002090,usable,0,0,0,0,0,,,
format-code-task-002092,usable,0,0,0,0,0,,,
format-code-task-002096,usable,0,0,0,0,0,,,
format-code-task-002104,usable,2,0,0,1,1,2026-10-01T09:34:23.518769Z,evallab.harbor_terminus:SecretSafeTerminus2,2026-10-01/HAR-120-har120-002104-a1/har120-002104-a1__vEoVW8U 2026-10-01/HAR-120-har120-002104-a1-r2/har120-002104-a1-r2__NuAxYam
format-code-task-002105,usable,0,0,0,0,0,,,
format-code-task-002106,usable,0,0,0,0,0,,,
format-code-task-002107,usable,0,0,0,0,0,,,
format-code-task-002115,usable,0,0,0,0,0,,,
format-code-task-002117,usable,0,0,0,0,0,,,
format-code-task-002126,usable,0,0,0,0,0,,,
format-code-task-002127,discarded,0,0,0,0,0,,,
format-code-task-002134,usable,0,0,0,0,0,,,
format-code-task-002135,usable,0,0,0,0,0,,,
format-code-task-002136,usable,0,0,0,0,0,,,
format-code-task-002137,usable,0,0,0,0,0,,,
format-code-task-002138,usable,0,0,0,0,0,,,
format-code-task-002139,usable,1,1,0,0,0,2026-10-06T16:31:30.988163Z,evallab.harbor_mimoagent:NativeMimoAgent,2026-10-06/HAR-168-har168-20261006-002139-a1/har168-20261006-002139-a1__FeMGyyg
format-code-task-002142,discarded,0,0,0,0,0,,,
format-code-task-002143,usable,0,0,0,0,0,,,
format-code-task-002147,usable,0,0,0,0,0,,,
format-code-task-002149,usable,0,0,0,0,0,,,
format-code-task-002160,usable,0,0,0,0,0,,,
format-code-task-002162,usable,0,0,0,0,0,,,
format-code-task-002169,usable,0,0,0,0,0,,,
format-code-task-002170,usable,0,0,0,0,0,,,
format-code-task-002172,usable,0,0,0,0,0,,,
format-code-task-002178,usable,0,0,0,0,0,,,
format-code-task-002185,usable,0,0,0,0,0,,,
format-code-task-002188,usable,0,0,0,0,0,,,
format-code-task-002189,usable,0,0,0,0,0,,,
format-code-task-002190,usable,0,0,0,0,0,,,
format-code-task-002191,usable,0,0,0,0,0,,,
format-code-task-002195,usable,0,0,0,0,0,,,
format-code-task-002196,usable,0,0,0,0,0,,,
format-code-task-002197,usable,0,0,0,0,0,,,
format-code-task-002198,usable,0,0,0,0,0,,,
format-code-task-002199,usable,0,0,0,0,0,,,
format-code-task-002201,usable,0,0,0,0,0,,,
format-code-task-002202,usable,0,0,0,0,0,,,
format-code-task-002204,usable,0,0,0,0,0,,,
format-code-task-002205,usable,0,0,0,0,0,,,
format-code-task-002206,usable,0,0,0,0,0,,,
format-code-task-002207,usable,0,0,0,0,0,,,
format-code-task-002208,usable,0,0,0,0,0,,,
format-code-task-002209,usable,0,0,0,0,0,,,
format-code-task-002210,usable,0,0,0,0,0,,,
format-code-task-002211,usable,0,0,0,0,0,,,
format-code-task-002212,usable,0,0,0,0,0,,,
format-code-task-002213,usable,0,0,0,0,0,,,
format-code-task-002214,usable,0,0,0,0,0,,,
format-code-task-002215,usable,0,0,0,0,0,,,
format-code-task-002216,usable,0,0,0,0,0,,,
format-code-task-002218,usable,0,0,0,0,0,,,
format-code-task-002219,usable,0,0,0,0,0,,,
format-code-task-002220,usable,0,0,0,0,0,,,
format-code-task-002221,usable,0,0,0,0,0,,,
format-code-task-002222,usable,0,0,0,0,0,,,
format-code-task-002223,usable,0,0,0,0,0,,,
format-code-task-002224,usable,0,0,0,0,0,,,
format-code-task-002226,usable,0,0,0,0,0,,,
format-code-task-002228,usable,0,0,0,0,0,,,
format-code-task-002229,usable,0,0,0,0,0,,,
format-code-task-002230,usable,0,0,0,0,0,,,
format-code-task-002231,usable,0,0,0,0,0,,,
format-code-task-002233,usable,0,0,0,0,0,,,
format-code-task-002248,usable,0,0,0,0,0,,,
format-code-task-002250,usable,0,0,0,0,0,,,
format-code-task-002256,usable,6,1,0,3,2,2026-10-01T01:56:57.203444Z,evallab.harbor_terminus:SecretSafeTerminus2,2026-09-30/HAR-104-har104-d-002256/har104-d-002256__RDffvXQ 2026-09-30/HAR-110-gepa-terminus-2-format-code-task-002-2700aa59352626e20aff4ed8/gepa-terminus-2-format-code-task__X2dMzMw 2026-09-30/HAR-110-har110-dev-002256-cfe31418/har110-dev-002256-cfe31418__uDRp4Vb 2026-10-01/HAR-116-har116-a-002256-loopfix/har116-a-002256-loopfix__5Xu6dgc 2026-10-01/HAR-116-har116-a-002256-baseline/har116-a-002256-baseline__uRsPnvZ 2026-10-01/HAR-116-har116-a-002256-loopfix-r2/har116-a-002256-loopfix-r2__5oQwkeW
format-code-task-002259,usable,1,0,0,1,0,2026-09-30T04:24:19.079146Z,evallab.harbor_terminus:SecretSafeTerminus2,2026-09-30/HAR-104-har104-d-002259/har104-d-002259__cptLF6h
format-code-task-002262,usable,0,0,0,0,0,,,
format-code-task-002281,usable,0,0,0,0,0,,,
format-code-task-002282,usable,0,0,0,0,0,,,
format-code-task-002283,usable,0,0,0,0,0,,,
format-code-task-002289,usable,0,0,0,0,0,,,
format-code-task-002290,usable,0,0,0,0,0,,,
format-code-task-002292,usable,0,0,0,0,0,,,
format-code-task-002294,usable,0,0,0,0,0,,,
format-code-task-002295,usable,0,0,0,0,0,,,
format-code-task-002302,usable,3,0,0,3,0,2026-10-01T16:08:50.827426Z,evallab.harbor_terminus:SecretSafeTerminus2,2026-10-01/HAR-126-ovn-g5-002302-stock/ovn-g5-002302-stock__83xFDnj 2026-10-01/HAR-126-ovn-g5-002302-tuned/ovn-g5-002302-tuned__5j77iHJ 2026-10-01/HAR-126-ovn-g5-002302-gepa/ovn-g5-002302-gepa__sFGLATE
format-code-task-002304,usable,0,0,0,0,0,,,
format-code-task-002306,usable,0,0,0,0,0,,,
format-code-task-002307,usable,0,0,0,0,0,,,
format-code-task-002308,usable,2,0,2,0,0,2026-10-01T02:22:30.018216Z,evallab.harbor_terminus:SecretSafeTerminus2,2026-10-01/HAR-116-har116-b-002308-leakclosed/har116-b-002308-leakclosed__idknFAu 2026-10-01/HAR-116-har116-b-002308-original/har116-b-002308-original__oYziU3z
format-code-task-002313,usable,0,0,0,0,0,,,
format-code-task-002335,usable,0,0,0,0,0,,,
format-code-task-002336,usable,0,0,0,0,0,,,
format-code-task-002338,usable,0,0,0,0,0,,,
format-code-task-002341,usable,0,0,0,0,0,,,
format-code-task-002350,usable,0,0,0,0,0,,,
format-code-task-002351,usable,0,0,0,0,0,,,
format-code-task-002352,usable,0,0,0,0,0,,,
format-code-task-002353,usable,0,0,0,0,0,,,
format-code-task-002354,usable,0,0,0,0,0,,,
format-code-task-002355,usable,0,0,0,0,0,,,
format-code-task-002356,usable,2,0,1,0,1,2026-10-01T09:36:38.473045Z,evallab.harbor_terminus:SecretSafeTerminus2,2026-10-01/HAR-120-har120-002356-a1/har120-002356-a1__SZF2edE 2026-10-01/HAR-120-har120-002356-a1-r2/har120-002356-a1-r2__nHVDgFh
format-code-task-002359,usable,0,0,0,0,0,,,
format-code-task-002361,usable,0,0,0,0,0,,,
format-code-task-002366,usable,0,0,0,0,0,,,
format-code-task-002367,usable,0,0,0,0,0,,,
format-code-task-002368,usable,0,0,0,0,0,,,
format-code-task-002370,usable,0,0,0,0,0,,,
format-code-task-002371,usable,0,0,0,0,0,,,
format-code-task-002372,usable,0,0,0,0,0,,,
format-code-task-002373,discarded,0,0,0,0,0,,,
format-code-task-002374,usable,0,0,0,0,0,,,
format-code-task-002375,usable,0,0,0,0,0,,,
format-code-task-002376,usable,0,0,0,0,0,,,
format-code-task-002377,usable,0,0,0,0,0,,,
format-code-task-002378,usable,0,0,0,0,0,,,
format-code-task-002379,usable,0,0,0,0,0,,,
format-code-task-002380,usable,0,0,0,0,0,,,
format-code-task-002382,usable,0,0,0,0,0,,,
format-code-task-002383,usable,0,0,0,0,0,,,
format-code-task-002384,usable,0,0,0,0,0,,,
format-code-task-002385,usable,0,0,0,0,0,,,
format-code-task-002386,usable,0,0,0,0,0,,,
format-code-task-002387,usable,0,0,0,0,0,,,
format-code-task-002388,usable,0,0,0,0,0,,,
format-code-task-002389,usable,0,0,0,0,0,,,
format-code-task-002390,usable,0,0,0,0,0,,,
format-code-task-002391,usable,8,3,0,3,2,2026-10-06T17:00:38.893553Z,evallab.harbor_mimoagent:NativeMimoAgent evallab.harbor_terminus:SecretSafeTerminus2,2026-09-30/HAR-104-har104-d-002391/har104-d-002391__WxBjcjX 2026-09-30/HAR-110-gepa-terminus-2-format-code-task-002-a951229932dc90303c90215d/gepa-terminus-2-format-code-task__8FqvKUU 2026-09-30/HAR-110-har110-dev-002391-cfe31418/har110-dev-002391-cfe31418__MvXkrso 2026-10-01/HAR-116-har116-a-002391-loopfix/har116-a-002391-loopfix__KMAky2p 2026-10-01/HAR-116-har116-a-002391-baseline/har116-a-002391-baseline__xZqrQkD 2026-10-01/HAR-116-har116-a-002391-loopfix-r2/har116-a-002391-loopfix-r2__NvEfxbt 2026-10-06/HAR-168-har168-20261006-002391-a1/har168-20261006-002391-a1__TPrm4eX 2026-10-06/HAR-168-har168-20261006-002391-a1-infra-r1/har168-20261006-002391-a1-infra__ykas8sE
format-code-task-002393,usable,2,0,0,1,1,2026-10-01T09:28:56.333254Z,evallab.harbor_terminus:SecretSafeTerminus2,2026-10-01/HAR-120-har120-002393-a1/har120-002393-a1__SCzyssM 2026-10-01/HAR-120-har120-002393-a1-r2/har120-002393-a1-r2__eFhhz27
format-code-task-002394,usable,0,0,0,0,0,,,
format-code-task-002395,usable,0,0,0,0,0,,,
format-code-task-002396,usable,0,0,0,0,0,,,
format-code-task-002397,usable,0,0,0,0,0,,,
format-code-task-002398,usable,0,0,0,0,0,,,
format-code-task-002399,usable,0,0,0,0,0,,,
format-code-task-002400,usable,0,0,0,0,0,,,
format-code-task-002401,usable,0,0,0,0,0,,,
format-code-task-002402,review,3,2,0,1,0,2026-10-06T16:13:19.503297Z,evallab.harbor_mimoagent:NativeMimoAgent evallab.harbor_terminus:SecretSafeTerminus2,2026-10-01/HAR-116-har116-b-002402-leakclosed/har116-b-002402-leakclosed__X7nGHNs 2026-10-01/HAR-116-har116-b-002402-original/har116-b-002402-original__PCgLbp7 2026-10-06/HAR-168-har168-20261006-002402-a1/har168-20261006-002402-a1__cBN3Wro
format-code-task-002403,usable,0,0,0,0,0,,,
format-code-task-002404,usable,0,0,0,0,0,,,
format-code-task-002406,usable,0,0,0,0,0,,,
format-code-task-002407,usable,1,0,0,1,0,2026-09-30T04:23:24.956463Z,evallab.harbor_terminus:SecretSafeTerminus2,2026-09-30/HAR-104-har104-d-002407/har104-d-002407__LRiiKmy
format-code-task-002408,usable,2,0,0,2,0,2026-10-02T07:47:16.511039Z,evallab.harbor_mimoagent:NativeMimoAgent,2026-10-02/HAR-148-har148-wrapper-002408/har148-wrapper-002408__79YzgG6 2026-10-02/HAR-148-har148-direct-002408/har148-direct-002408__ihxQRgi
format-code-task-002409,usable,0,0,0,0,0,,,
format-code-task-002410,usable,0,0,0,0,0,,,
format-code-task-002411,usable,0,0,0,0,0,,,
format-code-task-002412,usable,0,0,0,0,0,,,
format-code-task-002413,usable,0,0,0,0,0,,,
format-code-task-002414,usable,0,0,0,0,0,,,
format-code-task-002415,usable,0,0,0,0,0,,,
format-code-task-002416,usable,3,1,0,0,2,2026-10-02T22:35:02.264171Z,evallab.harbor_mimoagent:NativeMimoAgent evallab.harbor_terminus:SecretSafeTerminus2,2026-10-01/HAR-120-har120-002416-a1/har120-002416-a1__n4teXVe 2026-10-01/HAR-120-har120-002416-a1-r2/har120-002416-a1-r2__ccd9JcE 2026-10-02/HAR-157-har157-mimo-base-002416/har157-mimo-base-002416__5vJUdqx
format-code-task-002418,usable,0,0,0,0,0,,,
format-code-task-002419,usable,0,0,0,0,0,,,
format-code-task-002421,usable,0,0,0,0,0,,,
format-code-task-002422,usable,0,0,0,0,0,,,
format-code-task-002423,usable,0,0,0,0,0,,,
format-code-task-002425,usable,0,0,0,0,0,,,
format-code-task-002426,usable,0,0,0,0,0,,,
format-code-task-002427,usable,0,0,0,0,0,,,
format-code-task-002431,usable,0,0,0,0,0,,,
format-code-task-002443,usable,0,0,0,0,0,,,
format-code-task-002445,usable,0,0,0,0,0,,,
format-code-task-002446,usable,0,0,0,0,0,,,
format-code-task-002450,usable,0,0,0,0,0,,,
format-code-task-002451,usable,0,0,0,0,0,,,
format-code-task-002452,usable,0,0,0,0,0,,,
format-code-task-002453,usable,0,0,0,0,0,,,
format-code-task-002454,usable,0,0,0,0,0,,,
format-code-task-002455,usable,0,0,0,0,0,,,
format-code-task-002459,usable,0,0,0,0,0,,,
format-code-task-002460,usable,0,0,0,0,0,,,
format-code-task-002461,usable,0,0,0,0,0,,,
format-code-task-002466,usable,0,0,0,0,0,,,
format-code-task-002468,usable,0,0,0,0,0,,,
format-code-task-002470,usable,0,0,0,0,0,,,
format-code-task-002476,usable,0,0,0,0,0,,,
format-code-task-002477,usable,0,0,0,0,0,,,
format-code-task-002482,usable,0,0,0,0,0,,,
format-code-task-002483,usable,0,0,0,0,0,,,
format-code-task-002486,usable,1,1,0,0,0,2026-10-06T16:20:23.455807Z,evallab.harbor_mimoagent:NativeMimoAgent,2026-10-06/HAR-168-har168-20261006-002486-a1/har168-20261006-002486-a1__59g23zF
format-code-task-002487,usable,0,0,0,0,0,,,
format-code-task-002488,usable,0,0,0,0,0,,,
format-code-task-002489,usable,0,0,0,0,0,,,
format-code-task-002493,usable,0,0,0,0,0,,,
format-code-task-002494,usable,0,0,0,0,0,,,
format-code-task-002495,usable,0,0,0,0,0,,,
format-code-task-002496,usable,0,0,0,0,0,,,
format-code-task-002499,usable,0,0,0,0,0,,,
format-code-task-002504,usable,0,0,0,0,0,,,
format-code-task-002507,usable,0,0,0,0,0,,,
format-code-task-002508,usable,0,0,0,0,0,,,
format-code-task-002511,usable,0,0,0,0,0,,,
format-code-task-002519,usable,0,0,0,0,0,,,
format-code-task-002520,usable,0,0,0,0,0,,,
format-code-task-002521,usable,0,0,0,0,0,,,
format-code-task-002522,usable,0,0,0,0,0,,,
format-code-task-002523,usable,0,0,0,0,0,,,
format-code-task-002532,usable,0,0,0,0,0,,,
format-code-task-002533,usable,0,0,0,0,0,,,
format-code-task-002535,usable,0,0,0,0,0,,,
format-code-task-002536,usable,0,0,0,0,0,,,
format-code-task-002537,usable,1,0,0,1,0,2026-09-29T08:44:09.426718Z,evallab.harbor_terminus:SecretSafeTerminus2,2026-09-29/HAR-81-har81-p-d-format-code-task-002537/har81-p-d-format-code-task-00253__7xmXPRq
format-code-task-002538,usable,0,0,0,0,0,,,
format-code-task-002539,usable,0,0,0,0,0,,,
format-code-task-002542,usable,0,0,0,0,0,,,
format-code-task-002543,usable,0,0,0,0,0,,,
format-code-task-002545,usable,0,0,0,0,0,,,
format-code-task-002549,usable,0,0,0,0,0,,,
format-code-task-002550,usable,0,0,0,0,0,,,
format-code-task-002552,review,3,2,0,0,1,2026-10-06T16:23:30.223409Z,evallab.harbor_mimoagent:NativeMimoAgent evallab.harbor_terminus:SecretSafeTerminus2,2026-10-01/HAR-120-har120-002552-a1/har120-002552-a1__U9dRKLf 2026-10-01/HAR-120-har120-002552-a1-r2/har120-002552-a1-r2__ZftRzg3 2026-10-06/HAR-168-har168-20261006-002552-a1/har168-20261006-002552-a1__WJixsot
format-code-task-002554,usable,0,0,0,0,0,,,
format-code-task-002555,usable,2,1,0,0,1,2026-10-01T09:51:05.682192Z,evallab.harbor_terminus:SecretSafeTerminus2,2026-10-01/HAR-120-har120-002555-a1/har120-002555-a1__vLERz3G 2026-10-01/HAR-120-har120-002555-a1-r2/har120-002555-a1-r2__Uki9j6d
format-code-task-002557,usable,0,0,0,0,0,,,
format-code-task-002558,usable,0,0,0,0,0,,,
format-code-task-002559,usable,0,0,0,0,0,,,
format-code-task-002562,usable,0,0,0,0,0,,,
format-code-task-002563,usable,0,0,0,0,0,,,
format-code-task-002564,usable,0,0,0,0,0,,,
format-code-task-002566,usable,0,0,0,0,0,,,
format-code-task-002567,usable,0,0,0,0,0,,,
format-code-task-002568,usable,0,0,0,0,0,,,
format-code-task-002569,usable,0,0,0,0,0,,,
format-code-task-002570,usable,0,0,0,0,0,,,
format-code-task-002571,usable,0,0,0,0,0,,,
format-code-task-002572,usable,0,0,0,0,0,,,
format-code-task-002578,usable,3,0,0,3,0,2026-10-01T16:07:34.069456Z,evallab.harbor_terminus:SecretSafeTerminus2,2026-10-01/HAR-126-ovn-g5-002578-stock/ovn-g5-002578-stock__ZVWT2gB 2026-10-01/HAR-126-ovn-g5-002578-gepa/ovn-g5-002578-gepa__kzhAXLU 2026-10-01/HAR-126-ovn-g5-002578-tuned/ovn-g5-002578-tuned__Zyd7L6j
format-code-task-002581,usable,0,0,0,0,0,,,
format-code-task-002582,usable,0,0,0,0,0,,,
format-code-task-002587,usable,0,0,0,0,0,,,
format-code-task-002589,usable,0,0,0,0,0,,,
format-code-task-002594,usable,0,0,0,0,0,,,
format-code-task-002595,discarded,0,0,0,0,0,,,
format-code-task-002599,usable,0,0,0,0,0,,,
format-code-task-002600,usable,0,0,0,0,0,,,
format-code-task-002601,usable,0,0,0,0,0,,,
format-code-task-002602,usable,0,0,0,0,0,,,
format-code-task-002606,usable,0,0,0,0,0,,,
format-code-task-002607,usable,0,0,0,0,0,,,
format-code-task-002609,usable,0,0,0,0,0,,,
format-code-task-002610,usable,0,0,0,0,0,,,
format-code-task-002611,usable,0,0,0,0,0,,,
format-code-task-002614,usable,0,0,0,0,0,,,
format-code-task-002615,usable,0,0,0,0,0,,,
format-code-task-002618,usable,0,0,0,0,0,,,
format-code-task-002619,usable,0,0,0,0,0,,,
format-code-task-002626,usable,0,0,0,0,0,,,
format-code-task-002628,usable,0,0,0,0,0,,,
format-code-task-002641,usable,0,0,0,0,0,,,
format-code-task-002644,usable,0,0,0,0,0,,,
format-code-task-002647,usable,0,0,0,0,0,,,
format-code-task-002648,usable,0,0,0,0,0,,,
format-code-task-002649,usable,0,0,0,0,0,,,
format-code-task-002661,usable,2,0,0,2,0,2026-10-02T07:37:06.051968Z,evallab.harbor_mimoagent:NativeMimoAgent,2026-10-02/HAR-148-har148-wrapper-002661/har148-wrapper-002661__XLqpRwk 2026-10-02/HAR-148-har148-direct-002661/har148-direct-002661__U997XiQ
format-code-task-002662,usable,0,0,0,0,0,,,
format-code-task-002663,usable,0,0,0,0,0,,,
format-code-task-002664,usable,0,0,0,0,0,,,
format-code-task-002667,usable,0,0,0,0,0,,,
format-code-task-002668,usable,0,0,0,0,0,,,
format-code-task-002669,usable,0,0,0,0,0,,,
format-code-task-002672,usable,0,0,0,0,0,,,
format-code-task-002674,usable,0,0,0,0,0,,,
format-code-task-002680,usable,2,0,0,2,0,2026-10-01T10:15:13.979731Z,evallab.harbor_terminus:SecretSafeTerminus2,2026-10-01/HAR-120-har120-002680-a1/har120-002680-a1__Ci4bEkf 2026-10-01/HAR-135-har135-c1-002680/har135-c1-002680__zznD4M9
format-code-task-002696,usable,0,0,0,0,0,,,
format-code-task-002697,usable,0,0,0,0,0,,,
format-code-task-002698,usable,0,0,0,0,0,,,
format-code-task-002699,usable,0,0,0,0,0,,,
format-code-task-002701,usable,0,0,0,0,0,,,
format-code-task-002709,usable,0,0,0,0,0,,,
format-code-task-002710,usable,0,0,0,0,0,,,
format-code-task-002714,usable,0,0,0,0,0,,,
format-code-task-002718,usable,0,0,0,0,0,,,
format-code-task-002719,usable,0,0,0,0,0,,,
format-code-task-002721,usable,0,0,0,0,0,,,
format-code-task-002722,usable,0,0,0,0,0,,,
format-code-task-002723,usable,0,0,0,0,0,,,
format-code-task-002724,usable,0,0,0,0,0,,,
format-code-task-002725,usable,0,0,0,0,0,,,
format-code-task-002726,usable,0,0,0,0,0,,,
format-code-task-002727,usable,0,0,0,0,0,,,
format-code-task-002734,usable,0,0,0,0,0,,,
format-code-task-002736,usable,0,0,0,0,0,,,
format-code-task-002737,usable,0,0,0,0,0,,,
format-code-task-002739,usable,0,0,0,0,0,,,
format-code-task-002742,usable,0,0,0,0,0,,,
format-code-task-002755,usable,0,0,0,0,0,,,
format-code-task-002756,usable,0,0,0,0,0,,,
format-code-task-002757,usable,0,0,0,0,0,,,
format-code-task-002758,usable,0,0,0,0,0,,,
format-code-task-002771,usable,0,0,0,0,0,,,
format-code-task-002772,usable,0,0,0,0,0,,,
format-code-task-002773,usable,0,0,0,0,0,,,
format-code-task-002774,usable,0,0,0,0,0,,,
format-code-task-002775,usable,0,0,0,0,0,,,
format-code-task-002778,usable,0,0,0,0,0,,,
format-code-task-002786,usable,0,0,0,0,0,,,
format-code-task-002790,usable,0,0,0,0,0,,,
format-code-task-002800,usable,0,0,0,0,0,,,
format-code-task-002801,usable,0,0,0,0,0,,,
format-code-task-002804,usable,0,0,0,0,0,,,
format-code-task-002817,usable,0,0,0,0,0,,,
format-code-task-002827,usable,0,0,0,0,0,,,
format-code-task-002829,usable,0,0,0,0,0,,,
format-code-task-002833,usable,0,0,0,0,0,,,
format-code-task-002836,usable,0,0,0,0,0,,,
format-code-task-002838,usable,0,0,0,0,0,,,
format-code-task-002848,discarded,0,0,0,0,0,,,
format-code-task-002850,usable,0,0,0,0,0,,,
format-code-task-002851,usable,0,0,0,0,0,,,
format-code-task-002852,usable,0,0,0,0,0,,,
format-code-task-002853,usable,0,0,0,0,0,,,
format-code-task-002854,usable,0,0,0,0,0,,,
format-code-task-002855,usable,0,0,0,0,0,,,
format-code-task-002856,usable,0,0,0,0,0,,,
format-code-task-002857,usable,0,0,0,0,0,,,
format-code-task-002858,usable,0,0,0,0,0,,,
format-code-task-002859,usable,0,0,0,0,0,,,
format-code-task-002860,usable,0,0,0,0,0,,,
format-code-task-002861,usable,0,0,0,0,0,,,
format-code-task-002862,usable,0,0,0,0,0,,,
format-code-task-002863,usable,0,0,0,0,0,,,
format-code-task-002864,usable,8,3,0,4,1,2026-10-06T09:59:01.867819Z,evallab.harbor_mimoagent:NativeMimoAgent evallab.harbor_terminus:SecretSafeTerminus2,2026-09-30/HAR-104-har104-d-002864/har104-d-002864__B7cJ4cG 2026-09-30/HAR-110-gepa-terminus-2-format-code-task-002-f785358f50e70ab387a1ba6c/gepa-terminus-2-format-code-task__Ey8Vxsr 2026-09-30/HAR-110-har110-dev-002864-cfe31418/har110-dev-002864-cfe31418__g7pfCqC 2026-10-01/HAR-116-har116-a-002864-loopfix/har116-a-002864-loopfix__oHC4HdZ 2026-10-01/HAR-116-har116-a-002864-baseline/har116-a-002864-baseline__LnaWDq6 2026-10-01/HAR-116-har116-a-002864-loopfix-r2/har116-a-002864-loopfix-r2__CWRe7mJ 2026-10-06/HAR-165-har165-laminar-smoke-20261005-002864/har165-laminar-smoke-20261005-00__J2ySYCM 2026-10-06/HAR-168-har168-20261006-002864-a1/har168-20261006-002864-a1__Cqiu4oe
format-code-task-002865,usable,0,0,0,0,0,,,
format-code-task-002866,usable,0,0,0,0,0,,,
format-code-task-002867,usable,0,0,0,0,0,,,
format-code-task-002868,usable,0,0,0,0,0,,,
format-code-task-002870,usable,0,0,0,0,0,,,
format-code-task-002871,usable,0,0,0,0,0,,,
format-code-task-002872,usable,0,0,0,0,0,,,
format-code-task-002873,usable,0,0,0,0,0,,,
format-code-task-002874,usable,0,0,0,0,0,,,
format-code-task-002878,usable,0,0,0,0,0,,,
format-code-task-002882,usable,0,0,0,0,0,,,
format-code-task-002884,usable,0,0,0,0,0,,,
format-code-task-002887,usable,0,0,0,0,0,,,
format-code-task-002889,usable,0,0,0,0,0,,,
format-code-task-002892,usable,0,0,0,0,0,,,
format-code-task-002893,usable,0,0,0,0,0,,,
format-code-task-002895,usable,0,0,0,0,0,,,
format-code-task-002915,usable,0,0,0,0,0,,,
format-code-task-002920,usable,0,0,0,0,0,,,
format-code-task-002921,usable,0,0,0,0,0,,,
format-code-task-002923,usable,0,0,0,0,0,,,
format-code-task-002924,usable,0,0,0,0,0,,,
format-code-task-002933,usable,0,0,0,0,0,,,
format-code-task-002935,usable,0,0,0,0,0,,,
format-code-task-002938,usable,4,4,0,0,0,2026-10-06T10:02:21.235533Z,evallab.harbor_mimoagent:NativeMimoAgent evallab.harbor_terminus:SecretSafeTerminus2,2026-10-01/HAR-120-har120-002938-a1/har120-002938-a1__UpSjiuM 2026-10-01/HAR-135-har135-c1-002938/har135-c1-002938__iQaHjxi 2026-10-06/HAR-165-har165-laminar-smoke-20261005-002938/har165-laminar-smoke-20261005-00__rFzHKzG 2026-10-06/HAR-168-har168-20261006-002938-a1/har168-20261006-002938-a1__tebNKkj
format-code-task-002939,usable,0,0,0,0,0,,,
format-code-task-002940,usable,0,0,0,0,0,,,
format-code-task-002941,usable,0,0,0,0,0,,,
format-code-task-002942,usable,0,0,0,0,0,,,
format-code-task-002960,usable,0,0,0,0,0,,,
format-code-task-002961,usable,0,0,0,0,0,,,
format-code-task-002963,usable,0,0,0,0,0,,,
format-code-task-002964,usable,0,0,0,0,0,,,
format-code-task-002965,usable,0,0,0,0,0,,,
format-code-task-002974,usable,0,0,0,0,0,,,
format-code-task-002975,usable,0,0,0,0,0,,,
format-code-task-002976,usable,0,0,0,0,0,,,
format-code-task-002978,usable,0,0,0,0,0,,,
format-code-task-002989,usable,0,0,0,0,0,,,
format-code-task-002991,usable,0,0,0,0,0,,,
format-code-task-002992,usable,0,0,0,0,0,,,
format-code-task-002993,usable,0,0,0,0,0,,,
format-code-task-002994,usable,0,0,0,0,0,,,
format-code-task-002995,usable,0,0,0,0,0,,,
format-code-task-002996,usable,0,0,0,0,0,,,
format-code-task-003001,usable,0,0,0,0,0,,,
format-code-task-003005,usable,0,0,0,0,0,,,
format-code-task-003007,usable,0,0,0,0,0,,,
format-code-task-003009,discarded,0,0,0,0,0,,,
format-code-task-003011,usable,1,0,0,1,0,2026-09-29T09:43:50.484196Z,evallab.harbor_terminus:SecretSafeTerminus2,2026-09-29/HAR-81-har81-p-d-format-code-task-003011/har81-p-d-format-code-task-00301__4KvLSba
format-code-task-003014,discarded,0,0,0,0,0,,,
format-code-task-003015,usable,0,0,0,0,0,,,
format-code-task-003016,usable,0,0,0,0,0,,,
format-code-task-003017,usable,0,0,0,0,0,,,
format-code-task-003018,usable,0,0,0,0,0,,,
format-code-task-003019,usable,0,0,0,0,0,,,
format-code-task-003022,usable,0,0,0,0,0,,,
format-code-task-003023,usable,0,0,0,0,0,,,
format-code-task-003033,usable,0,0,0,0,0,,,
format-code-task-003034,usable,0,0,0,0,0,,,
format-code-task-003035,usable,0,0,0,0,0,,,
format-code-task-003037,usable,0,0,0,0,0,,,
format-code-task-003038,usable,0,0,0,0,0,,,
format-code-task-003042,usable,0,0,0,0,0,,,
format-code-task-003046,usable,0,0,0,0,0,,,
format-code-task-003048,usable,0,0,0,0,0,,,
format-code-task-003053,usable,0,0,0,0,0,,,
format-code-task-003057,usable,0,0,0,0,0,,,
format-code-task-003058,usable,0,0,0,0,0,,,
format-code-task-003059,usable,0,0,0,0,0,,,
