task_id,label,fix_commit,patch_path,patch_sha256,source
format-code-task-000085,oracle:pass+nop:fail,69471be60182d2046e073aa6723b36a7aa818232,/Users/petermakhnatch/Developer/eval-lab-results/2026-10-09/mimo-reference-fixes/format-code-task-000085/solution.patch,3a501ca9fac7affb049d80472543c345e2da5d8c7e0f9a0169741d6651b49d78,har191
format-code-task-000093,oracle:pass+nop:fail,9767246371e68a0fb22d1871c75c503dd9a930ae,/Users/petermakhnatch/Developer/eval-lab-results/2026-10-09/mimo-reference-fixes/format-code-task-000093/solution.patch,bd2cff96f931f9ad2f91a5236e88d4ffe566c30c0b3c95800f9d3c58813e03b9,har191
format-code-task-000102,oracle:pass+nop:fail,88f5bcd531aec696998fe8c7485b9291a26f3c2e,/Users/petermakhnatch/Developer/eval-lab-results/2026-10-09/mimo-reference-fixes/format-code-task-000102/solution.patch,d01c33615cd2cf2c31ae7964efaa30ce9b30246f2b9d7f3db2f7b4a18c668458,har191
format-code-task-000110,oracle:pass+nop:fail,d41391ebe2ee67d4eb1342ecdecca7ad20f6f2f6,/Users/petermakhnatch/Developer/eval-lab-results/2026-10-09/mimo-reference-fixes/format-code-task-000110/solution.patch,5b450a7dced7a8fb9803f001e6887c5485db03cfdc70440cd1bf7a40f39dca1e,har191
format-code-task-000142,oracle:pass+nop:fail,8f82823a085eaac7fde2a9eef56eaaafe0978a90,/Users/petermakhnatch/Developer/eval-lab-results/2026-10-09/mimo-reference-fixes/format-code-task-000142/solution.patch,375050cdfea72be9ad598bf775dcac6e5183acfd2a512091e14649c5a9823b11,har191
format-code-task-000143,oracle:pass+nop:fail,7fe8d18477d30a354cc08236c14bfc71df5a0770,/Users/petermakhnatch/Developer/eval-lab-results/2026-10-09/mimo-reference-fixes/format-code-task-000143/solution.patch,e969412330ab0ce17a90d2d3449e5119186db1e598f01fc538f7547381bf7606,har191
format-code-task-000144,oracle:pass+nop:fail,de2ccc03a8df997b8841f33ae70050498960f08c,/Users/petermakhnatch/Developer/eval-lab-results/2026-10-09/mimo-reference-fixes/format-code-task-000144/solution.patch,e46707a2c978d776a7d36dc7593b3f84d104c1252b7c2c3f75053b9d692bc253,har191
format-code-task-000149,oracle:pass+nop:fail,1171a1f12507df5c8206475f3692b31ddab8d934,/Users/petermakhnatch/Developer/eval-lab-results/2026-10-09/mimo-reference-fixes/format-code-task-000149/solution.patch,da158d3be3c406908fde333d6a03d96b2b74bd48a356392eece38a3e6d58d705,har191
format-code-task-000156,oracle:pass+nop:fail,379315533d6540a0cb863082fbbdd2cf6f15770b,/Users/petermakhnatch/Developer/eval-lab-results/2026-10-09/mimo-reference-fixes/format-code-task-000156/solution.patch,c487b74f5d06554e0dc63310e0e70fa43e2700ac8e846cabe887ad96da582b1f,har191
format-code-task-000157,oracle:pass+nop:fail,580cce27ac902df6f8522fe98cf4593d3eaa26b8,/Users/petermakhnatch/Developer/eval-lab-results/2026-10-09/mimo-reference-fixes/format-code-task-000157/solution.patch,edd82699d55a9fffb501aa77ed06025c09125392ba7b5f81cd906fb717e62994,har191
format-code-task-000158,oracle:pass+nop:fail,17047806eb460fd5cc0d226801653397910d5208,/Users/petermakhnatch/Developer/eval-lab-results/2026-10-09/mimo-reference-fixes/format-code-task-000158/solution.patch,b5a1782fb49c0b8db63af82d21ad7191847c5411326e892672b6d2c798381979,har191
format-code-task-000159,oracle:pass+nop:fail,55c256c874866823472db410f1c5b9c89cb973f7,/Users/petermakhnatch/Developer/eval-lab-results/2026-10-09/mimo-reference-fixes/format-code-task-000159/solution.patch,2ac5f06d6ac8dab4c16caa315bbd141477f85a26acd76d7968edfb8ab811d1a1,har191
format-code-task-000160,oracle:pass+nop:fail,f5a25717d22afe7f7a6ad3dec13a10c69029174b,/Users/petermakhnatch/Developer/eval-lab-results/2026-10-09/mimo-reference-fixes/format-code-task-000160/solution.patch,8884d3c705dbb857b26bb46204eb5cccb3f2dd0ef578e3227b44c1cfdc20a407,har191
format-code-task-000161,oracle:pass+nop:fail,93ee31859e5c4afa9882ea26a5e2c0f2ad5b8b08,/Users/petermakhnatch/Developer/eval-lab-results/2026-10-09/mimo-reference-fixes/format-code-task-000161/solution.patch,946cf9bfc2ecf6722ed0f8529171d33bdea3380082b8690217c5e8229d6d7976,har191
format-code-task-000164,oracle:pass+nop:fail,b138b8512b972c8b8ec9c229d86ae18706c8b18e,/Users/petermakhnatch/Developer/eval-lab-results/2026-10-09/mimo-reference-fixes/format-code-task-000164/solution.patch,112679b89c2893a721078d2e1c83b46c700fd0437dc82b48e02eaf69da27c9fa,har191
format-code-task-000227,oracle:pass+nop:fail,d6d764bcc970e1e50486153588eda8a92cf5b5e4,/Users/petermakhnatch/Developer/eval-lab-results/2026-10-09/mimo-reference-fixes/format-code-task-000227/solution.patch,29fce5bfc5c39d7f4be41b3a851d94b417df84809b7618a238a6b069cf5b5910,har191
format-code-task-000242,oracle:pass+nop:fail,6ce89299ff29252f5371fadccaa43470b597f2e3,/Users/petermakhnatch/Developer/eval-lab-results/2026-10-09/mimo-reference-fixes/format-code-task-000242/solution.patch,9b1aea7d5324f61836d2a20cc0ddce9e5eac816c6cf4fa122345808b94455d61,har191
format-code-task-000297,oracle:pass+nop:fail,4bc602180fce274fb6c9f2acf66997f952048a59,/Users/petermakhnatch/Developer/eval-lab-results/2026-10-09/mimo-reference-fixes/format-code-task-000297/solution.patch,62ebf626472e4866045a53d0b32039f157a691a310fb6d09c858ea7787ef53e1,har191
format-code-task-000302,oracle:pass+nop:fail,89d7371099de74774e264ca2aa80ed31609a6155,/Users/petermakhnatch/Developer/eval-lab-results/2026-10-09/mimo-reference-fixes/format-code-task-000302/solution.patch,2cb24ac03c96b65b0084fbafb85bf9525e9cb2cb7aad8b5d04da82edd6a8d610,har191
format-code-task-000311,oracle:pass+nop:fail,31e00e28ce96b56db886701a68af70f68c21fcf7,/Users/petermakhnatch/Developer/eval-lab-results/2026-10-09/mimo-reference-fixes/format-code-task-000311/solution.patch,09e0187a0b47897c84949432eeb4edf48571bcb59c2657b997c48b3ad9829ecc,har191
format-code-task-000313,oracle:pass+nop:fail,8146dedff5e2e2e516d0add9ef31786d49828c17,/Users/petermakhnatch/Developer/eval-lab-results/2026-10-09/mimo-reference-fixes/format-code-task-000313/solution.patch,fb01be0b67c12ca3177f09e539e8d3443f53f9a40447be1bd53bd8f42e63a601,har191
format-code-task-000318,oracle:pass+nop:fail,af165b8d2b3e1a6b68113246e8337468212e81ff,/Users/petermakhnatch/Developer/eval-lab-results/2026-10-09/mimo-reference-fixes/format-code-task-000318/solution.patch,47b7a4154a9575b19a2569be64468776808a45a8fad23e38b603c02457e22e6b,har191
format-code-task-000324,oracle:pass+nop:fail,33c23eb67893a4c31c31729be16d3db1579f1ebb,/Users/petermakhnatch/Developer/eval-lab-results/2026-10-09/mimo-reference-fixes/format-code-task-000324/solution.patch,cd6bfa244f92c6c3cde7938fbe16c0546c125ecc5fc393bf60770b66bd2eb681,har191
format-code-task-000341,oracle:pass+nop:fail,09f7a5816752853409f357b38dfcec8e21697422,/Users/petermakhnatch/Developer/eval-lab-results/2026-10-09/mimo-reference-fixes/format-code-task-000341/solution.patch,97b8358bd7a83b7f38b362cdab13104fb5b71710bc6de4e75e6056240b0ad1e2,har191
format-code-task-000343,oracle:pass+nop:fail,261a6430ce38f044e822140c130f755835b67d23,/Users/petermakhnatch/Developer/eval-lab-results/2026-10-09/mimo-reference-fixes/format-code-task-000343/solution.patch,9fe9461507cdf1d208f4d77e81babea88e7880f7052055c260b7370900fd8412,har191
format-code-task-000363,oracle:pass+nop:fail,88fa32996885f3722c95b8147cbcb899bdbeeef8,/Users/petermakhnatch/Developer/eval-lab-results/2026-10-09/mimo-reference-fixes/format-code-task-000363/solution.patch,b8f13cefbca6f13003da642e9ea9e595977605cef348f231bec02a573d069f93,har191
format-code-task-000371,oracle:pass+nop:fail,51ed6db9832aade90033caa5963cd87ac75b65f3,/Users/petermakhnatch/Developer/eval-lab-results/2026-10-09/mimo-reference-fixes/format-code-task-000371/solution.patch,8bc20b43a356e497a7d6552eec01adc0e614a0b120ce4256e8e11a616211371a,har191
format-code-task-000377,oracle:pass+nop:fail,187c229c86aefc25d37963437fc0350182ac2feb,/Users/petermakhnatch/Developer/eval-lab-results/2026-10-09/mimo-reference-fixes/format-code-task-000377/solution.patch,23b38705300245409c0da2aec73a23ef5daa1791fedef69cb9f0d37241b8e494,har191
format-code-task-000389,oracle:pass+nop:fail,5ff09c5dfd292a2fd192d4fdc18da6c7bc4f8d29,/Users/petermakhnatch/Developer/eval-lab-results/2026-10-09/mimo-reference-fixes/format-code-task-000389/solution.patch,75db0da26b6f5d66102bf91b352bb69052d03c5db41fd920ac3c399f99477cc5,har191
format-code-task-000390,oracle:pass+nop:fail,73e0974b409b4da1444397f3cd6111f77276fe04,/Users/petermakhnatch/Developer/eval-lab-results/2026-10-09/mimo-reference-fixes/format-code-task-000390/solution.patch,32b5381780250db5565c417bf28a6597e45ef9ff71b728cd3b73b013069b01c4,har191
format-code-task-000402,oracle:pass+nop:fail,0f2eef7300daec47eef4e708721198a1017882bd,/Users/petermakhnatch/Developer/eval-lab-results/2026-10-09/mimo-reference-fixes/format-code-task-000402/solution.patch,677e1a7726481dd8de48164bab8891e3895754866091c67b79b3ec8d0a6ac603,har191
format-code-task-000466,oracle:pass+nop:fail,c8763298450867346cdd8aaea51d1cd958a9d44a,/Users/petermakhnatch/Developer/eval-lab-results/2026-10-09/mimo-reference-fixes/format-code-task-000466/solution.patch,b75d73215c43a1e2cde571f3410b355acc0218cc3758232c57b4382ed77fc674,har191
format-code-task-000471,oracle:pass+nop:fail,a2659f4f293e73f7779d8c6b39e9e7ffb5bd7f71,/Users/petermakhnatch/Developer/eval-lab-results/2026-10-09/mimo-reference-fixes/format-code-task-000471/solution.patch,0f2708e121062607c5749e3a1beabd523e196ce4f6f6aa78f75cffb10a53be95,har191
format-code-task-000497,oracle:pass+nop:fail,9545f691d087bde91c8ebe70843193fdc69e2fea,/Users/petermakhnatch/Developer/eval-lab-results/2026-10-09/mimo-reference-fixes/format-code-task-000497/solution.patch,71bdd6e18cfc1f275ac00fa2bf211c488b589240c848d020e616b54e479e9d8f,har191
format-code-task-000513,oracle:pass+nop:fail,df16164860cac1f139bf016eeadc87253a5c20b0,/Users/petermakhnatch/Developer/eval-lab-results/2026-10-09/mimo-reference-fixes/format-code-task-000513/solution.patch,f48dea17ca3d03ba468558c039f749e9c8332fbdf675470b8fb69b56d2e66835,har191
format-code-task-000523,oracle:pass+nop:fail,aaf8569b81eb303c1619efb95e22b017a3ed01f9,/Users/petermakhnatch/Developer/eval-lab-results/2026-10-09/mimo-reference-fixes/format-code-task-000523/solution.patch,2c9d4ab7b26d7d42316ab90b294d81818d4bfef521c59b8c823b9d459e500dc2,har191
format-code-task-000525,oracle:pass+nop:fail,06c4aba04c1fd2e1e0960bc1cb8b4c70edabd7ae,/Users/petermakhnatch/Developer/eval-lab-results/2026-10-09/mimo-reference-fixes/format-code-task-000525/solution.patch,003bc9c59fe2ce7b1aaaf30fe44f149657912ac56aa3ee12dc4733c5756a02d0,har191
format-code-task-000545,oracle:pass+nop:fail,d31700b447e30444ef325a4a3b8ff24ea642cc83,/Users/petermakhnatch/Developer/eval-lab-results/2026-10-09/mimo-reference-fixes/format-code-task-000545/solution.patch,7f187c3e5068c882abd124aaed73264f052fc52dce9c64a16c65bcb0f8b6af17,har191
format-code-task-000558,oracle:pass+nop:fail,7c5d8a1029d97e896ddbabac37143dd71852961e,/Users/petermakhnatch/Developer/eval-lab-results/2026-10-09/mimo-reference-fixes/format-code-task-000558/solution.patch,6d3665dc8b511acb9f209a9182fda4bd93fafa8e0357b72d55fc042d8a998329,har191
format-code-task-000566,oracle:pass+nop:fail,b9caa8dece7342891eeacef0da4f12d7a118e65a,/Users/petermakhnatch/Developer/eval-lab-results/2026-10-09/mimo-reference-fixes/format-code-task-000566/solution.patch,196baa42d81898f723cc27be7873c41953a1bf9163fb4963350d3ccb513e46d0,har191
format-code-task-000636,oracle:pass+nop:fail,b3f371333ff7df793628809e8abdbf43fd4391ba,/Users/petermakhnatch/Developer/eval-lab-results/2026-10-09/mimo-reference-fixes/format-code-task-000636/solution.patch,2c3f2649b5f95eed20eb559c674050e9e58be138220e2b5661294e293133a2d3,har191
format-code-task-000644,oracle:pass+nop:fail,51202351028f0edf8751a91dcc5f8d0b1d2429d5,/Users/petermakhnatch/Developer/eval-lab-results/2026-10-09/mimo-reference-fixes/format-code-task-000644/solution.patch,62dd73e9b856b5961b1970b0137d453d12fc2dcc174f55e682048129592794b2,har191
format-code-task-000666,oracle:pass+nop:fail,8d106a3e80566bd7d1d75dc90303a29100c83e15,/Users/petermakhnatch/Developer/eval-lab-results/2026-10-09/mimo-reference-fixes/format-code-task-000666/solution.patch,e38f08c71aa0a6b40e3171477eeb024178895a5826200fa3db38bae09ac4de0f,har191
format-code-task-000670,oracle:pass+nop:fail,18a2fc7ed8429a8f0ab4c108946a110c10ef1dc0,/Users/petermakhnatch/Developer/eval-lab-results/2026-10-09/mimo-reference-fixes/format-code-task-000670/solution.patch,e5c6093416c94993c6b7fa2e5b4e0a4cc0fbe8660fa889fec5b0c5d0676fba7f,har191
format-code-task-000750,oracle:pass+nop:fail,fed1389236289782c0d7001ab5689dd3a181cc40,/Users/petermakhnatch/Developer/eval-lab-results/2026-10-09/mimo-reference-fixes/format-code-task-000750/solution.patch,c3cf3bbca66983f17e4b4a4182ee2e324e22cd60ed0c2d5c06e04308750a3cca,har191
format-code-task-000795,oracle:pass+nop:fail,ada80dc384a5c2998006f66fbd59b9080f9f06a0,/Users/petermakhnatch/Developer/eval-lab-results/2026-10-09/mimo-reference-fixes/format-code-task-000795/solution.patch,a7b0739e7643fbc6846b3e48ddaf86e102f712c34329fd6e7e654b54d631003e,har191
format-code-task-000803,oracle:pass+nop:fail,c11571ea148b51791f75c6fc2c250953dfe3f53b,/Users/petermakhnatch/Developer/eval-lab-results/2026-10-09/mimo-reference-fixes/format-code-task-000803/solution.patch,6a86fec654fe592502d3589abd1ce383d2842804f2d2db004daee7d4dc5bfaf5,har191
format-code-task-000812,oracle:pass+nop:fail,27821a818b10c432f2790ec622bf2be8ce923213,/Users/petermakhnatch/Developer/eval-lab-results/2026-10-09/mimo-reference-fixes/format-code-task-000812/solution.patch,4fd173b54b2ece33a194a7f9b6a3e717563770ffa490626268a0c88d1b071f56,har191
format-code-task-000821,oracle:pass+nop:fail,cf9ee87a2aadfb3b8678fcc14af91990570ba3b8,/Users/petermakhnatch/Developer/eval-lab-results/2026-10-09/mimo-reference-fixes/format-code-task-000821/solution.patch,72033e0e4c09b147457a964b7564a3a9d0f4ec7e810b47cdf80fc0f928557de2,har191
format-code-task-000832,oracle:pass+nop:fail,e1884b9732d9378167e5536e6563fc6bd56c0689,/Users/petermakhnatch/Developer/eval-lab-results/2026-10-09/mimo-reference-fixes/format-code-task-000832/solution.patch,c5ab608402269f496cf4cc767b0e6bccc1ecd4bc388f875d0075e4cbd1e62485,har191
format-code-task-000838,oracle:pass+nop:fail,8765fc5e4996a8c60db48bc52fb40d8b4a1510a3,/Users/petermakhnatch/Developer/eval-lab-results/2026-10-09/mimo-reference-fixes/format-code-task-000838/solution.patch,f285e604f57dfefb4b2b5f32ac495b2519ba837c1698095547acb0007d856bd7,har191
format-code-task-000844,oracle:pass+nop:fail,6e753a0361e46db6ddfbc84e0f6b2d8071c84cbb,/Users/petermakhnatch/Developer/eval-lab-results/2026-10-09/mimo-reference-fixes/format-code-task-000844/solution.patch,a175fab3643f8a2d127847acf9395dee02aa2595579a02ec72859b6a3405a9b5,har191
format-code-task-000865,oracle:pass+nop:fail,ae05256ff2b5bcbe5b4c758889ffd97a2efa25e0,/Users/petermakhnatch/Developer/eval-lab-results/2026-10-09/mimo-reference-fixes/format-code-task-000865/solution.patch,c9107fca9f1d6e5a35c13f59cfed3ac5266712301fc603224375ba0281308e41,har191
format-code-task-000866,oracle:pass+nop:fail,65b3b02282e3fe288af72a79076e2679a85182f6,/Users/petermakhnatch/Developer/eval-lab-results/2026-10-09/mimo-reference-fixes/format-code-task-000866/solution.patch,74cd450a8c3e4e98d201cdfe097d28d71c1b57f97685c3c1b549437d4cfa7079,har191
format-code-task-000926,oracle:pass+nop:fail,e0fc898d43a4058afb29520b60c358d706c9ac00,/Users/petermakhnatch/Developer/eval-lab-results/2026-10-09/mimo-reference-fixes/format-code-task-000926/solution.patch,f0961b3a4e47dd890d531344afc82ee6034f3669d17a3f82cbc40e2a96d8f216,har191
format-code-task-000927,oracle:pass+nop:fail,7cd8fcd2040b64a26a2b77df6eece1996b8c959a,/Users/petermakhnatch/Developer/eval-lab-results/2026-10-09/mimo-reference-fixes/format-code-task-000927/solution.patch,db3093a3ea59449c374dfa921237feb87789e2c79a067dbc0e34e401cbaff4ed,har191
format-code-task-000932,oracle:pass+nop:fail,a09b3fabf7836afd12d8828f447d4f42a8c00079,/Users/petermakhnatch/Developer/eval-lab-results/2026-10-09/mimo-reference-fixes/format-code-task-000932/solution.patch,182a93482ab04fad536e7efb32581fd1665227be52f45ad6d194899706a0c841,har191
format-code-task-000941,oracle:pass+nop:fail,a4026b421a243521557e0f3378be46f192d40617,/Users/petermakhnatch/Developer/eval-lab-results/2026-10-09/mimo-reference-fixes/format-code-task-000941/solution.patch,0c587875001f0f56a4376f5e46dff2d571440c13ae3522459cc61a8219395923,har191
format-code-task-001189,oracle:pass+nop:fail,1c9ba0a236582d78f482e4ef971750b3afef51c5,/Users/petermakhnatch/Developer/eval-lab-results/2026-10-09/mimo-reference-fixes/format-code-task-001189/solution.patch,61f3824158e60470a742f678365e99db419c74b6af759cf48fd422cb4ec8be67,har191
format-code-task-001216,oracle:pass+nop:fail,d9a04cbf3a5b258e41541929037a1736960cf59e,/Users/petermakhnatch/Developer/eval-lab-results/2026-10-09/mimo-reference-fixes/format-code-task-001216/solution.patch,0407b1213ec9b77c778f5736fd6498c95cfa6d1f8a4182767e35c424b005c61e,har191
format-code-task-001218,oracle:pass+nop:fail,ed1962ef4c10bc1d17814d5d099183641960315d,/Users/petermakhnatch/Developer/eval-lab-results/2026-10-09/mimo-reference-fixes/format-code-task-001218/solution.patch,ff6e7e27951e0655a074061bbb77e11ec581b7a180fde83f5ec8f8e1119fc42e,har191
format-code-task-001219,oracle:pass+nop:fail,4008015e4846990adecc13e3ef40b2f0a032bb34,/Users/petermakhnatch/Developer/eval-lab-results/2026-10-09/mimo-reference-fixes/format-code-task-001219/solution.patch,bf6c05a156e764823b0975d8849caaf4c9a5cfcbd6b2dab4f3cffd6e802a03dd,har191
format-code-task-001241,oracle:pass+nop:fail,6543c35deeb5a8120472ef55e370be2483120b32,/Users/petermakhnatch/Developer/eval-lab-results/2026-10-09/mimo-reference-fixes/format-code-task-001241/solution.patch,33e5935d61f46afa5c26cc804b8fcbd6ff5b3872c7134ee00bac0ada57d0621b,har191
format-code-task-001246,oracle:pass+nop:fail,c7a004aebbc0f0a0451024838b8678430f2c8712,/Users/petermakhnatch/Developer/eval-lab-results/2026-10-09/mimo-reference-fixes/format-code-task-001246/solution.patch,1c94db9ab446476806737ee9ad079d0cc62e5f04f8d7f11f6e3d018065f3523c,har191
format-code-task-001248,oracle:pass+nop:fail,14972b209b3fc91c4b512268b7de98c29a04c3f6,/Users/petermakhnatch/Developer/eval-lab-results/2026-10-09/mimo-reference-fixes/format-code-task-001248/solution.patch,142e00313718685f7e2266b8e20eff31cea5d5a755b95aebc937b74711c99a64,har191
format-code-task-001251,oracle:pass+nop:fail,509e7f716d9447784f362611ac54fcc16c6b11ff,/Users/petermakhnatch/Developer/eval-lab-results/2026-10-09/mimo-reference-fixes/format-code-task-001251/solution.patch,0471d88ec1dd8e478bb73d5a12f71d343527019675dbbd8ffcf0ebe87d81e152,har191
format-code-task-001259,oracle:pass+nop:fail,eb1d1278516865fd01bf2885ce0e2598c9d4a0af,/Users/petermakhnatch/Developer/eval-lab-results/2026-10-09/mimo-reference-fixes/format-code-task-001259/solution.patch,4678ed34712fc5765dd0fe0a4c2c71256c8d099213d73d336809ac3e863f50a3,har191
format-code-task-001322,oracle:pass+nop:fail,c9166b5f191adc480be8a513791db518387384bd,/Users/petermakhnatch/Developer/eval-lab-results/2026-10-09/mimo-reference-fixes/format-code-task-001322/solution.patch,0ba2a52848864dcab69c480a8cf1346d2c32b0ae06d6bb78fa2a057b403a3757,har191
format-code-task-001373,oracle:pass+nop:fail,93eeaef1cce286aa8aa830d2369212b912d184b6,/Users/petermakhnatch/Developer/eval-lab-results/2026-10-09/mimo-reference-fixes/format-code-task-001373/solution.patch,01105d836f415bda7621039feb150acd9478edb7cc019be6bf09916acc727496,har191
format-code-task-001399,oracle:pass+nop:fail,a51c2bffd9a59c6fa3700c0117b65a2242219a16,/Users/petermakhnatch/Developer/eval-lab-results/2026-10-09/mimo-reference-fixes/format-code-task-001399/solution.patch,8e478e9bb2b6c71ca86d012e5d2868c206417a8b708a53eaa7de6f2bb619fb15,har191
format-code-task-001433,oracle:pass+nop:fail,56f153f9ccd8c79388f8642640b4c3d4101a9ac7,/Users/petermakhnatch/Developer/eval-lab-results/2026-10-09/mimo-reference-fixes/format-code-task-001433/solution.patch,c48a779cf6054f1e9789f500f2585bdd284b290ff208b76392a9f5ed1c1b6da2,har191
format-code-task-001462,oracle:pass+nop:fail,9bea7ca2f5878511f725ac7c200941dc07d50d05,/Users/petermakhnatch/Developer/eval-lab-results/2026-10-09/mimo-reference-fixes/format-code-task-001462/solution.patch,ae41fa8865b344fd7da117ae042f2fcb0d142926d09a68e32965486394d68aef,har191
format-code-task-001471,oracle:pass+nop:fail,1cf48eb78b244e3e231565bcfb184f2b294e3d3f,/Users/petermakhnatch/Developer/eval-lab-results/2026-10-09/mimo-reference-fixes/format-code-task-001471/solution.patch,38c4662155a6bdc5d5d32205635afa83e3bdb6e0b79a192db637882cb3b4166c,har191
format-code-task-001478,oracle:pass+nop:fail,59b3cab7dba57eb7778c525b842b4cd220fb0530,/Users/petermakhnatch/Developer/eval-lab-results/2026-10-09/mimo-reference-fixes/format-code-task-001478/solution.patch,3d619354d859181b1e754006684aefe4af1e21bb424ee4257da9d2cee9535fd6,har191
format-code-task-001552,oracle:pass+nop:fail,19a59aa5e86f320870625c4349c9ddb1cc672417,/Users/petermakhnatch/Developer/eval-lab-results/2026-10-09/mimo-reference-fixes/format-code-task-001552/solution.patch,a9dc5392c1d1dc11e8febf4800fd968234c8604b28b5eb10ce0240843df85a06,har191
format-code-task-001553,oracle:pass+nop:fail,c00e2d0438ca9787c0952d6dfeda77bed6f5e8b8,/Users/petermakhnatch/Developer/eval-lab-results/2026-10-09/mimo-reference-fixes/format-code-task-001553/solution.patch,b53b8f965893fbd6280d8adf56b43d18dc3a77750f7d3589df294d8efbe03a81,har191
format-code-task-001558,oracle:pass+nop:fail,520fe62f02f3c566bb46ab3121eed38b379dc1b9,/Users/petermakhnatch/Developer/eval-lab-results/2026-10-09/mimo-reference-fixes/format-code-task-001558/solution.patch,d5ab02df8ed54a9661483b91cba1c73a9e84e109f13bec588601c063727aff08,har191
format-code-task-001587,oracle:pass+nop:fail,b1018a8a52ba2a938d2ce1c7e411adf44c764771,/Users/petermakhnatch/Developer/eval-lab-results/2026-10-09/mimo-reference-fixes/format-code-task-001587/solution.patch,30e448b3abf7c65416423af16a88c029d483896b0695e99c4ab6756a5ecbbd45,har191
format-code-task-001612,oracle:pass+nop:fail,b5e7b60d6a2381941e9c1b09a028cbbae67758c2,/Users/petermakhnatch/Developer/eval-lab-results/2026-10-09/mimo-reference-fixes/format-code-task-001612/solution.patch,05363a49d62de42c9a73bc6f239a33e6e074724d5f1da7a5fb26577cdb22afc6,har191
format-code-task-001614,oracle:pass+nop:fail,7b6fb4911936fa2e10edd5f859eca1f64e9a604f,/Users/petermakhnatch/Developer/eval-lab-results/2026-10-09/mimo-reference-fixes/format-code-task-001614/solution.patch,8e5d9f9a28c376b81f714bf57b511f03d2c370bd2b336aadedc636efadc3f5f9,har191
format-code-task-001615,oracle:pass+nop:fail,29da53072e93f167d692d5356808161d3d6189c5,/Users/petermakhnatch/Developer/eval-lab-results/2026-10-09/mimo-reference-fixes/format-code-task-001615/solution.patch,877fb5f0616d936e245607c70c29349b1e7a47c3e6ace216b6f3c03a8ad8789b,har191
format-code-task-001627,oracle:pass+nop:fail,a4d96aa2df464b569a3fa96efa3fa50a888b48ef,/Users/petermakhnatch/Developer/eval-lab-results/2026-10-09/mimo-reference-fixes/format-code-task-001627/solution.patch,8afd448aeec4b008467afe6a6200a1a257fa2abdd7efc5ca9b3d6d7309e1281c,har191
format-code-task-001639,oracle:pass+nop:fail,2132b9dae6bca4ca744249a59ccca1997241cd04,/Users/petermakhnatch/Developer/eval-lab-results/2026-10-09/mimo-reference-fixes/format-code-task-001639/solution.patch,72071d30245caad4620f2c17b5053a1d895d649e2bc5a89015c896d05f6bd7c4,har191
format-code-task-001641,oracle:pass+nop:fail,c5b6cbf19a4671f54ddfd835f18676ee820a93db,/Users/petermakhnatch/Developer/eval-lab-results/2026-10-09/mimo-reference-fixes/format-code-task-001641/solution.patch,710fe0fb6d2539dca24fa20ef00743c6de618e8a17da889f0c9ea4b9648957f8,har191
format-code-task-001671,oracle:pass+nop:fail,45299ce26c67b93f92c628c0bf3f06e43d90e8a0,/Users/petermakhnatch/Developer/eval-lab-results/2026-10-09/mimo-reference-fixes/format-code-task-001671/solution.patch,9569acfb3b05661d64f7f6a186a6b7d0771453d78bee6feb73f43f77ad893952,har191
format-code-task-001750,oracle:pass+nop:fail,081616eaa546601d2eebfa2052e54ad0578613f4,/Users/petermakhnatch/Developer/eval-lab-results/2026-10-09/mimo-reference-fixes/format-code-task-001750/solution.patch,20f97ba020224fa5578db65f0e76cd2b46234cbc30c80bf525fec0264c755381,har191
format-code-task-001760,oracle:pass+nop:fail,59f774f14d1aedc57154393e70d444ad15fb2513,/Users/petermakhnatch/Developer/eval-lab-results/2026-10-09/mimo-reference-fixes/format-code-task-001760/solution.patch,02bc2326aec42a93b8bfb258207733c77abb1dafc9a9be782cd497ae9d7b03d6,har191
format-code-task-001762,oracle:pass+nop:fail,2f342bf60adea543f09633ee7fde8f989f2cab02,/Users/petermakhnatch/Developer/eval-lab-results/2026-10-09/mimo-reference-fixes/format-code-task-001762/solution.patch,f0868d36647be79c356252f1312e4ac76c6e43d075645fdbf5b8015752acb9d5,har191
format-code-task-001793,oracle:pass+nop:fail,068fad465021ada94879b2559d495e7aba8c423a,/Users/petermakhnatch/Developer/eval-lab-results/2026-10-09/mimo-reference-fixes/format-code-task-001793/solution.patch,2f3e75b91fb11edff25ae0db2c26877cb46f3230e3e73946956f2703b7326b7d,har191
format-code-task-001804,oracle:pass+nop:fail,1790fc0f250a8ec2e3ab9f06257bd24024ebeba2,/Users/petermakhnatch/Developer/eval-lab-results/2026-10-09/mimo-reference-fixes/format-code-task-001804/solution.patch,7e0e23c8c388e499880f74ef62026a0b9d7957155a28650c3cb671ac193ac4fd,har191
format-code-task-001809,oracle:pass+nop:fail,86db835beb39f1e86876ea9f61fd13c031651fcc,/Users/petermakhnatch/Developer/eval-lab-results/2026-10-09/mimo-reference-fixes/format-code-task-001809/solution.patch,4901ce04856834640ef21ce08fec4b4c36de89fdb233dc04d6b552ef17403c4c,har191
format-code-task-001811,oracle:pass+nop:fail,bdea5444403f9b67007bf427d28e8e640fcffb87,/Users/petermakhnatch/Developer/eval-lab-results/2026-10-09/mimo-reference-fixes/format-code-task-001811/solution.patch,b2901ef4e94a9f1ec6c7540a26c8d093b7c8f87c73f61e9143db4ad21f57d821,har191
format-code-task-001824,oracle:pass+nop:fail,e201953c9d97a291ec7cd02ef41b68181e4a050e,/Users/petermakhnatch/Developer/eval-lab-results/2026-10-09/mimo-reference-fixes/format-code-task-001824/solution.patch,a7b7f285179f899c64fa75d5ebd6ee25b9cc65f22bf6cb3c19b2102ca500463f,har191
format-code-task-001831,oracle:pass+nop:fail,703d6789a97532cc360228d8bfa9100192ad1da7,/Users/petermakhnatch/Developer/eval-lab-results/2026-10-09/mimo-reference-fixes/format-code-task-001831/solution.patch,d410c1c905501b8c8970139473ba0aadddee3bcd6b02b26b672d9eb4d993a940,har191
format-code-task-001835,oracle:pass+nop:fail,4a272ba6adeb742e185dd40e1e6637de6ad25e94,/Users/petermakhnatch/Developer/eval-lab-results/2026-10-09/mimo-reference-fixes/format-code-task-001835/solution.patch,d07eaea7410ceac67908a9250abb494750b2c5b19743250badc06fac00542690,har191
format-code-task-001870,oracle:pass+nop:fail,17c3678d0e59b997207bdedb73d8677aa68a8bae,/Users/petermakhnatch/Developer/eval-lab-results/2026-10-09/mimo-reference-fixes/format-code-task-001870/solution.patch,6c267af8b89d49497746b4232978071e974f3d4bd475103f8217c1c0da9e84b1,har191
format-code-task-001886,oracle:pass+nop:fail,5ce827fde7efddaae1eadbe8f1305c1db75b6831,/Users/petermakhnatch/Developer/eval-lab-results/2026-10-09/mimo-reference-fixes/format-code-task-001886/solution.patch,84d93b4cb1ee97c966c731343f9248c3217b7cddddc4fc2be49d4b1e33db3342,har191
format-code-task-001891,oracle:pass+nop:fail,c893fc84f12e3ad67033c2fa70bc04e206d2ab85,/Users/petermakhnatch/Developer/eval-lab-results/2026-10-09/mimo-reference-fixes/format-code-task-001891/solution.patch,b69e0501f65e6074acfedd0c33f442227d23322c6672a699f614b98771067e37,har191
format-code-task-001914,oracle:pass+nop:fail,9036fabf140e8b3015a947ad3710c08a86097506,/Users/petermakhnatch/Developer/eval-lab-results/2026-10-09/mimo-reference-fixes/format-code-task-001914/solution.patch,35b31fb3dfd3bc2993613b95643aa47911ec1ebb30d297da946de8217e27967b,har191
format-code-task-001940,oracle:pass+nop:fail,f212dd3b92f51a64795fdbb30aefd0a730393523,/Users/petermakhnatch/Developer/eval-lab-results/2026-10-09/mimo-reference-fixes/format-code-task-001940/solution.patch,593b5fe2b5e4ae622992c62c4294b900ed5e4a4184df510cd6d0603dae467596,har191
format-code-task-001946,oracle:pass+nop:fail,d9964f568a02c8f9d900c84ebb8e857dfcad9844,/Users/petermakhnatch/Developer/eval-lab-results/2026-10-09/mimo-reference-fixes/format-code-task-001946/solution.patch,ec41ed9c7191a3d6272f3a7dc380f495ab28807983a1df3eff5b1b0b11a44324,har191
format-code-task-001954,oracle:pass+nop:fail,16d3528b4c435c58f6fbeab16a6783bfaffedcfa,/Users/petermakhnatch/Developer/eval-lab-results/2026-10-09/mimo-reference-fixes/format-code-task-001954/solution.patch,320aa4342fc4427c68b2f9123b3e16e50e5ae31d841543458ecdaebcfb650e40,har191
format-code-task-001971,oracle:pass+nop:fail,e0ee0c0f456b94750ca2bfca3b1f20483886494c,/Users/petermakhnatch/Developer/eval-lab-results/2026-10-09/mimo-reference-fixes/format-code-task-001971/solution.patch,b7ba12aeb169ef0888339c6f13f6661aeddd5e8ab9708e2e931026019010e8de,har191
format-code-task-001973,oracle:pass+nop:fail,f0d5dbb4f73c86665b7a33bfa1f530d840959784,/Users/petermakhnatch/Developer/eval-lab-results/2026-10-09/mimo-reference-fixes/format-code-task-001973/solution.patch,fa4be5bfbc092b2b8dd5278f7cae77954de9221e1e40f56327d51c181054d025,har191
format-code-task-002002,oracle:pass+nop:fail,7184aed2ed1b841ee2416c765d3e6d59ddb9df41,/Users/petermakhnatch/Developer/eval-lab-results/2026-10-09/mimo-reference-fixes/format-code-task-002002/solution.patch,a9088f31a565ee96a42cd333598359cc5ee7960bf22472191fe8afaf0e14107a,har191
format-code-task-002051,oracle:pass+nop:fail,13b98cfd057099890a2e7327be9d027f692b8a1b,/Users/petermakhnatch/Developer/eval-lab-results/2026-10-09/mimo-reference-fixes/format-code-task-002051/solution.patch,5a0e1268397ee77927f076ba8be0391b64b9bc12b58e72bc284e042efc8bcb1f,har191
format-code-task-002052,oracle:pass+nop:fail,7fca32433aa0495c5ac8d638b211695be206e9d9,/Users/petermakhnatch/Developer/eval-lab-results/2026-10-09/mimo-reference-fixes/format-code-task-002052/solution.patch,cd9a41b14a932768d423902938c1e1c9f9048a689a055aaffc4a75eb29aa0556,har191
format-code-task-002072,oracle:pass+nop:fail,fc6712365ae0202380e98610104abde8b5d9c84f,/Users/petermakhnatch/Developer/eval-lab-results/2026-10-09/mimo-reference-fixes/format-code-task-002072/solution.patch,371560bfdb40f6de070a127628eb5e6680b3b900457357d6c135d15877eea8ad,har191
format-code-task-002149,oracle:pass+nop:fail,cac530f2f69a662c035252efa915e87e6ff5f8a7,/Users/petermakhnatch/Developer/eval-lab-results/2026-10-09/mimo-reference-fixes/format-code-task-002149/solution.patch,0870855992f30f062d38ab1cd6b84c16fdb36afe4bb29664de635fe005c7139b,har191
format-code-task-002208,oracle:pass+nop:fail,37526c1ddbe0952dffe16ac0fe158a00aa7b397f,/Users/petermakhnatch/Developer/eval-lab-results/2026-10-09/mimo-reference-fixes/format-code-task-002208/solution.patch,ed6c53c242c672767b2ac58709b302beda0cce89f0f3e5da8bb44f2125899e28,har191
format-code-task-002210,oracle:pass+nop:fail,8267427bfe567eec9a098aa8c071dddcc1d289f9,/Users/petermakhnatch/Developer/eval-lab-results/2026-10-09/mimo-reference-fixes/format-code-task-002210/solution.patch,b8119f3ea6854d978bf36602abbd5cbd7db9114db2d8bc362f99181307af87ea,har191
format-code-task-002212,oracle:pass+nop:fail,2786cda332825161ef9852154c8467facdf6ba16,/Users/petermakhnatch/Developer/eval-lab-results/2026-10-09/mimo-reference-fixes/format-code-task-002212/solution.patch,48501de5d39c1f0de22d6152eddf6b3ef67c46ac9aada7fa732262f3b3de4cf4,har191
format-code-task-002214,oracle:pass+nop:fail,c688a0f4e39f362d1d88c35ab6093bc7963fc525,/Users/petermakhnatch/Developer/eval-lab-results/2026-10-09/mimo-reference-fixes/format-code-task-002214/solution.patch,5734ab8311c0701a1806bb085506913280958d0647bf84197062b0ce2ca116f5,har191
format-code-task-002216,oracle:pass+nop:fail,b617beef0f70d5f97a2faef174f511b212d4085a,/Users/petermakhnatch/Developer/eval-lab-results/2026-10-09/mimo-reference-fixes/format-code-task-002216/solution.patch,b688a1aed31bbfa658f6d2d7580de8a259f847b41c4068c2faed3e7d5d85b58f,har191
format-code-task-002219,oracle:pass+nop:fail,e7ac30df29a6cf4550e6d6ce5b190a6789270fef,/Users/petermakhnatch/Developer/eval-lab-results/2026-10-09/mimo-reference-fixes/format-code-task-002219/solution.patch,61ff73ee61bb9513720315f4742613328acd8ea19e92e172bb3619833f435d7f,har191
format-code-task-002229,oracle:pass+nop:fail,43bff73ceca04702a0069c077162a05ed0774995,/Users/petermakhnatch/Developer/eval-lab-results/2026-10-09/mimo-reference-fixes/format-code-task-002229/solution.patch,759a967cde7c8041ef2a15eada43951df72bbf9d106b1a7b4a68df06eab5f2d7,har191
format-code-task-002230,oracle:pass+nop:fail,060b9dae7cd46bfae3fb786abf1f7416ee9e2727,/Users/petermakhnatch/Developer/eval-lab-results/2026-10-09/mimo-reference-fixes/format-code-task-002230/solution.patch,01d39554c92027e3dbc617ccb2aa2fc1e8940900be0638f1211865596d39e3c0,har191
format-code-task-002231,oracle:pass+nop:fail,66de372df0b3693e1bc46ad2df58be3d06a5872c,/Users/petermakhnatch/Developer/eval-lab-results/2026-10-09/mimo-reference-fixes/format-code-task-002231/solution.patch,f18eab381020b329a89db34bdba131808127fa68ffaaa767fea82fe9cb7442a6,har191
format-code-task-002256,oracle:pass+nop:fail,b8bcfd7cc78c67e6f53de134e5bef69ff33911b4,/Users/petermakhnatch/Developer/eval-lab-results/2026-10-09/mimo-reference-fixes/format-code-task-002256/solution.patch,ba511bc9da3807c22ff64779ef46b62a96c98f2adff0b28f70cb507d403f3a60,har191
format-code-task-002283,oracle:pass+nop:fail,7472d654302bbc3f07d247431c9921b8eee1f53a,/Users/petermakhnatch/Developer/eval-lab-results/2026-10-09/mimo-reference-fixes/format-code-task-002283/solution.patch,9a0aca0277016e847c6c534afdf490e9c9a0fb7bfe18e32fc54e795b4cf2600d,har191
format-code-task-002302,oracle:pass+nop:fail,1869cc8bedbd6085959e8566cad6729f3e7e2620,/Users/petermakhnatch/Developer/eval-lab-results/2026-10-09/mimo-reference-fixes/format-code-task-002302/solution.patch,d18f80033adc8a18a7597cd028f80be4a3e10efae84516afd9b3750552ac10f7,har191
format-code-task-002307,oracle:pass+nop:fail,3e1020945ee195913839e0865ec71b3539212e33,/Users/petermakhnatch/Developer/eval-lab-results/2026-10-09/mimo-reference-fixes/format-code-task-002307/solution.patch,c30a0df3a0a40f48123c2a28cfc84253fb2bb556a5a7cf3b338e2ed577fe7afd,har191
format-code-task-002335,oracle:pass+nop:fail,1f2b615341d3aa982e8ec4e927f060bcf7ebd952,/Users/petermakhnatch/Developer/eval-lab-results/2026-10-09/mimo-reference-fixes/format-code-task-002335/solution.patch,277474e1274d90a8a161e2788043ed882fc8de22b140355761ec486e3bc46285,har191
format-code-task-002336,oracle:pass+nop:fail,201300c76cde9cc49a3d5c185d912e11c3921a5c,/Users/petermakhnatch/Developer/eval-lab-results/2026-10-09/mimo-reference-fixes/format-code-task-002336/solution.patch,9a30658bfe3196450524eb9f905787009f4ff1905fd15582cfd7d2ac517b38fc,har191
format-code-task-002356,oracle:pass+nop:fail,f2ea461e9e9fa5c47bb61fd72d512c748928badc,/Users/petermakhnatch/Developer/eval-lab-results/2026-10-09/mimo-reference-fixes/format-code-task-002356/solution.patch,ce8bf671ec771dbd9cf53cd3b5db9b19b58c2ae0d72755a97355a7f42cde2475,har191
format-code-task-002366,oracle:pass+nop:fail,a6995c377d65ce850c2d744ad42a2a79f6d511b3,/Users/petermakhnatch/Developer/eval-lab-results/2026-10-09/mimo-reference-fixes/format-code-task-002366/solution.patch,9ce18e563c7e1fbc746746872c7d37f53e3829aa2f4969a54246ed2a2c66ab81,har191
format-code-task-002371,oracle:pass+nop:fail,93faefb4a9c711d3fcaaa916fc60163d125a5a8c,/Users/petermakhnatch/Developer/eval-lab-results/2026-10-09/mimo-reference-fixes/format-code-task-002371/solution.patch,a76efb1a3e84feeb3e6502d25d604e14d1d6600529905b603ccc490ef4f1632c,har191
format-code-task-002377,oracle:pass+nop:fail,45f63f9d28ae01e8f37d82627b0b5466e85ff507,/Users/petermakhnatch/Developer/eval-lab-results/2026-10-09/mimo-reference-fixes/format-code-task-002377/solution.patch,bbb9dd39e81b01ba82b08cdf5943c32b99a45aca25d05347de84039645d29dbe,har191
format-code-task-002378,oracle:pass+nop:fail,e8a15b029b258ddd982f29d15ce6838a40ee8ae8,/Users/petermakhnatch/Developer/eval-lab-results/2026-10-09/mimo-reference-fixes/format-code-task-002378/solution.patch,0f6bb09e94513a3fc480727d8a4894f13faaa36d58abc2ddadaaac50aac85eb5,har191
format-code-task-002380,oracle:pass+nop:fail,08ea9e0a592313c1b8a9b8c6161862fc34bf5ff6,/Users/petermakhnatch/Developer/eval-lab-results/2026-10-09/mimo-reference-fixes/format-code-task-002380/solution.patch,602705d5803f30c128021547aed42b56b1f6b281f5f1f275f4f73b3b76008615,har191
format-code-task-002384,oracle:pass+nop:fail,270498ef32f28350d0cd713efcb4720ad667c33f,/Users/petermakhnatch/Developer/eval-lab-results/2026-10-09/mimo-reference-fixes/format-code-task-002384/solution.patch,c6aa6f103fec9a6cfde18c77641bba899735f4eec6efe57776de1305afc685c5,har191
format-code-task-002389,oracle:pass+nop:fail,7d29841ced8df7e3c4616ea7358f2f1ecc7c32a9,/Users/petermakhnatch/Developer/eval-lab-results/2026-10-09/mimo-reference-fixes/format-code-task-002389/solution.patch,c12905e7c08ef20feec9b6f25986819c27e38587fcad35f1b1bf71d09dccb4bc,har191
format-code-task-002391,oracle:pass+nop:fail,6a6b1fc1a093b2e98f9d748f7ae3b080bbaacacd,/Users/petermakhnatch/Developer/eval-lab-results/2026-10-09/mimo-reference-fixes/format-code-task-002391/solution.patch,e1dad924b28bf3725da6a20379e403fb121a0441b7f5839386e1c652b694a27e,har191
format-code-task-002393,oracle:pass+nop:fail,edb5f7a4572d0ac9193fb1fcc64ee28c74019946,/Users/petermakhnatch/Developer/eval-lab-results/2026-10-09/mimo-reference-fixes/format-code-task-002393/solution.patch,4c13e823cc5f321ce4799d751a6f73fa38574cbd167fcfd77a2df45a48e2097a,har191
format-code-task-002394,oracle:pass+nop:fail,425d6fe63a34e1be3c51579c504c57e43a5b4e19,/Users/petermakhnatch/Developer/eval-lab-results/2026-10-09/mimo-reference-fixes/format-code-task-002394/solution.patch,3791ff76d313f6c3311bd0279cda142b05e88c2f54516672ffa990bbefb6839c,har191
format-code-task-002395,oracle:pass+nop:fail,50600bd9f8b28611c07a487ff46ba2ef3128a005,/Users/petermakhnatch/Developer/eval-lab-results/2026-10-09/mimo-reference-fixes/format-code-task-002395/solution.patch,712e416ec986f0bc0545a96df08d510325b9011c0fdab4dd5634925dd4f4416a,har191
format-code-task-002400,oracle:pass+nop:fail,339c9613ed1201d7772c6b7eadc26012e7920acd,/Users/petermakhnatch/Developer/eval-lab-results/2026-10-09/mimo-reference-fixes/format-code-task-002400/solution.patch,d9d6c3aa9fbd2f5207b3550b5dcc8bacfdc8bf6f064b061fa7152b3582b647f0,har191
format-code-task-002402,oracle:pass+nop:fail,56f63eb604787879a4943008edeb9c50bd9207b6,/Users/petermakhnatch/Developer/eval-lab-results/2026-10-09/mimo-reference-fixes/format-code-task-002402/solution.patch,9d9d297c6fea20781779c7c63f00cb8be46ce969d83c53d8bb14b099e7cd603c,har191
format-code-task-002410,oracle:pass+nop:fail,5b29eac4fd65aa87b7158917e19c777bce9a3fc5,/Users/petermakhnatch/Developer/eval-lab-results/2026-10-09/mimo-reference-fixes/format-code-task-002410/solution.patch,8e965f75048719b6b133897409d9c784e1d8a81270f101770231a9a77dfae88e,har191
format-code-task-002411,oracle:pass+nop:fail,cec771c81defc06b9c73d8ec1258234ff49d78d0,/Users/petermakhnatch/Developer/eval-lab-results/2026-10-09/mimo-reference-fixes/format-code-task-002411/solution.patch,a1358b67560c746e73d3e4c18c5eb1459696810520d2c25f421c635d5d945593,har191
format-code-task-002412,oracle:pass+nop:fail,3ec2e98c1cccc31b661747fdd78a7f63a6ffb5c9,/Users/petermakhnatch/Developer/eval-lab-results/2026-10-09/mimo-reference-fixes/format-code-task-002412/solution.patch,8338f8e2c11429b7592d5e83e02e7671ba0c065124ddeba5d047ce05017270e6,har191
format-code-task-002414,oracle:pass+nop:fail,10957d5a19bb2636b8825ebde8a0281030d8584c,/Users/petermakhnatch/Developer/eval-lab-results/2026-10-09/mimo-reference-fixes/format-code-task-002414/solution.patch,13cd94692e3e9411cdc5c88ce888538f0d69d4f94c58db51381c3ea59d96132e,har191
format-code-task-002416,oracle:pass+nop:fail,d10fbe396e80660ff24f2f2d3330ec0c9b2bf9ac,/Users/petermakhnatch/Developer/eval-lab-results/2026-10-09/mimo-reference-fixes/format-code-task-002416/solution.patch,8cab5be1e1995efbd80d0b89ada4b66d6f86fc38c900d25d235b4b9d9a8e80c8,har191
format-code-task-002450,oracle:pass+nop:fail,2998a61cc7e877fdda20bcc757b76a8cc6e4ef24,/Users/petermakhnatch/Developer/eval-lab-results/2026-10-09/mimo-reference-fixes/format-code-task-002450/solution.patch,4bfe4f162a926299866da3e76f59ae467bea571240afe48b02f2213ebceef23a,har191
format-code-task-002451,oracle:pass+nop:fail,7e90ee71230a2f6e6f0a61e72c9674c5bd9dd682,/Users/petermakhnatch/Developer/eval-lab-results/2026-10-09/mimo-reference-fixes/format-code-task-002451/solution.patch,539439a7b0f665842911387ebcff3efd4387ca837fe50da2278226816bb8b13e,har191
format-code-task-002470,oracle:pass+nop:fail,0477aa58673cd957c19d377e029347ce72c08b1b,/Users/petermakhnatch/Developer/eval-lab-results/2026-10-09/mimo-reference-fixes/format-code-task-002470/solution.patch,3ec5673a006c5b83de6763aeafe3ebcede687e571397b654800355f3a5b02c73,har191
format-code-task-002483,oracle:pass+nop:fail,e65f507c55a0369a4585d633cc3a783522ed2ff6,/Users/petermakhnatch/Developer/eval-lab-results/2026-10-09/mimo-reference-fixes/format-code-task-002483/solution.patch,c7fc74f2bd074f622379ab83b45d7bb68bec048ff023d0fd08c25c93dbe92dc8,har191
format-code-task-002499,oracle:pass+nop:fail,d1f912b699acf0eee030e87118ccdac003cb1c6d,/Users/petermakhnatch/Developer/eval-lab-results/2026-10-09/mimo-reference-fixes/format-code-task-002499/solution.patch,df6db81452e8b414785967563465bd8ba83b8ade6a0faf718d6b2090536b21a6,har191
format-code-task-002519,oracle:pass+nop:fail,bc640545f4cf7261ed5ddd9f26eee963f09c6dc1,/Users/petermakhnatch/Developer/eval-lab-results/2026-10-09/mimo-reference-fixes/format-code-task-002519/solution.patch,64b0b0a17f03580c7660ffd1ffd72f8dc13f8e46c6b013f1bb99b95c62eb64e1,har191
format-code-task-002549,oracle:pass+nop:fail,5d43f3b5978adfdd87ad141a468f0120c88010ef,/Users/petermakhnatch/Developer/eval-lab-results/2026-10-09/mimo-reference-fixes/format-code-task-002549/solution.patch,bfa77f08545add83bbc14b265f4100643082fe2d76bf2af231b26ee09424bbdd,har191
format-code-task-002552,oracle:pass+nop:fail,e88159fbac2f2f2673641586fa46517632e7b1f2,/Users/petermakhnatch/Developer/eval-lab-results/2026-10-09/mimo-reference-fixes/format-code-task-002552/solution.patch,cfe49ec83311449ad54f7d340b481c19722c52273d7c3d419f36f27ee17aa98c,har191
format-code-task-002554,oracle:pass+nop:fail,57c90b255413cfade9c93ad6dde438ddd9cd7cea,/Users/petermakhnatch/Developer/eval-lab-results/2026-10-09/mimo-reference-fixes/format-code-task-002554/solution.patch,f94112fb75ea4846fb8326aa29ca5deafe37feae9c4bf82e359d8b1642b40f54,har191
format-code-task-002555,oracle:pass+nop:fail,c24e8c544dc3c9bed8b1e5c0d71e2dcea305691a,/Users/petermakhnatch/Developer/eval-lab-results/2026-10-09/mimo-reference-fixes/format-code-task-002555/solution.patch,fd6c9423751ad9b7c4e749ebc4044eea0e90515464d200a2d5d9867d8f5e9acc,har191
format-code-task-002601,oracle:pass+nop:fail,bd0b4643576a54b0dbcf9e935124aa70255ff9c1,/Users/petermakhnatch/Developer/eval-lab-results/2026-10-09/mimo-reference-fixes/format-code-task-002601/solution.patch,4a71d8e6c1093ef68a8032ef2543339665309009238bbafe4cc503c2f7292de5,har191
format-code-task-002609,oracle:pass+nop:fail,0a1401c949f065d6046d6efc53d3effaaecc2ff2,/Users/petermakhnatch/Developer/eval-lab-results/2026-10-09/mimo-reference-fixes/format-code-task-002609/solution.patch,ae84b337d6bd205663f3aac5724a36e7fafac2b9a1b401b5a6c9e6f0de6577ed,har191
format-code-task-002610,oracle:pass+nop:fail,49967edf8dd6bec8f4a30f015d390c622cc15195,/Users/petermakhnatch/Developer/eval-lab-results/2026-10-09/mimo-reference-fixes/format-code-task-002610/solution.patch,ffb4053064cf51d90ca14bfcf4d3ec56e522e885a5e053e14b7ea6eca0b7dc58,har191
format-code-task-002614,oracle:pass+nop:fail,1844b9138ca898d4c8f0e6d9ac30e90217a6e978,/Users/petermakhnatch/Developer/eval-lab-results/2026-10-09/mimo-reference-fixes/format-code-task-002614/solution.patch,4500edc6f1cbfaa1039f9df5421eef4888b980a755f71f18d3a242df8fc77902,har191
format-code-task-002619,oracle:pass+nop:fail,1d6dc067bf67ee5b3e86a8804a03ec09180ccfc5,/Users/petermakhnatch/Developer/eval-lab-results/2026-10-09/mimo-reference-fixes/format-code-task-002619/solution.patch,ec462f0ae5376255eee134ac945b92a16c3679903dbcd6bf782abe470e75dc17,har191
format-code-task-002641,oracle:pass+nop:fail,8c75fd1ed0956c96aefa4065a43378526708f590,/Users/petermakhnatch/Developer/eval-lab-results/2026-10-09/mimo-reference-fixes/format-code-task-002641/solution.patch,0e35c8aed47e2fd54b91c2412004328d24f4afd4d19c2a05002639685dba053e,har191
format-code-task-002649,oracle:pass+nop:fail,37af05dcc4704563f06544e8ddedebe33af52111,/Users/petermakhnatch/Developer/eval-lab-results/2026-10-09/mimo-reference-fixes/format-code-task-002649/solution.patch,8d308f36b5e49961bc260da391133211da8361567fff046476de33c5a4f330a5,har191
format-code-task-002668,oracle:pass+nop:fail,a5bc0930fca040177e8518d0cbe2f271e1108e8a,/Users/petermakhnatch/Developer/eval-lab-results/2026-10-09/mimo-reference-fixes/format-code-task-002668/solution.patch,e8cfa8281b89753cf079f571e7a48a47032ba0fc6537be4325a46357a97ce078,har191
format-code-task-002672,oracle:pass+nop:fail,29a2fea5ce6c2f4f481750216d37757be9461bb7,/Users/petermakhnatch/Developer/eval-lab-results/2026-10-09/mimo-reference-fixes/format-code-task-002672/solution.patch,be0aab0f5918cfe35b56073f3731aace42ff53b53f5e2f3e1583ced763070f4f,har191
format-code-task-002680,oracle:pass+nop:fail,7ccb28d55f92e2a38470dbd8775a2ccf5c451150,/Users/petermakhnatch/Developer/eval-lab-results/2026-10-09/mimo-reference-fixes/format-code-task-002680/solution.patch,9ed7244c7cfe7b15f629cc71d8f9e9989b391710ee46d774b971b10a8dd8c7e8,har191
format-code-task-002696,oracle:pass+nop:fail,bb90fc9c6ded25aac9a254508e011df7b6bdb66e,/Users/petermakhnatch/Developer/eval-lab-results/2026-10-09/mimo-reference-fixes/format-code-task-002696/solution.patch,dc5d04fc2c5c182e838e4d76ad8d16a625ca67c5f32f21db49fbe2388b8026aa,har191
format-code-task-002736,oracle:pass+nop:fail,e5ffafaa2a13997c3deeeb1745d2258bbbfa86b6,/Users/petermakhnatch/Developer/eval-lab-results/2026-10-09/mimo-reference-fixes/format-code-task-002736/solution.patch,38c1509d54bce3c5e9ad2a3f8a24c0f570f996a159d50a8bef6888c11b7ecdb9,har191
format-code-task-002739,oracle:pass+nop:fail,0ec9e310ed6338420f319f00ba615fb1b5ba79a3,/Users/petermakhnatch/Developer/eval-lab-results/2026-10-09/mimo-reference-fixes/format-code-task-002739/solution.patch,e5d961b7e9cdfd2503cc4f8767fb008b251c2a4e8d277e2facc5002bebcf4721,har191
format-code-task-002756,oracle:pass+nop:fail,670c88aa2d6b459865ee711a97953ea68bd2b0b8,/Users/petermakhnatch/Developer/eval-lab-results/2026-10-09/mimo-reference-fixes/format-code-task-002756/solution.patch,f2567e3b57e040a14bd4a4cd132503803f8b1e29fa636f9b8d1c12624e3cce80,har191
format-code-task-002757,oracle:pass+nop:fail,125b1bcf6a6a06ca269b69360ba9d102db6a124f,/Users/petermakhnatch/Developer/eval-lab-results/2026-10-09/mimo-reference-fixes/format-code-task-002757/solution.patch,2f15607a3f8f74680937dbba4a8bdcd2f1adf29e3b7f6393c638c8877740a56b,har191
format-code-task-002758,oracle:pass+nop:fail,9a4e937d5961049a7796486aab934daf4c58cbac,/Users/petermakhnatch/Developer/eval-lab-results/2026-10-09/mimo-reference-fixes/format-code-task-002758/solution.patch,83bfac08f4bcdc5320c00fc2db8801a4177b65a236f1b22cd88f9d0837594539,har191
format-code-task-002773,oracle:pass+nop:fail,826b4d54b9a4796cdc96db174ae45645d7883258,/Users/petermakhnatch/Developer/eval-lab-results/2026-10-09/mimo-reference-fixes/format-code-task-002773/solution.patch,0a8d1ef8ec57175326bd27cd561468261ed34002391b9a9cfda57c484b9e144a,har191
format-code-task-002774,oracle:pass+nop:fail,70b71bc8f711b218800976846be1562b639fc134,/Users/petermakhnatch/Developer/eval-lab-results/2026-10-09/mimo-reference-fixes/format-code-task-002774/solution.patch,f1227843abe79ba7d5dc3e8982530219e084f66014df1998b86ee75694686bac,har191
format-code-task-002775,oracle:pass+nop:fail,67239a6092d4cf3460e01bf5efabdbc281deb28b,/Users/petermakhnatch/Developer/eval-lab-results/2026-10-09/mimo-reference-fixes/format-code-task-002775/solution.patch,1c8e9bf11709d285bebe21bcae10fad778207b3320d92af10833ff7b614ad246,har191
format-code-task-002786,oracle:pass+nop:fail,0676df598230642ca30903495b5b41ae577b20d2,/Users/petermakhnatch/Developer/eval-lab-results/2026-10-09/mimo-reference-fixes/format-code-task-002786/solution.patch,d367062e14c5d823d505ac8303cae0fdc71c62353b274c7f8ef33a57616777f0,har191
format-code-task-002790,oracle:pass+nop:fail,7b986e6fda7c2f0ebf1eb2e782e672ae8910cc79,/Users/petermakhnatch/Developer/eval-lab-results/2026-10-09/mimo-reference-fixes/format-code-task-002790/solution.patch,ba6d5a14ba71c19ad9bf7bd4d239f0cac555a96744c5686f3767b3c245972c60,har191
format-code-task-002801,oracle:pass+nop:fail,6a932eabcccdb7640cdcd1769574750ebe00ceb6,/Users/petermakhnatch/Developer/eval-lab-results/2026-10-09/mimo-reference-fixes/format-code-task-002801/solution.patch,ac688e209b39b0144d26f31395fba59a0f46b5bd8a56d43d72756bb56b55840e,har191
format-code-task-002829,oracle:pass+nop:fail,de2644f3d0f695af9d6a17360fa6d1af82125d32,/Users/petermakhnatch/Developer/eval-lab-results/2026-10-09/mimo-reference-fixes/format-code-task-002829/solution.patch,9f253cff43069023e297cf8a60a35f56740ca582234dccb4fb1a8ca1b8f803c6,har191
format-code-task-002833,oracle:pass+nop:fail,32c1fd21adb78793344de333a89aafc43abe5ed7,/Users/petermakhnatch/Developer/eval-lab-results/2026-10-09/mimo-reference-fixes/format-code-task-002833/solution.patch,96b3accc043866e2dae5a456469ca0b44da918099925b46cd024f76726088b6e,har191
format-code-task-002851,oracle:pass+nop:fail,f585eefe312531306ffadc223aac6ff3fd8c2d66,/Users/petermakhnatch/Developer/eval-lab-results/2026-10-09/mimo-reference-fixes/format-code-task-002851/solution.patch,51f2dbba6129371259baa397e3f0566bfcd984b395c0ec96e39bc99cb7dd242a,har191
format-code-task-002856,oracle:pass+nop:fail,a35cfe0ad78a287efa324f4a24dabab9559af471,/Users/petermakhnatch/Developer/eval-lab-results/2026-10-09/mimo-reference-fixes/format-code-task-002856/solution.patch,5522759f85cf1978d48587005f75b73dfc60a14bf507c4a1773c4ee7fff271a3,har191
format-code-task-002857,oracle:pass+nop:fail,63ac621f7507d35ccdc32784ec0631437ddf0c1b,/Users/petermakhnatch/Developer/eval-lab-results/2026-10-09/mimo-reference-fixes/format-code-task-002857/solution.patch,6898e5ca026b877a27742bffb24a0bf92c948694e914ee9b0015b5e1bce355e6,har191
format-code-task-002858,oracle:pass+nop:fail,4badd91549e172890653fdd54f96a7e878bf23c9,/Users/petermakhnatch/Developer/eval-lab-results/2026-10-09/mimo-reference-fixes/format-code-task-002858/solution.patch,1c2e468768c9f28a383aede8e9951ce2ef73c817a8a62d31febc388347b6fc8c,har191
format-code-task-002859,oracle:pass+nop:fail,4774431e7f9cf8146d0e4721d8c49957696c7727,/Users/petermakhnatch/Developer/eval-lab-results/2026-10-09/mimo-reference-fixes/format-code-task-002859/solution.patch,fab62f85d96cb4594c6354432310e9bc22fd636dd5029fee8be4c7fde8eb5d56,har191
format-code-task-002862,oracle:pass+nop:fail,dcdec95f986426ae90469baca993b47ac390081b,/Users/petermakhnatch/Developer/eval-lab-results/2026-10-09/mimo-reference-fixes/format-code-task-002862/solution.patch,7ba8a48cbc6558864ca655209351cfb8c65170699eb91dc120f1d3ab62dbbe5b,har191
format-code-task-002871,oracle:pass+nop:fail,f90c5b85c2b9a10778a9e1e7a23af574e3797271,/Users/petermakhnatch/Developer/eval-lab-results/2026-10-09/mimo-reference-fixes/format-code-task-002871/solution.patch,3aebc741c5e7dc223d3359c8dbffb0c3e1e9ea0244624d7fb5f5998bdb5d1028,har191
format-code-task-002884,oracle:pass+nop:fail,ea38efdf8ed83f8183cfca74016611216969050b,/Users/petermakhnatch/Developer/eval-lab-results/2026-10-09/mimo-reference-fixes/format-code-task-002884/solution.patch,497d748c0ef5079dc23049a32c5f4f0bcb2017500aaae45b886c27405af09699,har191
format-code-task-002915,oracle:pass+nop:fail,4a4e9cc68e3e88f360658bfff653242054670967,/Users/petermakhnatch/Developer/eval-lab-results/2026-10-09/mimo-reference-fixes/format-code-task-002915/solution.patch,7a0b6c844dd1fe02ff965be5bf282431265ccbb6527814624f2e556b8a161b0c,har191
format-code-task-002939,oracle:pass+nop:fail,645cd87a461ea3d97a57dbbaba71e89552bee07b,/Users/petermakhnatch/Developer/eval-lab-results/2026-10-09/mimo-reference-fixes/format-code-task-002939/solution.patch,d016eefc7805c9caffa008567a3de2bc97e402bfe9027a9c15fad20c6c46d49c,har191
format-code-task-002940,oracle:pass+nop:fail,51f84694c732d4221eaa925a02ce519c63a83ae6,/Users/petermakhnatch/Developer/eval-lab-results/2026-10-09/mimo-reference-fixes/format-code-task-002940/solution.patch,ccbf226a22de878040a9a1815881d4c3b2e599c008069cd5398e3f012a0e9c41,har191
format-code-task-002964,oracle:pass+nop:fail,e849cb43f7eaee28b8fc17d01fc05fe6d2c26d88,/Users/petermakhnatch/Developer/eval-lab-results/2026-10-09/mimo-reference-fixes/format-code-task-002964/solution.patch,d2c81a22b8ff618f43cc89b33fa40915db432ce258087613b1579e457af78a6d,har191
format-code-task-002976,oracle:pass+nop:fail,b681e74d30c272498af5b39df0eeaad4a722de80,/Users/petermakhnatch/Developer/eval-lab-results/2026-10-09/mimo-reference-fixes/format-code-task-002976/solution.patch,9fb22e5f605ff0c34d517a37225c5e9f2c0fef7e0eaacf000da02a8a52bcb9e2,har191
format-code-task-002989,oracle:pass+nop:fail,6840e65dbb3fa3229d6fcaaa73a406b63cd94e61,/Users/petermakhnatch/Developer/eval-lab-results/2026-10-09/mimo-reference-fixes/format-code-task-002989/solution.patch,12c07091ac819ddbd0fb857436b8e04aa1c9e02ec60befdfea081fc03d1a94e0,har191
format-code-task-002994,oracle:pass+nop:fail,578fca9ce89c409259545e3ecc4c7e8649c07dc4,/Users/petermakhnatch/Developer/eval-lab-results/2026-10-09/mimo-reference-fixes/format-code-task-002994/solution.patch,00faffea0149d77038f5e5ebcc5e77413caf24f61821510197a5d338f3d04376,har191
