task_id,label,fix_commit,patch_tip,how_chosen,evidence_path,run_digest
format-code-task-000651,oracle:pass+nop:fail,444679d6d2a0901638b37a515a2e574e0214e0fc,,"S1: test-file touch; source relevance [], before-blob continuity ['tests/chainer_tests/test_variable.py'], keyword score 1.425, distance 1.",/Users/petermakhnatch/Developer/eval-lab-results/2026-10-10/mimo-ref-fixes-sweep-w3/receipts/format-code-task-000651.json,sha256:0763948829e0abb21323857d1930ecb4c1e5781bb803dd333cb3cfbb1a0b0eed
format-code-task-000652,oracle:none,,,,/Users/petermakhnatch/Developer/eval-lab-results/2026-10-10/mimo-ref-fixes-sweep-w3/receipts/format-code-task-000652.json,sha256:11343f2dd28f210eb7f3df450f4fa238f47f52b8847dc33543471b30914505b3
format-code-task-000783,oracle:pass+nop:fail,483514ece16ee4404b0abfadba795fd972212b12,5c428e5d6bc6488cc701b1294d8dd5b4ba359ca4,"S2b: 1 introducing commit(s) across divergent history; base..5c428e5d diff on feature files ['experiments/LongBench/config_example.py', 'experiments/LongBench/edu_rerank_example.py']. CAVEAT: carries all base..tip evolution of those files, possibly including unrelated refactors.",/Users/petermakhnatch/Developer/eval-lab-results/2026-10-10/mimo-ref-fixes-sweep-w3/receipts/format-code-task-000783.json,sha256:a04ef60e8e701896ceba0b7844d0ff704cd00f84797b44c658993be59154f0b2
format-code-task-000905,oracle:pass+nop:fail,49c75e5a89095e129e229fa5cdeb5c6ecbfdbaf6,,"S1: test-file touch; source relevance [], before-blob continuity ['tests/utils/test_weight.py'], keyword score 6.0, distance 1.",/Users/petermakhnatch/Developer/eval-lab-results/2026-10-10/mimo-ref-fixes-sweep-w3/receipts/format-code-task-000905.json,sha256:bf0e19c83a7e9bae92170fb481626a2276c88dd7ffe10158426a8b29795f6a26
format-code-task-001425,oracle:pass+nop:fail,db339afcca58875f5f8b1990179c8ed889a63acc,512ebfe6f849995cf83417e2cc380a016e627d95,"S2b: 22 introducing commit(s) across divergent history; base..512ebfe6 diff on feature files ['lib/stripe_lib/models.py']. CAVEAT: carries all base..tip evolution of those files, possibly including unrelated refactors.",/Users/petermakhnatch/Developer/eval-lab-results/2026-10-10/mimo-ref-fixes-sweep-w3/receipts/format-code-task-001425.json,sha256:aeb2f637325b77a88692d367f0d9daf3f095be8dfcca8af55eab6ea1e6c3e3fd
format-code-task-001647,oracle:pass+nop:fail,ef899601636b9fbbaa33a87ae76f580eb116a9c3,,"S1: test-file touch; source relevance [], before-blob continuity ['environ/test.py'], keyword score 5.5, distance 1.",/Users/petermakhnatch/Developer/eval-lab-results/2026-10-10/mimo-ref-fixes-sweep-w3/receipts/format-code-task-001647.json,sha256:e435a9443935f3397561497574b50833f709df41d56f5c0261b90e57fafdd21f
format-code-task-001868,oracle:fail,42d7e7245e84756ea716ce04d7e86d1150998049,dd571fd252fc8e6eae11b04670ab296adac455c9,"S2b: 21 introducing commit(s) across divergent history; base..dd571fd2 diff on feature files ['styles/management/__init__.py', 'styles/management/commands/__init__.py', 'styles/management/commands/load_default_names.py']. CAVEAT: carries all base..tip evolution of those files, possibly including unrelated refactors.",/Users/petermakhnatch/Developer/eval-lab-results/2026-10-10/mimo-ref-fixes-sweep-w3/receipts/format-code-task-001868.json,sha256:fdb3a93bd188511dea15f100288309f8bef6bc68dd925bbabf63d44223ac5eee
format-code-task-002104,oracle:none,,,,/Users/petermakhnatch/Developer/eval-lab-results/2026-10-10/mimo-ref-fixes-sweep-w3/receipts/format-code-task-002104.json,sha256:a23cba57908bf3800cf8bccb536cef1fb173bd7732784c3f884b2359c9b8de8c
format-code-task-002105,oracle:fail,a5f6d1980b7d0e3dd9b107e94ab329bb74c9a1b1,2b77cd1ec182d3d4937c01fe2f54f4fbac4445d1,"S2b: 35 introducing commit(s) across divergent history; base..2b77cd1e diff on feature files ['ollama/__init__.py', 'ollama/_client.py']. CAVEAT: carries all base..tip evolution of those files, possibly including unrelated refactors.",/Users/petermakhnatch/Developer/eval-lab-results/2026-10-10/mimo-ref-fixes-sweep-w3/receipts/format-code-task-002105.json,sha256:a701a7b3ae0d10b7920ff757d302ae4ee180db235a0a05b37b598f680a3ee40f
format-code-task-002139,oracle:pass+nop:fail,8e7e5719c1de79eb488732818871add3a6fc238b,f778b8bed3415234398fff240905345194f47a5e,"S2b: 24 introducing commit(s) across divergent history; base..f778b8be diff on feature files ['lib/bb/fetch2/__init__.py', 'lib/bb/fetch2/gcp.py']. CAVEAT: carries all base..tip evolution of those files, possibly including unrelated refactors.",/Users/petermakhnatch/Developer/eval-lab-results/2026-10-10/mimo-ref-fixes-sweep-w3/receipts/format-code-task-002139.json,sha256:64b31ed23eda67fe547e2ebd520acb5e65b562fe5302a529e72a3d0e29a0216f
format-code-task-002408,oracle:none,,,,/Users/petermakhnatch/Developer/eval-lab-results/2026-10-10/mimo-ref-fixes-sweep-w3/receipts/format-code-task-002408.json,sha256:5f4107d2408863284f6d58f3d9b5be1e87ce16d818da8cc27141a87c6442a3ee
format-code-task-002413,oracle:pass+nop:fail,b430c1f5cbd09eed5e8e2ef77ce2d059bcdd9a4c,,"S1: test-file touch; source relevance [], before-blob continuity ['tests/utils/test_exporter.py'], keyword score 7.695, distance 17.",/Users/petermakhnatch/Developer/eval-lab-results/2026-10-10/mimo-ref-fixes-sweep-w3/receipts/format-code-task-002413.json,sha256:70f58e60f3d9c4ec3dff6540890357e00f40c131a58c961b56e58420cadd4ebf
format-code-task-002443,oracle:fail,572dd61023b0fd484e9f17628ccbaf9f6b0016a6,7805b2cd3ffd2aa15be430d6a652955310f7f4b1,"S2b: 6 introducing commit(s) across divergent history; base..7805b2cd diff on feature files ['mypy/stubgen.py']. CAVEAT: carries all base..tip evolution of those files, possibly including unrelated refactors.",/Users/petermakhnatch/Developer/eval-lab-results/2026-10-10/mimo-ref-fixes-sweep-w3/receipts/format-code-task-002443.json,sha256:90e42e445b170d8f911bf6f42084e6de20edf6f3b79b7b6f215ac4f99e8425a8
format-code-task-002661,oracle:pass+nop:fail,fd21e37653428f475e92635fa429ac4b16631f4e,,"S1: test-file touch; source relevance [], before-blob continuity ['tests/contrib/test_google.py'], keyword score 3.1, distance 1.",/Users/petermakhnatch/Developer/eval-lab-results/2026-10-10/mimo-ref-fixes-sweep-w3/receipts/format-code-task-002661.json,sha256:7cc60d686b63d59347bd61a1157e61d370913b7e77c74cc112546946f86e5d8a
format-code-task-002718,oracle:none,,,,/Users/petermakhnatch/Developer/eval-lab-results/2026-10-10/mimo-ref-fixes-sweep-w3/receipts/format-code-task-002718.json,sha256:f0db1e179a08e9f6ac742185d25df7c70fce32be6cf28665fbe31b6b45566f68
format-code-task-002719,oracle:none,,,,/Users/petermakhnatch/Developer/eval-lab-results/2026-10-10/mimo-ref-fixes-sweep-w3/receipts/format-code-task-002719.json,sha256:81a78eb1607749a14ab0a424c7a11564e0a0bf40ac3ba643fb30eb1de1c5b87e
format-code-task-002722,oracle:fail,69624387e2ddb24f86c5c6cab1163634f2b3daa2,48fad0c5d5638d8eb081e458d3011b9faf455642,"S2b: 4 introducing commit(s) across divergent history; base..48fad0c5 diff on feature files ['constraints/rust.txt', 'pyproject.toml', 'rsqlfluff/.gitignore', 'rsqlfluff/Cargo.lock', 'rsqlfluff/Cargo.toml', 'rsqlfluff/pyproject.toml', 'rsqlfluff/requirements.txt', 'rsqlfluff/rsqlfluff.pyi', 'rsqlfluff/src/config/fluffconfig.rs', 'rsqlfluff/src/config/mod.rs', 'rsqlfluff/src/dialect/matcher.rs', 'rsqlfluff/src/dialect/mod.rs', 'rsqlfluff/src/lexer.rs', 'rsqlfluff/src/lib.rs', 'rsqlfluff/src/marker.rs', 'rsqlfluff/src/matcher.rs', 'rsqlfluff/src/slice.rs', 'rsqlfluff/src/templater/fileslice.rs', 'rsqlfluff/src/templater/mod.rs', 'rsqlfluff/src/templater/templatefile.rs', 'rsqlfluff/src/token/construction.rs', 'rsqlfluff/src/token/eq.rs', 'rsqlfluff/src/token/fix.rs', 'rsqlfluff/src/token/fmt.rs', 'rsqlfluff/src/token/mod.rs', 'rsqlfluff/src/token/path.rs', 'rsqlfluff/src/token/python.rs', 'rsqlfluff/utils/build.sh', 'rsqlfluff/utils/build_lexers.py', 'sqlfluffrs/examples/parse_fixture.rs', 'src/sqlfluff/core/parser/lexer.py', 'src/sqlfluff/core/parser/segments/base.py', 'src/sqlfluff/core/parser/segments/keyword.py', 'src/sqlfluff/core/parser/segments/meta.py', 'src/sqlfluff/core/parser/segments/raw.py']. CAVEAT: carries all base..tip evolution of those files, possibly including unrelated refactors.",/Users/petermakhnatch/Developer/eval-lab-results/2026-10-10/mimo-ref-fixes-sweep-w3/receipts/format-code-task-002722.json,sha256:858039d7bc9833c18befe110b7ac6c29833fb82720f8b9296e0c28d2d8e47cad
format-code-task-002723,oracle:none,,,,/Users/petermakhnatch/Developer/eval-lab-results/2026-10-10/mimo-ref-fixes-sweep-w3/receipts/format-code-task-002723.json,sha256:4eaf2ffa5850ff8d7fbcbf9e1497de4fc3dcb9775eb768d0b68d4716847592f3
format-code-task-002724,oracle:none,,,,/Users/petermakhnatch/Developer/eval-lab-results/2026-10-10/mimo-ref-fixes-sweep-w3/receipts/format-code-task-002724.json,sha256:49e5d4ed41cb686def10e6dd83db1c98f4dab365a732ea31098ef9fde5176633
format-code-task-002725,oracle:none,,,,/Users/petermakhnatch/Developer/eval-lab-results/2026-10-10/mimo-ref-fixes-sweep-w3/receipts/format-code-task-002725.json,sha256:bf4d11b45dbb331d87c49192b7e72562cade0669be24bc6d625e067f56bc3234
format-code-task-002726,oracle:pass+nop:fail,9c9861f55fd796f6794ed166230430de7fa08bab,,"S2a: pickaxe identifier 'conflict' converges on 9c9861f5 '`ON CONFLICT` indentation for Postgres (#6660)' (descendant, distance 35); own-diff applies on base.",/Users/petermakhnatch/Developer/eval-lab-results/2026-10-10/mimo-ref-fixes-sweep-w3/receipts/format-code-task-002726.json,sha256:c206f4383f2f6c3aed2354366ec5ef3b7858894e57c77a5bfeaaa5dd344b1b7a
format-code-task-002727,oracle:none,,,,/Users/petermakhnatch/Developer/eval-lab-results/2026-10-10/mimo-ref-fixes-sweep-w3/receipts/format-code-task-002727.json,sha256:040eb9808b0ff1fff04dc4eec8b6eed89c7cc273a472ea2c1605bdbba9f70a9e
format-code-task-002867,oracle:pass+nop:fail,6068324154965bff976222bb6cd197b7a33f1fc9,074141c2c7389781c25888b5eefdbdd48684d19d,"S2b: 46 introducing commit(s) across divergent history; base..074141c2 diff on feature files ['kubernetes_asyncio/config/__init__.py', 'kubernetes_asyncio/config/google_auth.py', 'kubernetes_asyncio/config/kube_config.py', 'kubernetes_asyncio/config/openid.py']. CAVEAT: carries all base..tip evolution of those files, possibly including unrelated refactors.",/Users/petermakhnatch/Developer/eval-lab-results/2026-10-10/mimo-ref-fixes-sweep-w3/receipts/format-code-task-002867.json,sha256:c7b2e12d6d8265c5d02da06f69435aa0abf7e980c74f78f91af179f97712a980
format-code-task-002974,oracle:fail,8da880558076e8fbcd2405f840b82fd12fd7b131,,"S1: test-file touch; source relevance [], before-blob continuity ['tests/parser/syntax/test_return_tuple.py'], keyword score 0, distance 74.",/Users/petermakhnatch/Developer/eval-lab-results/2026-10-10/mimo-ref-fixes-sweep-w3/receipts/format-code-task-002974.json,sha256:617c20ca349acd785b6749cfb9a67263bfe222bd7baf8f2d70a5aa75536c0bd2
