source,arm,task,job,trial,reward,n_calls,nudge_call,detector,stop_call,broke_at_call,input_tokens_saved,pass_earned_at_call,late_pass,late_pass_verdict
HAR-110,seed-addendum-v1,000226,gepa-terminus-2-format-code-task-000-9089903b46c8c3c7410657ba,gepa-terminus-2-format-code-task__cNYdqfo,1.0,117,,,,,,,,
HAR-110,seed-addendum,000383,gepa-terminus-2-format-code-task-000-9862796a5e5624e818ab5f04,gepa-terminus-2-format-code-task__bo5YsYL,0.0,91,27,normalized_command_run,32,,1905500,,,
HAR-110,seed-addendum,001832,gepa-terminus-2-format-code-task-001-c074cb87ddff7e1368343d33,gepa-terminus-2-format-code-task__CFCbfps,1.0,96,,,,,,,,
HAR-110,gepa-candidate,001896,gepa-terminus-2-format-code-task-001-d1471e1b2701d6d1765ff1df,gepa-terminus-2-format-code-task__7RJJeFg,0.0,75,44,normalized_command_run,49,,1067807,,,
HAR-110,seed-addendum,001896,gepa-terminus-2-format-code-task-001-f1d48fcf652ab5d801068db1,gepa-terminus-2-format-code-task__XuSksWC,0.0,97,,,,,,,,
HAR-110,seed-addendum-v1,002259,gepa-terminus-2-format-code-task-002-12c6d0cae5191408009f5181,gepa-terminus-2-format-code-task__qHjKdvw,0.0,75,,,,,,,,
HAR-110,seed-addendum,002256,gepa-terminus-2-format-code-task-002-2700aa59352626e20aff4ed8,gepa-terminus-2-format-code-task__X2dMzMw,0.0,120,,,,,,,,
HAR-110,seed-addendum,002391,gepa-terminus-2-format-code-task-002-a951229932dc90303c90215d,gepa-terminus-2-format-code-task__8FqvKUU,0.0,87,45,normalized_command_run,50,,1375216,,,
HAR-110,seed-addendum-v1,002407,gepa-terminus-2-format-code-task-002-df7dfd07ef80225115d97bb1,gepa-terminus-2-format-code-task__Y8fE5ft,0.0,77,,,,,,,,
HAR-110,seed-addendum,002864,gepa-terminus-2-format-code-task-002-f785358f50e70ab387a1ba6c,gepa-terminus-2-format-code-task__Ey8Vxsr,0.0,28,,,,,,,,
HAR-110,gepa-candidate,000495,har110-000495-gepa,har110-000495-gepa__eEzm4kr,0.0,88,78,normalized_command_run,83,,245872,,,
HAR-110,plain-heldout,000495,har110-000495-plain,har110-000495-plain__mDTBFAW,0.0,96,48,normalized_command_run,53,,1055041,,,
HAR-110,seed-addendum,000495,har110-000495-seed,har110-000495-seed__dimG2yD,0.0,91,87,normalized_command_run,,88,,,,
HAR-110,gepa-candidate,000587,har110-000587-gepa,har110-000587-gepa__SciJPNn,0.0,118,16,identical_message_run,21,,2164943,,,
HAR-110,plain-heldout,000587,har110-000587-plain,har110-000587-plain__5NNxU35,0.0,86,68,normalized_command_run,,72,,,,
HAR-110,seed-addendum,000587,har110-000587-seed,har110-000587-seed__perD9bE,0.0,117,29,identical_message_run,34,,1941868,,,
HAR-110,gepa-candidate,001161,har110-001161-gepa,har110-001161-gepa__kLkGSnR,0.0,107,10,normalized_command_run,,11,,,,
HAR-110,plain-heldout,001161,har110-001161-plain,har110-001161-plain__RZ8qyUu,0.0,83,,,,,,,,
HAR-110,seed-addendum,001161,har110-001161-seed,har110-001161-seed__jj2vEqJ,0.0,90,39,normalized_command_run,44,,1684754,,,
HAR-110,gepa-candidate,001181,har110-001181-gepa,har110-001181-gepa__i4RTJT9,0.0,120,18,identical_message_run,23,,1745709,,,
HAR-110,plain-heldout,001181,har110-001181-plain,har110-001181-plain__AnjbfwU,0.0,84,66,identical_message_run,,67,,,,
HAR-110,seed-addendum,001181,har110-001181-seed,har110-001181-seed__Q3rr6S4,0.0,70,63,normalized_command_run,68,,99003,,,
HAR-110,gepa-candidate,000383,har110-dev-000383-cfe31418,har110-dev-000383-cfe31418__L7nGNNi,0.0,92,33,normalized_command_run,38,,1761696,,,
HAR-110,gepa-candidate,001832,har110-dev-001832-cfe31418,har110-dev-001832-cfe31418__DbqpN36,0.0,87,,,,,,,,
HAR-110,gepa-candidate,002256,har110-dev-002256-cfe31418,har110-dev-002256-cfe31418__uDRp4Vb,,54,17,normalized_command_run,22,,168784,,,
HAR-110,gepa-candidate,002391,har110-dev-002391-cfe31418,har110-dev-002391-cfe31418__MvXkrso,0.0,78,67,identical_message_run,,68,,,,
HAR-110,gepa-candidate,002864,har110-dev-002864-cfe31418,har110-dev-002864-cfe31418__g7pfCqC,1.0,12,,,,,,,,
HAR-110,aborted-v1-seed,002407,gepa-terminus-2-format-code-task-002-df7dfd07ef80225115d97bb1,gepa-terminus-2-format-code-task__rkLmWuE,0.0,82,29,normalized_command_run,34,,1485345,,,
HAR-104,plain-dev,000226,har104-d-000226,har104-d-000226__JCDfZFi,1.0,120,27,normalized_command_run,32,,1632632,,,
HAR-104,plain-dev,000383,har104-d-000383,har104-d-000383__PmZMZ6z,0.0,67,,,,,,,,
HAR-104,plain-dev,000927,har104-d-000927,har104-d-000927__23aAzui,1.0,40,,,,,,,,
HAR-104,plain-dev,001832,har104-d-001832,har104-d-001832__d7Hop8E,0.0,97,,,,,,,,
HAR-104,plain-dev,001896,har104-d-001896,har104-d-001896__MDkTErY,0.0,41,41,identical_message_run,,,,,,
HAR-104,plain-dev,002256,har104-d-002256,har104-d-002256__RDffvXQ,0.0,120,,,,,,,,
HAR-104,plain-dev,002259,har104-d-002259,har104-d-002259__cptLF6h,0.0,89,,,,,,,,
HAR-104,plain-dev,002391,har104-d-002391,har104-d-002391__WxBjcjX,1.0,102,19,normalized_command_run,24,,2097574,8,har104-002391,kept
HAR-104,plain-dev,002407,har104-d-002407,har104-d-002407__LRiiKmy,0.0,83,,,,,,,,
HAR-104,plain-dev,002864,har104-d-002864,har104-d-002864__B7cJ4cG,1.0,101,36,identical_message_run,41,,1901490,,,
HAR-81,p-d-arvo,arvo_18737,har81-p-d-arvo-18737,har81-p-d-arvo-18737__8bHpbg3,0.0,18,,,,,,,,
HAR-81,p-d-arvo,arvo_41330,har81-p-d-arvo-41330,har81-p-d-arvo-41330__Zi79ug4,0.0,101,73,normalized_command_run,,77,,,,
HAR-81,p-d-arvo,arvo_42485576,har81-p-d-arvo-42485576,har81-p-d-arvo-42485576__dsgmV5c,0.0,94,,,,,,,,
HAR-81,p-d-arvo,arvo_42496599,har81-p-d-arvo-42496599,har81-p-d-arvo-42496599__GkwMiLe,0.0,117,23,normalized_command_run,28,,2109033,,,
HAR-81,p-d-arvo,arvo_42514310,har81-p-d-arvo-42514310,har81-p-d-arvo-42514310__BGTEMs2,0.0,80,16,normalized_command_run,,19,,,,
HAR-81,p-d-arvo,arvo_42528228,har81-p-d-arvo-42528228,har81-p-d-arvo-42528228__8WpUvat,0.0,79,35,normalized_command_run,,37,,,,
HAR-81,p-d-candidate,candidate-1271-media-games,har81-p-d-candidate-1271-media-games,har81-p-d-candidate-1271-media-g__grehkae,0.0,93,39,normalized_command_run,44,,1581181,,,
HAR-81,p-d-candidate,candidate-1559-ml-evaluation,har81-p-d-candidate-1559-ml-evaluation,har81-p-d-candidate-1559-ml-eval__bqBv49S,1.0,8,,,,,,,,
HAR-81,p-d-candidate,candidate-1634-software-databases,har81-p-d-candidate-1634-software-databases,har81-p-d-candidate-1634-softwar__PaSTYBj,0.0,41,,,,,,,,
HAR-81,p-d-candidate,candidate-1702-ml-inference,har81-p-d-candidate-1702-ml-inference,har81-p-d-candidate-1702-ml-infe__izs4jgG,0.0,95,43,normalized_command_run,48,,1473305,,,
HAR-81,p-d-candidate,candidate-1789-security-appsec,har81-p-d-candidate-1789-security-appsec,har81-p-d-candidate-1789-securit__Nhf2HdJ,0.0,23,,,,,,,,
HAR-81,p-d-candidate,candidate-2684-security-appsec,har81-p-d-candidate-2684-security-appsec,har81-p-d-candidate-2684-securit__uwoAzn7,1.0,84,46,identical_message_run,51,,985780,78,har81-2684,cut
HAR-81,p-d-format,format-code-task-000240,har81-p-d-format-code-task-000240,har81-p-d-format-code-task-00024__9KYGvwT,1.0,20,,,,,,,,
HAR-81,p-d-format,format-code-task-000434,har81-p-d-format-code-task-000434,har81-p-d-format-code-task-00043__iT2yUa7,0.0,103,37,normalized_command_run,42,,1778258,,,
HAR-81,p-d-format,format-code-task-001520,har81-p-d-format-code-task-001520,har81-p-d-format-code-task-00152__P9EP83h,0.0,90,73,normalized_command_run,,74,,,,
HAR-81,p-d-format,format-code-task-001645,har81-p-d-format-code-task-001645,har81-p-d-format-code-task-00164__bMN27md,0.0,99,37,normalized_command_run,42,,1811952,,,
HAR-81,p-d-format,format-code-task-002537,har81-p-d-format-code-task-002537,har81-p-d-format-code-task-00253__7xmXPRq,0.0,77,13,normalized_command_run,,14,,,,
HAR-81,l-d-a2,arvo_18737,har81-l-d-a2-arvo-18737,har81-l-d-a2-arvo-18737__2kbVhKB,0.0,117,26,normalized_command_run,31,,2021301,,,
HAR-81,l-d-a2,arvo_42485576,har81-l-d-a2-arvo-42485576,har81-l-d-a2-arvo-42485576__YQ3rQ7R,1.0,35,,,,,,,,
HAR-81,l-d-a2,arvo_42496599,har81-l-d-a2-arvo-42496599,har81-l-d-a2-arvo-42496599__rzayj9j,0.0,90,35,identical_message_run,40,,1674350,,,
HAR-81,l-d-a2,candidate-1271-media-games,har81-l-d-a2-candidate-1271-media-games,har81-l-d-a2-candidate-1271-medi__2tAyTq3,1.0,95,41,normalized_command_run,46,,1229445,91,har81-1271,cut
HAR-81,l-d-a2,candidate-1634-software-databases,har81-l-d-a2-candidate-1634-software-databases,har81-l-d-a2-candidate-1634-soft__B8Jt3cw,0.0,63,,,,,,,,
HAR-81,l-d-a2,candidate-1789-security-appsec,har81-l-d-a2-candidate-1789-security-appsec,har81-l-d-a2-candidate-1789-secu__4kHk8vj,0.0,44,,,,,,,,
HAR-81,l-d-a2,format-code-task-000240,har81-l-d-a2-format-code-task-000240,har81-l-d-a2-format-code-task-00__NGhDDRU,0.0,89,24,normalized_command_run,29,,1973123,,,
HAR-81,l-d-a2,format-code-task-001520,har81-l-d-a2-format-code-task-001520,har81-l-d-a2-format-code-task-00__6TqzNQw,1.0,95,23,normalized_command_run,28,,2019246,,,
HAR-81,l-d-a3,arvo_18737,har81-l-d-a3-arvo-18737,har81-l-d-a3-arvo-18737__FygpNSe,1.0,79,59,normalized_command_run,64,,669258,,,
HAR-81,l-d-a3,arvo_42485576,har81-l-d-a3-arvo-42485576,har81-l-d-a3-arvo-42485576__MNqUNYv,0.0,79,9,normalized_command_run,14,,2220430,,,
HAR-81,l-d-a3,arvo_42496599,har81-l-d-a3-arvo-42496599,har81-l-d-a3-arvo-42496599__RC4jf7K,0.0,93,36,normalized_command_run,,37,,,,
HAR-81,l-d-a3,candidate-1271-media-games,har81-l-d-a3-candidate-1271-media-games,har81-l-d-a3-candidate-1271-medi__xn4sAug,1.0,64,,,,,,,,
HAR-81,l-d-a3,candidate-1634-software-databases,har81-l-d-a3-candidate-1634-software-databases,har81-l-d-a3-candidate-1634-soft__rfQaHJx,0.0,76,60,normalized_command_run,65,,503459,,,
HAR-81,l-d-a3,candidate-1789-security-appsec,har81-l-d-a3-candidate-1789-security-appsec,har81-l-d-a3-candidate-1789-secu__WacRiXN,0.0,115,28,normalized_command_run,33,,2040734,,,
HAR-81,l-d-a3,format-code-task-000240,har81-l-d-a3-format-code-task-000240,har81-l-d-a3-format-code-task-00__ZsTxf68,0.0,105,40,normalized_command_run,45,,1709370,,,
HAR-81,l-d-a3,format-code-task-001520,har81-l-d-a3-format-code-task-001520,har81-l-d-a3-format-code-task-00__BrJZfvJ,0.0,110,21,normalized_command_run,26,,2068542,,,
HAR-81,l-d-a4,arvo_18737,har81-l-d-a4-arvo-18737,har81-l-d-a4-arvo-18737__P3YLKKe,0.0,96,56,normalized_command_run,61,,1272915,,,
HAR-81,l-d-a4,arvo_42485576,har81-l-d-a4-arvo-42485576,har81-l-d-a4-arvo-42485576__AAB9BeL,0.0,88,12,normalized_command_run,,15,,,,
HAR-81,l-d-a4,arvo_42496599,har81-l-d-a4-arvo-42496599,har81-l-d-a4-arvo-42496599__XC6B4Ue,0.0,97,37,normalized_command_run,42,,1527365,,,
HAR-81,l-d-a4,candidate-1271-media-games,har81-l-d-a4-candidate-1271-media-games,har81-l-d-a4-candidate-1271-medi__wCBkiuG,0.0,88,43,normalized_command_run,48,,1482924,,,
HAR-81,l-d-a4,candidate-1634-software-databases,har81-l-d-a4-candidate-1634-software-databases,har81-l-d-a4-candidate-1634-soft__TJN8GB5,0.0,47,,,,,,,,
HAR-81,l-d-a4,candidate-1789-security-appsec,har81-l-d-a4-candidate-1789-security-appsec,har81-l-d-a4-candidate-1789-secu__VfC7WMo,0.0,83,68,normalized_command_run,73,,485127,,,
HAR-81,l-d-a4,format-code-task-000240,har81-l-d-a4-format-code-task-000240,har81-l-d-a4-format-code-task-00__2JNXcHz,0.0,72,19,normalized_command_run,24,,185664,,,
HAR-81,l-d-a4,format-code-task-001520,har81-l-d-a4-format-code-task-001520,har81-l-d-a4-format-code-task-00__ZmQBZYW,0.0,117,77,normalized_command_run,82,,516845,,,
HAR-81,p-d-arvo,arvo_57589,har81-p-d-arvo-57589,har81-p-d-arvo-57589__xvqMDKd,0.0,91,36,normalized_command_run,41,,1675775,,,
HAR-81,p-d-candidate,candidate-1048-operations-virtualization,har81-p-d-candidate-1048-operations-virtualization,har81-p-d-candidate-1048-operati__Rh9y42B,0.0,90,19,normalized_command_run,,21,,,,
HAR-81,p-d-format,format-code-task-003011,har81-p-d-format-code-task-003011,har81-p-d-format-code-task-00301__4KvLSba,0.0,73,,,,,,,,
