source,arm,task,trial,reward,n_agent_steps,live_confirmed,first_prompt_step,turns_after_prompt,last_edit_step,literal_step,literal_saved,literal_recovered,literal_pass,a1_step,a1_saved,a1_pass,a3_step,a3_saved,a3_pass
HAR-110,seed-addendum-v1,000226,gepa-terminus-2-format-code-task__cNYdqfo,1.0,117,False,16,102,10,,,False,,16,2294871,kept,,,
HAR-110,seed-addendum,000383,gepa-terminus-2-format-code-task__bo5YsYL,0.0,91,False,,0,,,,False,,,,,,,
HAR-110,seed-addendum,001832,gepa-terminus-2-format-code-task__CFCbfps,1.0,96,False,87,12,51,,,False,,87,179525,kept,,,
HAR-110,gepa-candidate,001896,gepa-terminus-2-format-code-task__7RJJeFg,0.0,75,False,37,39,30,,,False,,37,1553753,,,,
HAR-110,seed-addendum,001896,gepa-terminus-2-format-code-task__XuSksWC,0.0,97,False,,0,100,,,False,,,,,,,
HAR-110,seed-addendum-v1,002259,gepa-terminus-2-format-code-task__qHjKdvw,0.0,75,False,,0,,,,False,,,,,,,
HAR-110,seed-addendum,002256,gepa-terminus-2-format-code-task__X2dMzMw,0.0,120,False,11,110,8,,,False,,11,1278950,,,,
HAR-110,seed-addendum,002391,gepa-terminus-2-format-code-task__8FqvKUU,0.0,87,False,36,52,32,,,False,,36,1815415,,,,
HAR-110,seed-addendum-v1,002407,gepa-terminus-2-format-code-task__Y8fE5ft,0.0,77,False,,0,78,,,False,,,,,,,
HAR-110,seed-addendum,002864,gepa-terminus-2-format-code-task__Ey8Vxsr,0.0,28,True,28,1,22,29,0,False,,28,16316,,,,
HAR-110,gepa-candidate,000495,har110-000495-gepa__eEzm4kr,0.0,88,False,,0,,,,False,,,,,,,
HAR-110,plain-heldout,000495,har110-000495-plain__mDTBFAW,0.0,96,False,,0,84,,,False,,,,,,,
HAR-110,seed-addendum,000495,har110-000495-seed__dimG2yD,0.0,91,False,,0,,,,False,,,,,,,
HAR-110,gepa-candidate,000587,har110-000587-gepa__SciJPNn,0.0,118,False,,0,,,,False,,,,,,,
HAR-110,plain-heldout,000587,har110-000587-plain__5NNxU35,0.0,86,False,,0,18,,,False,,,,,,,
HAR-110,seed-addendum,000587,har110-000587-seed__perD9bE,0.0,117,False,,0,,,,False,,,,,,,
HAR-110,gepa-candidate,001161,har110-001161-gepa__kLkGSnR,0.0,107,False,,0,48,,,False,,,,,,,
HAR-110,plain-heldout,001161,har110-001161-plain__RZ8qyUu,0.0,83,False,,0,84,,,False,,,,,,,
HAR-110,seed-addendum,001161,har110-001161-seed__jj2vEqJ,0.0,90,False,,0,35,,,False,,,,,,,
HAR-110,gepa-candidate,001181,har110-001181-gepa__i4RTJT9,0.0,120,False,,0,,,,False,,,,,,,
HAR-110,plain-heldout,001181,har110-001181-plain__AnjbfwU,0.0,84,False,,0,26,,,False,,,,,,,
HAR-110,seed-addendum,001181,har110-001181-seed__Q3rr6S4,0.0,70,False,,0,50,,,False,,,,,,,
HAR-110,gepa-candidate,000383,har110-dev-000383-cfe31418__L7nGNNi,0.0,92,False,,0,,,,False,,,,,,,
HAR-110,gepa-candidate,001832,har110-dev-001832-cfe31418__DbqpN36,0.0,87,False,,0,83,,,False,,,,,,,
HAR-110,gepa-candidate,002256,har110-dev-002256-cfe31418__uDRp4Vb,,54,False,,0,4,,,False,,,,,,,
HAR-110,gepa-candidate,002391,har110-dev-002391-cfe31418__MvXkrso,0.0,78,False,,0,46,,,False,,,,,,,
HAR-110,gepa-candidate,002864,har110-dev-002864-cfe31418__g7pfCqC,1.0,12,True,12,1,6,13,0,False,kept,12,9710,kept,,,
HAR-110,aborted-v1-seed,002407,gepa-terminus-2-format-code-task__rkLmWuE,0.0,82,False,,0,82,,,False,,,,,,,
HAR-104,plain-dev,000226,har104-d-000226__JCDfZFi,1.0,120,False,14,107,12,,,False,,14,1883589,kept,,,
HAR-104,plain-dev,000383,har104-d-000383__PmZMZ6z,0.0,67,True,30,38,22,,,False,,30,1735993,,,,
HAR-104,plain-dev,000927,har104-d-000927__23aAzui,1.0,40,True,36,5,29,41,0,False,kept,36,173818,kept,,,
HAR-104,plain-dev,001832,har104-d-001832__d7Hop8E,0.0,97,False,,0,54,,,False,,,,,,,
HAR-104,plain-dev,001896,har104-d-001896__MDkTErY,0.0,41,True,30,12,31,42,0,False,,30,464446,,,,
HAR-104,plain-dev,002256,har104-d-002256__RDffvXQ,0.0,120,False,,0,3,,,False,,,,,,,
HAR-104,plain-dev,002259,har104-d-002259__cptLF6h,0.0,89,False,,0,,,,False,,,,,,,
HAR-104,plain-dev,002391,har104-d-002391__WxBjcjX,1.0,102,False,81,22,9,,,False,,81,912816,kept,,,
HAR-104,plain-dev,002407,har104-d-002407__LRiiKmy,0.0,83,False,,0,86,,,False,,,,,,,
HAR-104,plain-dev,002864,har104-d-002864__B7cJ4cG,1.0,101,False,20,82,13,,,False,,20,2250240,kept,,,
HAR-81,p-d-arvo,arvo_18737,har81-p-d-arvo-18737__8bHpbg3,0.0,18,True,18,1,10,19,0,False,,18,14869,,,,
HAR-81,p-d-arvo,arvo_41330,har81-p-d-arvo-41330__Zi79ug4,0.0,102,False,,0,,,,False,,,,,,,
HAR-81,p-d-arvo,arvo_42485576,har81-p-d-arvo-42485576__dsgmV5c,0.0,95,False,,0,,,,False,,,,,,,
HAR-81,p-d-arvo,arvo_42496599,har81-p-d-arvo-42496599__GkwMiLe,0.0,117,False,,0,13,,,False,,,,,,,
HAR-81,p-d-arvo,arvo_42514310,har81-p-d-arvo-42514310__BGTEMs2,0.0,80,False,,0,26,,,False,,,,,,,
HAR-81,p-d-arvo,arvo_42528228,har81-p-d-arvo-42528228__8WpUvat,0.0,80,False,,0,,,,False,,,,,,,
HAR-81,p-d-candidate,candidate-1271-media-games,har81-p-d-candidate-1271-media-g__grehkae,0.0,93,False,,0,,,,False,,,,,,,
HAR-81,p-d-candidate,candidate-1559-ml-evaluation,har81-p-d-candidate-1559-ml-eval__bqBv49S,1.0,8,True,8,1,4,9,0,False,kept,8,8017,kept,,,
HAR-81,p-d-candidate,candidate-1634-software-databases,har81-p-d-candidate-1634-softwar__PaSTYBj,0.0,41,True,39,3,33,42,0,False,,39,67300,,,,
HAR-81,p-d-candidate,candidate-1702-ml-inference,har81-p-d-candidate-1702-ml-infe__izs4jgG,0.0,95,False,30,66,23,,,False,,30,1951232,,34,1856011,
HAR-81,p-d-candidate,candidate-1789-security-appsec,har81-p-d-candidate-1789-securit__Nhf2HdJ,0.0,23,False,,0,17,,,False,,,,,,,
HAR-81,p-d-candidate,candidate-2684-security-appsec,har81-p-d-candidate-2684-securit__uwoAzn7,1.0,85,False,19,1,14,,,False,,19,13211,kept,,,
HAR-81,p-d-format,format-code-task-000240,har81-p-d-format-code-task-00024__9KYGvwT,1.0,20,True,20,1,12,21,0,False,kept,20,13835,kept,,,
HAR-81,p-d-format,format-code-task-000434,har81-p-d-format-code-task-00043__iT2yUa7,0.0,103,False,31,73,18,,,False,,31,2036424,,,,
HAR-81,p-d-format,format-code-task-001520,har81-p-d-format-code-task-00152__P9EP83h,0.0,91,False,35,16,24,,,False,,35,510926,,,,
HAR-81,p-d-format,format-code-task-001645,har81-p-d-format-code-task-00164__bMN27md,0.0,99,False,,0,,,,False,,,,,,,
HAR-81,p-d-format,format-code-task-002537,har81-p-d-format-code-task-00253__7xmXPRq,0.0,77,False,,0,,,,False,,,,,,,
HAR-81,l-d-a2,arvo_18737,har81-l-d-a2-arvo-18737__2kbVhKB,0.0,117,False,22,96,11,,,False,,22,2184247,,20,2214197,
HAR-81,l-d-a2,arvo_42485576,har81-l-d-a2-arvo-42485576__YQ3rQ7R,1.0,35,True,35,1,28,36,0,False,kept,35,51487,kept,,,
HAR-81,l-d-a2,arvo_42496599,har81-l-d-a2-arvo-42496599__rzayj9j,0.0,90,False,,0,12,,,False,,,,,,,
HAR-81,l-d-a2,candidate-1271-media-games,har81-l-d-a2-candidate-1271-medi__2tAyTq3,1.0,96,False,32,8,36,,,False,,32,199205,lost,,,
HAR-81,l-d-a2,candidate-1634-software-databases,har81-l-d-a2-candidate-1634-soft__B8Jt3cw,0.0,63,True,38,26,34,64,0,False,,38,670076,,45,504926,
HAR-81,l-d-a2,candidate-1789-security-appsec,har81-l-d-a2-candidate-1789-secu__4kHk8vj,0.0,44,True,45,0,44,,,False,,45,0,,,,
HAR-81,l-d-a2,format-code-task-000240,har81-l-d-a2-format-code-task-00__NGhDDRU,0.0,89,False,16,74,10,,,False,,16,2209054,,18,2179679,
HAR-81,l-d-a2,format-code-task-001520,har81-l-d-a2-format-code-task-00__6TqzNQw,1.0,95,False,12,84,8,,,False,,12,2285966,kept,14,2258261,kept
HAR-81,l-d-a3,arvo_18737,har81-l-d-a3-arvo-18737__FygpNSe,1.0,79,False,37,43,34,,,False,,37,1804168,kept,44,1535000,kept
HAR-81,l-d-a3,arvo_42485576,har81-l-d-a3-arvo-42485576__MNqUNYv,0.0,79,False,,0,,,,False,,,,,,,
HAR-81,l-d-a3,arvo_42496599,har81-l-d-a3-arvo-42496599__RC4jf7K,0.0,94,False,,0,,,,False,,,,,,,
HAR-81,l-d-a3,candidate-1271-media-games,har81-l-d-a3-candidate-1271-medi__xn4sAug,1.0,64,True,54,11,63,65,0,False,kept,54,396751,lost,,,
HAR-81,l-d-a3,candidate-1634-software-databases,har81-l-d-a3-candidate-1634-soft__rfQaHJx,0.0,76,False,51,26,33,,,False,,51,1146106,,57,896034,
HAR-81,l-d-a3,candidate-1789-security-appsec,har81-l-d-a3-candidate-1789-secu__WacRiXN,0.0,115,False,,0,16,,,False,,,,,,,
HAR-81,l-d-a3,format-code-task-000240,har81-l-d-a3-format-code-task-00__ZsTxf68,0.0,105,False,35,71,23,,,False,,35,1963115,,38,1896076,
HAR-81,l-d-a3,format-code-task-001520,har81-l-d-a3-format-code-task-00__BrJZfvJ,0.0,110,False,12,99,10,,,False,,12,2323097,,13,2309388,
HAR-81,l-d-a4,arvo_18737,har81-l-d-a4-arvo-18737__P3YLKKe,0.0,96,False,,0,,,,False,,,,,,,
HAR-81,l-d-a4,arvo_42485576,har81-l-d-a4-arvo-42485576__AAB9BeL,0.0,89,False,,0,34,,,False,,,,,,,
HAR-81,l-d-a4,arvo_42496599,har81-l-d-a4-arvo-42496599__XC6B4Ue,0.0,98,False,,0,,,,False,,,,,,,
HAR-81,l-d-a4,candidate-1271-media-games,har81-l-d-a4-candidate-1271-medi__wCBkiuG,0.0,88,False,,0,,,,False,,,,,,,
HAR-81,l-d-a4,candidate-1634-software-databases,har81-l-d-a4-candidate-1634-soft__TJN8GB5,0.0,47,False,21,27,47,,,False,,21,721072,,,,
HAR-81,l-d-a4,candidate-1789-security-appsec,har81-l-d-a4-candidate-1789-secu__VfC7WMo,0.0,83,False,65,19,28,,,False,,65,885229,,,,
HAR-81,l-d-a4,format-code-task-000240,har81-l-d-a4-format-code-task-00__2JNXcHz,0.0,72,False,,0,,,,False,,,,,,,
HAR-81,l-d-a4,format-code-task-001520,har81-l-d-a4-format-code-task-00__ZmQBZYW,0.0,118,False,,0,17,,,False,,,,,,,
HAR-81,p-d-arvo,arvo_57589,har81-p-d-arvo-57589__xvqMDKd,0.0,91,False,,0,,,,False,,,,,,,
HAR-81,p-d-candidate,candidate-1048-operations-virtualization,har81-p-d-candidate-1048-operati__Rh9y42B,0.0,90,False,,0,,,,False,,,,,,,
HAR-81,p-d-format,format-code-task-003011,har81-p-d-format-code-task-00301__4KvLSba,0.0,73,False,,0,47,,,False,,,,,,,
