ts,concurrent_trials
2026-10-01T08:01:59.280155+00:00,1
2026-10-01T08:02:59.280155+00:00,19
2026-10-01T08:03:59.280155+00:00,19
2026-10-01T08:04:59.280155+00:00,18
2026-10-01T08:05:59.280155+00:00,17
2026-10-01T08:06:59.280155+00:00,16
2026-10-01T08:07:59.280155+00:00,16
2026-10-01T08:08:59.280155+00:00,16
2026-10-01T08:09:59.280155+00:00,14
2026-10-01T08:10:59.280155+00:00,12
2026-10-01T08:11:59.280155+00:00,11
2026-10-01T08:12:59.280155+00:00,9
2026-10-01T08:13:59.280155+00:00,8
2026-10-01T08:14:59.280155+00:00,8
2026-10-01T08:15:59.280155+00:00,6
2026-10-01T08:16:59.280155+00:00,6
2026-10-01T08:17:59.280155+00:00,6
2026-10-01T08:18:59.280155+00:00,4
2026-10-01T08:19:59.280155+00:00,4
2026-10-01T08:20:59.280155+00:00,2
2026-10-01T08:21:59.280155+00:00,2
2026-10-01T08:22:59.280155+00:00,2
2026-10-01T08:23:59.280155+00:00,2
2026-10-01T08:24:59.280155+00:00,2
2026-10-01T08:25:59.280155+00:00,2
2026-10-01T08:26:59.280155+00:00,2
2026-10-01T08:27:59.280155+00:00,2
2026-10-01T08:28:59.280155+00:00,2
2026-10-01T08:29:59.280155+00:00,2
2026-10-01T08:30:59.280155+00:00,2
2026-10-01T08:31:59.280155+00:00,2
2026-10-01T08:32:59.280155+00:00,2
2026-10-01T08:33:59.280155+00:00,2
2026-10-01T08:34:59.280155+00:00,1
2026-10-01T08:35:59.280155+00:00,1
2026-10-01T08:36:59.280155+00:00,1
2026-10-01T08:37:59.280155+00:00,1
2026-10-01T08:38:59.280155+00:00,1
2026-10-01T08:39:59.280155+00:00,1
2026-10-01T08:40:59.280155+00:00,1
2026-10-01T08:41:59.280155+00:00,1
2026-10-01T08:42:59.280155+00:00,1
2026-10-01T08:43:59.280155+00:00,1
2026-10-01T08:44:59.280155+00:00,1
2026-10-01T08:45:59.280155+00:00,1
2026-10-01T08:46:59.280155+00:00,1
2026-10-01T08:47:59.280155+00:00,1
2026-10-01T08:48:59.280155+00:00,1
2026-10-01T08:49:59.280155+00:00,1
2026-10-01T08:50:59.280155+00:00,1
2026-10-01T08:51:59.280155+00:00,1
2026-10-01T08:52:59.280155+00:00,1
2026-10-01T08:53:59.280155+00:00,1
2026-10-01T08:54:59.280155+00:00,1
2026-10-01T08:55:59.280155+00:00,1
2026-10-01T08:56:59.280155+00:00,1
2026-10-01T08:57:59.280155+00:00,1
2026-10-01T08:58:59.280155+00:00,1
2026-10-01T08:59:59.280155+00:00,1
2026-10-01T09:00:59.280155+00:00,1
2026-10-01T09:01:59.280155+00:00,1
