task,transform,record_digest12,status
000552,strip-future-history@1,5cb1a86188a7,candidate
000552,purge-installed-copies@1,87b02213eb4e,candidate
000552,purge-build-caches@1,-,-
000552,mtime-normalize@1,fa45c2dbdd29,candidate
000552,leak-close-pypi@1,-,-
000792,strip-future-history@1,5026b1d1c18d,candidate
000792,purge-installed-copies@1,8f70a92bb0b8,candidate
000792,purge-build-caches@1,-,-
000792,mtime-normalize@1,0eadb8c3cf7e,candidate
000792,leak-close-pypi@1,-,-
001269,strip-future-history@1,3d02fca9e07e,candidate
001269,purge-installed-copies@1,d3375b680cbe,validated
001269,purge-build-caches@1,65a30b9e6bec,validated
001269,mtime-normalize@1,f18fa0a79ce5,validated
001269,leak-close-pypi@1,541d416818c7,candidate
002139,strip-future-history@1,c4138c3293ae,candidate
002139,purge-installed-copies@1,343f80970d84,candidate
002139,purge-build-caches@1,-,-
002139,mtime-normalize@1,d120c93e377a,validated
002139,leak-close-pypi@1,-,-
002391,strip-future-history@1,fe53095b073a,candidate
002391,purge-installed-copies@1,dbc584d292a8,candidate
002391,purge-build-caches@1,-,-
002391,mtime-normalize@1,de51068d48eb,candidate
002391,leak-close-pypi@1,-,-
002402,strip-future-history@1,aee31dca2e10,validated
002402,purge-installed-copies@1,99db71018e44,candidate
002402,purge-build-caches@1,31ae924f6cc9,validated
002402,mtime-normalize@1,13010a49de52,validated
002402,leak-close-pypi@1,c91c394831cf,candidate
002486,strip-future-history@1,a4bebc21d0c3,candidate
002486,purge-installed-copies@1,6172ce210c16,candidate
002486,purge-build-caches@1,-,-
002486,mtime-normalize@1,170658a4a3e0,candidate
002486,leak-close-pypi@1,-,-
002552,strip-future-history@1,3efa6a29bc46,validated
002552,purge-installed-copies@1,33cffafbf8fe,candidate
002552,purge-build-caches@1,b575bbadf17b,validated
002552,mtime-normalize@1,c9cc3f569e5b,validated
002552,leak-close-pypi@1,-,-
002864,strip-future-history@1,8d6c41efad63,candidate
002864,purge-installed-copies@1,0c4c32c4561f,candidate
002864,purge-build-caches@1,-,-
002864,mtime-normalize@1,9cbf6007d3be,candidate
002864,leak-close-pypi@1,25b94c8b4e4e,validated
002938,strip-future-history@1,d47aec403bc2,candidate
002938,purge-installed-copies@1,3d5f96ae6a4b,candidate
002938,purge-build-caches@1,-,-
002938,mtime-normalize@1,4065fdf8d218,validated
002938,leak-close-pypi@1,-,-
001985,strip-future-history@1,6dae9c0362ac,candidate
001985,purge-installed-copies@1,-,-
001985,purge-build-caches@1,-,-
001985,mtime-normalize@1,830ce5722b98,candidate
001985,leak-close-pypi@1,-,-
