task,total_members,pycache_dir,pyc_file,pytest_cache,egg_info,build_lib,dist_info,egg_link,editable,venv,mypy_ruff_hypo,tox_nox,pip_cache,npm_cache,node_cache,vitest,go_build,go_mod,m2_repo,cargo_reg,samples
format-code-task-000324,46023,6751,0,0,0,0,890,0,2,22,0,0,0,0,0,0,0,0,0,0,pycache_dir=usr/lib/python3/dist-packages/hgdemandimport/__pycache__/;usr/lib/python3/dist-packages/hgdemandimport/__pycache__/__init__.cpython-311.pyc; dist_info=usr/local/lib/python3.12/site-packages/aiohappyeyeballs-2.7.1.dist-info/;usr/local/lib/python3.12/site-packages/aiohappyeyeballs-2.7.1.dist-info/INSTALLER; editable=usr/local/lib/python3.12/site-packages/__editable__.aiohttp_session-2.12.1.pth;usr/local/lib/python3.12/site-packages/__editable___aiohttp_session_2_12_1_finder.py; venv=usr/lib/python3.11/venv/;usr/lib/python3.11/venv/__init__.py
format-code-task-000666,40395,4975,0,0,0,0,360,0,1,20,0,0,0,0,0,0,0,0,0,0,pycache_dir=usr/lib/python3/dist-packages/hgdemandimport/__pycache__/;usr/lib/python3/dist-packages/hgdemandimport/__pycache__/__init__.cpython-311.pyc; dist_info=usr/local/lib/python3.12/site-packages/annotated_types-0.7.0.dist-info/;usr/local/lib/python3.12/site-packages/annotated_types-0.7.0.dist-info/INSTALLER; editable=usr/local/lib/python3.12/site-packages/__editable__.pyromat-2.2.6.pth; venv=usr/lib/python3.11/venv/;usr/lib/python3.11/venv/__init__.py
format-code-task-000905,78012,21884,0,7,5,0,481,0,2,22,0,0,0,0,0,0,0,0,0,0,pycache_dir=testbed/quark/__pycache__/;testbed/quark/__pycache__/__init__.cpython-310.pyc; pytest_cache=testbed/.pytest_cache/;testbed/.pytest_cache/.gitignore; egg_info=testbed/quark_engine.egg-info/;testbed/quark_engine.egg-info/SOURCES.txt; dist_info=usr/lib/python3/dist-packages/mercurial-7.0.1.dist-info/;usr/lib/python3/dist-packages/mercurial-7.0.1.dist-info/INSTALLER; editable=usr/local/lib/python3.10/site-packages/__editable__.quark_engine-25.6.1.pth;usr/local/lib/python3.10/site-packages/__editable___quark_engine_25_6_1_finder.py; venv=usr/lib/python3.13/venv/;usr/lib/python3.13/venv/
format-code-task-001269,35117,2270,0,8,7,13,244,0,0,20,0,0,0,0,0,0,0,0,0,0,pycache_dir=testbed/responses/__pycache__/;testbed/responses/__pycache__/__init__.cpython-310.pyc; pytest_cache=testbed/.pytest_cache/;testbed/.pytest_cache/.gitignore; egg_info=testbed/responses.egg-info/;testbed/responses.egg-info/PKG-INFO; build_lib=testbed/build/lib/;testbed/build/lib/responses/; dist_info=usr/lib/python3/dist-packages/mercurial-7.0.1.dist-info/;usr/lib/python3/dist-packages/mercurial-7.0.1.dist-info/INSTALLER; venv=usr/lib/python3.13/venv/;usr/lib/python3.13/venv/__init__.py
format-code-task-001809,52810,6214,0,8,7,0,809,0,2,20,0,0,0,0,0,0,0,0,0,0,pycache_dir=testbed/localstack/__pycache__/;testbed/localstack/__pycache__/__init__.cpython-310.pyc; pytest_cache=testbed/.pytest_cache/;testbed/.pytest_cache/.gitignore; egg_info=testbed/localstack.egg-info/;testbed/localstack.egg-info/PKG-INFO; dist_info=usr/lib/python3/dist-packages/mercurial-7.0.1.dist-info/;usr/lib/python3/dist-packages/mercurial-7.0.1.dist-info/INSTALLER; editable=usr/local/lib/python3.10/site-packages/__editable__.localstack-1.2.1.dev0.pth;usr/local/lib/python3.10/site-packages/__editable___localstack_1_2_1_dev0_finder.py; venv=usr/lib/python3.13/venv/;usr/lib/python3.1
format-code-task-002139,42188,5671,0,0,0,0,598,0,2,22,0,0,0,0,0,0,0,0,0,0,pycache_dir=usr/lib/python3/dist-packages/hgdemandimport/__pycache__/;usr/lib/python3/dist-packages/hgdemandimport/__pycache__/__init__.cpython-311.pyc; dist_info=usr/local/lib/python3.12/site-packages/annotated_types-0.7.0.dist-info/;usr/local/lib/python3.12/site-packages/annotated_types-0.7.0.dist-info/INSTALLER; editable=usr/local/lib/python3.12/site-packages/__editable__.bitbake-2.19.0.pth;usr/local/lib/python3.12/site-packages/__editable__.bitbake_setup-2.19.0.pth; venv=usr/lib/python3.11/venv/;usr/lib/python3.11/venv/__init__.py
format-code-task-002308,36419,2471,0,9,7,82,303,0,0,20,0,0,0,0,0,0,0,0,0,0,pycache_dir=testbed/pre_commit/__pycache__/;testbed/pre_commit/__pycache__/__init__.cpython-39.pyc; pytest_cache=testbed/.pytest_cache/;testbed/.pytest_cache/.gitignore; egg_info=testbed/pre_commit.egg-info/;testbed/pre_commit.egg-info/PKG-INFO; build_lib=testbed/build/lib/;testbed/build/lib/pre_commit/; dist_info=root/.local/share/virtualenv/wheel/3.9/image/1/CopyPipInstall/pip-21.2.3-py3-none-any/pip-21.2.3.dist-info/;root/.local/share/virtualenv/wheel/3.9/image/1/CopyPipInstall/pip-21.2.3-py3-none-any/pip-21.2.3.dist-info/INSTALLER; venv=usr/lib/python3.13/venv/;usr/lib/python3.13/venv/__in
format-code-task-002391,53631,4683,0,0,5,4,562,0,0,12,0,0,0,0,0,0,0,0,0,0,pycache_dir=usr/lib/python3/dist-packages/_distutils_hack/__pycache__/;usr/lib/python3/dist-packages/_distutils_hack/__pycache__/__init__.cpython-312.pyc; egg_info=usr/lib/python3/dist-packages/setuptools-68.1.2.egg-info/;usr/lib/python3/dist-packages/setuptools-68.1.2.egg-info/PKG-INFO; build_lib=usr/lib/node_modules/npm/node_modules/@isaacs/cliui/build/lib/;usr/lib/node_modules/npm/node_modules/@isaacs/cliui/build/lib/index.js; dist_info=usr/lib/python3/dist-packages/pip-24.0.dist-info/;usr/lib/python3/dist-packages/pip-24.0.dist-info/INSTALLER; venv=usr/lib/python3.12/venv/;usr/lib/python3.
format-code-task-002486,57596,4866,0,0,5,4,238,0,0,10,0,0,0,0,0,0,0,0,0,0,pycache_dir=opt/talon-stage4a-venv/lib/python3.12/site-packages/__pycache__/;opt/talon-stage4a-venv/lib/python3.12/site-packages/__pycache__/py.cpython-312.pyc; egg_info=usr/lib/python3/dist-packages/setuptools-68.1.2.egg-info/;usr/lib/python3/dist-packages/setuptools-68.1.2.egg-info/PKG-INFO; build_lib=usr/lib/node_modules/npm/node_modules/@isaacs/cliui/build/lib/;usr/lib/node_modules/npm/node_modules/@isaacs/cliui/build/lib/index.js; dist_info=opt/talon-stage4a-venv/lib/python3.12/site-packages/iniconfig-2.3.0.dist-info/;opt/talon-stage4a-venv/lib/python3.12/site-packages/iniconfig-2.3.0.dis
format-code-task-002552,35040,3344,0,9,0,0,342,0,0,20,0,0,0,0,0,0,0,0,0,0,pycache_dir=testbed/miio/__pycache__/;testbed/miio/__pycache__/__init__.cpython-38.pyc; pytest_cache=testbed/.pytest_cache/;testbed/.pytest_cache/.gitignore; dist_info=usr/local/lib/python3.8/site-packages/PyYAML-6.0.1.dist-info/;usr/local/lib/python3.8/site-packages/PyYAML-6.0.1.dist-info/INSTALLER; venv=usr/lib/python3.11/venv/;usr/lib/python3.11/venv/__init__.py
format-code-task-002938,36900,4583,0,0,0,0,346,0,2,20,0,0,0,0,0,0,0,0,0,0,pycache_dir=usr/lib/python3/dist-packages/hgdemandimport/__pycache__/;usr/lib/python3/dist-packages/hgdemandimport/__pycache__/__init__.cpython-311.pyc; dist_info=usr/local/lib/python3.12/site-packages/annotated_types-0.7.0.dist-info/;usr/local/lib/python3.12/site-packages/annotated_types-0.7.0.dist-info/INSTALLER; editable=usr/local/lib/python3.12/site-packages/__editable__.krakenex-2.2.2.pth;usr/local/lib/python3.12/site-packages/__editable___krakenex_2_2_2_finder.py; venv=usr/lib/python3.11/venv/;usr/lib/python3.11/venv/__init__.py
