task_id,run,ledger_digest,image_digest,project,project_basis,has_built_copy,needs_repair,fix_differs,comparison_status,fix_files,built_copy_kinds,built_copy_paths,n_built_files,base_version,installed_version,version_cmp,method,error,comparisons,scanned_at
format-code-task-000008,original,sha256:50130de8f20e36b281515620169914227fd0863a156939a948498525bf87b03b,sha256:f83df347542976209efc13596eabae5e46f35b4330f7fae6fa9e487c5493f0dd,manimgl,root-packaging-name,yes,false,unverifiable,unverifiable,,dist-info,usr/local/lib/python3.12/dist-packages/manimgl-1.7.2.dist-info/METADATA,1,1.7.2,1.7.2,same,mirror.gcr.io-stream+truncated-index,,[],2026-10-07T02:14:15+00:00
format-code-task-000041,leak-closed,sha256:9f6a4c94edfc439aac23cf5f29a3d12f6d6a8e62ff9adbd00081cb1c2689d8b2,sha256:4fb3e32d0e57e2c2f5b8819202ed4c5bf622e8b40adb5c787aead7f9885efa61,eodag,dist-info+worktree,yes,false,unverifiable,unverifiable,eodag/api/core.py,dist-info,usr/local/lib/python3.12/site-packages/eodag-2.11.1.dev38+g72e7a48e.dist-info/METADATA,1,,2.11.1.dev38+g72e7a48e,unverifiable,mirror.gcr.io-stream,,[],2026-10-07T02:11:16+00:00
format-code-task-000049,original,sha256:175c9c07b2be9a369f0e3ff6989935cefed3d591625e87773423d7cb0b52dd35,sha256:61f60677512e77b14dbd2882794c2534c481ea5ed7a45fc7921aee940804de83,flocker,test-dir-package+worktree,yes,false,unverifiable,unverifiable,flocker/control/httpapi.py,egg-info,testbed/Flocker.egg-info/PKG-INFO,1,,0.3.2+doc1.1960.gb286b6e0f.dirty,unverifiable,mirror.gcr.io-stream+truncated-index,,[],2026-10-07T02:15:34+00:00
format-code-task-000067,original,sha256:e79683b64dbb7158dd536a3e15037409cc7cb42513a93e3f33e5c3f510b11e0f,sha256:5987f5e3ecbdc9568af6bd08225a63fb8c4daba8bb466709a64be3a195ed15e6,mimo_build_env.tar.gz.b64,patch-source-path,no,false,unverifiable,unverifiable,directory/datadog_checks/directory/directory.py;directory/setup.py,,,0,,,unverifiable,mirror.gcr.io-stream+truncated-index,,[],2026-10-07T02:16:06+00:00
format-code-task-000076,original,sha256:3a8defcffafb4d0bdeba0ad32a36b9a1d90a9ca727e320aeac98170a2f432303,sha256:4f92177ad8e43e011f3805cf5a3b5919165d7172dcec59ddd6b23e7669d2ec11,histomicstk,root-packaging-name,yes,false,unverifiable,unverifiable,histomicstk/preprocessing/color_deconvolution/color_deconvolution.py,dist-info,opt/test_venv/lib/python3.12/site-packages/histomicstk-0.0.1.dev1+g90915883c.d20260609.dist-info/METADATA,1,,0.0.1.dev1+g90915883c.d20260609,unverifiable,mirror.gcr.io-stream+truncated-index,,[],2026-10-07T02:16:19+00:00
format-code-task-000116,original,sha256:bc67fe4b3256889d0edb2ddecb0bb1aaac192b4f48c9dc1776dcb0f9248a51ee,sha256:5191cba7cf2ae83979e1f2b4460656d03341fb022b6147bb02072ab355d3a457,mimo_build_env.tar.gz.b64,patch-source-path,no,false,unverifiable,unverifiable,,,,0,,,unverifiable,mirror.gcr.io-stream+truncated-index,,[],2026-10-07T02:22:01+00:00
format-code-task-000149,leak-closed,sha256:86912a7d030e992ba39f7088ac069baa12a28bce92f56af5e845ddc8d69ea564,sha256:0011e50b9d4975cdf4567043649c2036783340d2b0ea2a0b879f90e521dae62b,torchmetrics,root-packaging-name,yes,false,unverifiable,unverifiable,torchmetrics/functional/retrieval/ndcg.py,egg-info,testbed/torchmetrics.egg-info/PKG-INFO,1,,0.6.0.dev0,unverifiable,mirror.gcr.io-stream,,[],2026-10-07T02:19:33+00:00
format-code-task-000158,repair,sha256:648af3093326c8af48859e416cdaf1995d9270821b7aef7de6104fe3d9ccf3e8,sha256:b93f3a9056fc4647d911b2488423c78764f54f2209971d712c23e7546bc28880,flake8_simplify,root-packaging-name,yes,false,unverifiable,unverifiable,,egg-info,testbed/flake8_simplify.egg-info/PKG-INFO,1,0.12.0,0.12.0,same,mirror.gcr.io-stream,,[],2026-10-07T02:17:02+00:00
format-code-task-000160,repair,sha256:6e67105d2c972c449345976b65467e36299a674c448b89e4cd5aceb9f3403775,sha256:fda2ea380bd2b2f7bc4a8877cc070cdf2ce83aee588536c58e614460360ec13d,flake8_simplify,root-packaging-name,yes,false,unverifiable,unverifiable,,egg-info,testbed/flake8_simplify.egg-info/PKG-INFO,1,0.14.6,0.14.6,same,mirror.gcr.io-stream,,[],2026-10-07T02:17:14+00:00
format-code-task-000168,original,sha256:bf83366994e76767c8ee294f0c18885b9fc743da5bf2ac457bccfe734d75e07a,sha256:c19722a4554d1acf1607308ee921d0831829e952f19235d0d9701945300fb7e4,nvidia-cutlass,root-packaging-name,no,false,unverifiable,unverifiable,,,,0,,,unverifiable,mirror.gcr.io-stream+truncated-index,,[],2026-10-07T02:24:51+00:00
format-code-task-000220,original,sha256:033658cae2ea50b003510f2958ba0e5fd40dbc914d094338ad39d58eb253b119,sha256:dcb9efa91b0c4517eb32db7ea11f61f8b3e1822d724ef7c861d5e58ee80b1a83,fades,root-packaging-name,yes,false,unverifiable,unverifiable,,dist-info;dist-packages;egg-info;pth-egglink;site-packages,testbed/fades.egg-info/PKG-INFO;testbed/.venv/lib/python3.12/site-packages/__editable__.fades-5.0.pth;testbed/.venv/lib/python3.12/site-packages/__editable___fades_5_0_finder.py;usr/local/lib/python3.14/dist-packages/__editable__.fades-5.0.pth;usr/local/lib/python3.14/dist-packages/__editable___fades_5_0_finder.py;testbed/.build_env/.venv/lib/python3.12/site-packages/__editable__.fades-5.0.pth;testbed/.build_env/.venv/lib/python3.12/site-packages/__editable___fades_5_0_finder.py;testbed/.venv/lib/python3.12/site-packages/__pycache__/__editable___fades_5_0_finder.cpython-312.pyc;testbed/.venv/lib/python3.12/site-packages/fades-5.0.dist-info/INSTALLER;testbed/.venv/lib/python3.12/site-packages/fades-5.0.dist-info/METADATA;testbed/.venv/lib/python3.12/site-packages/fades-5.0.dist-info/RECORD;testbed/.venv/lib/python3.12/site-packages/fades-5.0.dist-info/REQUESTED;testbed/.venv/lib/python3.12/site-packages/fades-5.0.dist-info/WHEEL;testbed/.venv/lib/python3.12/site-packages/fades-5.0.dist-info/direct_url.json;testbed/.venv/lib/python3.12/site-packages/fades-5.0.dist-info/top_level.txt;usr/local/lib/python3.14/dist-packages/__pycache__/__editable___fades_5_0_finder.cpython-314.pyc;usr/local/lib/python3.14/dist-packages/fades-5.0.dist-info/INSTALLER;usr/local/lib/python3.14/dist-packages/fades-5.0.dist-info/METADATA;usr/local/lib/python3.14/dist-packages/fades-5.0.dist-info/RECORD;usr/local/lib/python3.14/dist-packages/fades-5.0.dist-info/REQUESTED;usr/local/lib/python3.14/dist-packages/fades-5.0.dist-info/WHEEL;usr/local/lib/python3.14/dist-packages/fades-5.0.dist-info/direct_url.json;usr/local/lib/python3.14/dist-packages/fades-5.0.dist-info/top_level.txt;testbed/.build_env/.venv/lib/python3.12/site-packages/__pycache__/__editable___fades_5_0_finder.cpython-312.pyc;testbed/.build_env/.venv/lib/python3.12/site-packages/fades-5.0.dist-info/INSTALLER,40,,5.0,unverifiable,mirror.gcr.io-stream+truncated-index,,[],2026-10-07T02:22:09+00:00
format-code-task-000237,original,sha256:5929118977d41f2037b29e91cfa735990b5a6842dc818fbdc9b60c8276a85a16,sha256:f8f3798d942986bb248980a783577a48308156443cc39238bdfd9038d35f1d7c,enforce,root-packaging-name,yes,false,unverifiable,unverifiable,enforce/__init__.py;enforce/decorators.py;enforce/enforcers.py;enforce/exceptions.py;enforce/nodes.py;enforce/parsers.py;enforce/settings.py;enforce/types.py;enforce/utils.py;enforce/validator.py;enforce/wrappers.py,dist-info;egg-info,testbed/enforce.egg-info/PKG-INFO;usr/local/lib/python3.14/dist-packages/enforce-0.3.0.dist-info/METADATA,2,0.3.0,0.3.0,same,mirror.gcr.io-stream+truncated-index,,[],2026-10-07T02:22:10+00:00
format-code-task-000241,original,sha256:a1609c5fda2ac2460153f53bd3653a8d92a33d6387865639d716a47ae5f0b2c9,sha256:e25a6e6879b755cfc4d32b444f12f690d66c57699754021e08e3d67e2c527765,smt,root-packaging-name,yes,false,unverifiable,unverifiable,,dist-info,testbed/.venv/lib/python3.12/site-packages/smt-2.6.1.dist-info/METADATA,1,,2.6.1,unverifiable,mirror.gcr.io-stream+truncated-index,,[],2026-10-07T02:21:43+00:00
format-code-task-000306,original,sha256:1293e51b565da9174df3282adc5636d2052e64980c5395907175502885998a16,sha256:e91a1bbffa1543e2858beb369c9822ec6139a755af6fab56c6b3c1265de373ec,sklearn,,unscanned,false,unverifiable,unverifiable,,,,0,,,unverifiable,modal+mirror.gcr.io-stream,FunctionTimeoutError: remote input failed or timed out,,2026-10-07T02:27:29+00:00
format-code-task-000324,original,sha256:7eee85e472a7675acfdc42ac7d10720e8e095ff2e6f0e296f8e0b673fe7cefdf,sha256:e27557b2426b19000d7bff62982c1dd396d0ae60d8d2743b8fccdf64786dd727,aiohttp-session,root-packaging-name,yes,false,unverifiable,unverifiable,,dist-info,usr/local/lib/python3.12/site-packages/aiohttp_session-2.12.1.dist-info/METADATA,1,,2.12.1,unverifiable,mirror.gcr.io-stream,,[],2026-10-07T02:17:54+00:00
format-code-task-000337,original,sha256:95ccf5db6b6d359c65ba8e5ae1561ca13b21b556335a9ba9c6a21388b8af5e2f,sha256:19add4a7d8aa8b749e02f7b1a7adfdf3ad062efe8992879aab9d0afa14c45cb8,albumentationsx,root-packaging-name,yes,false,unverifiable,unverifiable,,dist-info;egg-info,testbed/albumentationsx.egg-info/PKG-INFO;usr/local/lib/python3.11/site-packages/albumentationsx-2.0.11.dist-info/METADATA,2,2.0.11,2.0.11,same,mirror.gcr.io-stream,,[],2026-10-07T02:18:49+00:00
format-code-task-000379,original,sha256:b48ff892a260336d562b3486bca0e471179a95e0736875382fbe4a9617c31b50,sha256:3afe070c45e5dfbf2389a598691d9486facce19c2d509c03215a3a516e44a885,pytest-picked,root-packaging-name,yes,false,unverifiable,unverifiable,pytest_picked/__init__.py;pytest_picked/modes.py;pytest_picked/plugin.py,dist-info;egg-info,testbed/pytest_picked.egg-info/PKG-INFO;usr/local/lib/python3.14/dist-packages/pytest_picked-0.5.0.dist-info/METADATA,2,0.5.0,0.5.0,same,mirror.gcr.io-stream+truncated-index,,[],2026-10-07T02:22:21+00:00
format-code-task-000467,original,sha256:e1308c97f6fb1f29a8ce017be16f7eeb0081faced5c874f16802cc03583c777b,sha256:c4a83dfb0b55a9c7f6d3ceb973fb39e22a54120cc8773e11777fc3243f882f06,pyupgrade,root-packaging-name,yes,false,unverifiable,unverifiable,pyupgrade/_plugins/percent_format.py,dist-info,testbed/.venv/lib/python3.12/site-packages/pyupgrade-2.25.0.dist-info/METADATA;usr/local/lib/python3.14/dist-packages/pyupgrade-2.25.0.dist-info/METADATA,2,2.25.0,2.25.0,same,mirror.gcr.io-stream+truncated-index,,[],2026-10-07T02:22:29+00:00
format-code-task-000505,original,sha256:483b63428a91cba3d6a7cfb6af3b4244ee6c437c5149efdebf3c008d4f16de0c,sha256:57e6109bb0919efb1148e11ff6e0a9ccbc35ecbb20feead6c36a535439dbdaf2,mimo_build_env.tar.gz.b64,patch-source-path,no,false,unverifiable,unverifiable,cli/src/pcluster/config/cluster_config.py;cli/src/pcluster/templates/cluster_stack.py,,,0,,,unverifiable,mirror.gcr.io-stream+truncated-index,,[],2026-10-07T02:23:34+00:00
format-code-task-000512,original,sha256:09843be12ba1b3e50da2ef258b05c20ae8ce65507817b376fa62787498542412,sha256:35b47e188a778d973ebdfd45376f72c7ebb4822e7cb26032c9e5eedae36a8cd8,gluonts,root-packaging-name,yes,false,unverifiable,unverifiable,,dist-info;site-packages,usr/local/lib/python3.12/site-packages/gluonts-0.17.0.dev0.dist-info/INSTALLER;usr/local/lib/python3.12/site-packages/gluonts-0.17.0.dev0.dist-info/METADATA;usr/local/lib/python3.12/site-packages/gluonts-0.17.0.dev0.dist-info/RECORD;usr/local/lib/python3.12/site-packages/gluonts-0.17.0.dev0.dist-info/REQUESTED;usr/local/lib/python3.12/site-packages/gluonts-0.17.0.dev0.dist-info/WHEEL;usr/local/lib/python3.12/site-packages/gluonts-0.17.0.dev0.dist-info/direct_url.json;usr/local/lib/python3.12/site-packages/gluonts-0.17.0.dev0.dist-info/entry_points.txt;usr/local/lib/python3.12/site-packages/gluonts-0.17.0.dev0.dist-info/licenses/LICENSE;usr/local/lib/python3.12/site-packages/gluonts-0.17.0.dev0.dist-info/licenses/NOTICE;workspace/repo/.venv/lib/python3.12/site-packages/gluonts-0.17.0.dev0.dist-info/INSTALLER;workspace/repo/.venv/lib/python3.12/site-packages/gluonts-0.17.0.dev0.dist-info/METADATA;workspace/repo/.venv/lib/python3.12/site-packages/gluonts-0.17.0.dev0.dist-info/RECORD;workspace/repo/.venv/lib/python3.12/site-packages/gluonts-0.17.0.dev0.dist-info/REQUESTED;workspace/repo/.venv/lib/python3.12/site-packages/gluonts-0.17.0.dev0.dist-info/WHEEL;workspace/repo/.venv/lib/python3.12/site-packages/gluonts-0.17.0.dev0.dist-info/direct_url.json;workspace/repo/.venv/lib/python3.12/site-packages/gluonts-0.17.0.dev0.dist-info/entry_points.txt;workspace/repo/.venv/lib/python3.12/site-packages/gluonts-0.17.0.dev0.dist-info/uv_build.json;workspace/repo/.venv/lib/python3.12/site-packages/gluonts-0.17.0.dev0.dist-info/uv_cache.json;workspace/repo/.venv/lib/python3.12/site-packages/gluonts-0.17.0.dev0.dist-info/licenses/LICENSE;workspace/repo/.venv/lib/python3.12/site-packages/gluonts-0.17.0.dev0.dist-info/licenses/NOTICE,20,0.17.0.dev0,0.17.0.dev0,same,mirror.gcr.io-stream,,[],2026-10-07T02:18:09+00:00
format-code-task-000568,original,sha256:11021499591d1aba69448515beb0565c7401339c77a9de36f44fdd92d4f5a543,sha256:196027ee69906f6f2f2424d29b0bf4fd12d3fe04b1470231a3214fbb5e1e9a79,youtube_dlc,root-packaging-name,no,false,unverifiable,unverifiable,,,,0,,,unverifiable,mirror.gcr.io-stream+truncated-index,,[],2026-10-07T02:18:25+00:00
format-code-task-000571,original,sha256:d09f19f370f27fb063d2a665c5d8cf4d198a3a3b1afce4b35a479ba2b8b6d208,sha256:bac8b51006eef62a5f36ec02039688156570eb28624c3e5e2b445f9e125c0b30,pystack._pystack,root-packaging-name,no,false,unverifiable,unverifiable,tests/integration/empty_thread_extension/main.py;tests/integration/empty_thread_extension_with_os_threads/main.py,,,0,,,unverifiable,mirror.gcr.io-stream+truncated-index,,[],2026-10-07T02:24:35+00:00
format-code-task-000582,original,sha256:e29a380726184d6f2f2c473196a97a35c400ee636ba7717581123b7e801fb0af,sha256:d7a109a80cfc2fecea80a1235d05b6f1dc5ace200ac2050924909290c562b066,boxsdk,root-packaging-name,yes,false,unverifiable,unverifiable,,dist-info,usr/local/lib/python3.13/dist-packages/boxsdk-2.0.0.dist-info/METADATA;usr/local/lib/python3.14/dist-packages/boxsdk-2.0.0.dist-info/METADATA,2,,2.0.0,unverifiable,mirror.gcr.io-stream+truncated-index,,[],2026-10-07T02:25:15+00:00
format-code-task-000592,original,sha256:e425a5fae79bb4e0662d3bc1ad1575094ef8c0ae5bc437bdddf8856bd432f6f8,sha256:0268a66dc2ef4ca4eaa0bc36d95d39ee06ca8f1433faef9f2dd476276ff15cf0,checkov,root-packaging-name,yes,false,unverifiable,unverifiable,checkov/terraform/plan_runner.py,egg-info,testbed/checkov.egg-info/PKG-INFO,1,,1.0.689,unverifiable,mirror.gcr.io-stream+truncated-index,,[],2026-10-07T02:20:43+00:00
format-code-task-000655,repair,sha256:e39d00fb1e4f8648a3bbea38348e0e8dfc778ec9401fd8ca935fb470abd534b3,sha256:73f5c9fc3bf815afa9a8c353a73eae8c62a3c9224bcab3e5d5076348df65c369,chainerrl,patch-import+worktree,yes,false,unverifiable,unverifiable,chainerrl/replay_buffer.py,dist-packages;egg-info;pth-egglink,testbed/chainerrl.egg-info/PKG-INFO;usr/local/lib/python3.11/dist-packages/chainerrl.egg-link,2,0.6.0,0.6.0,same,mirror.gcr.io-stream+truncated-index,,[],2026-10-07T02:24:19+00:00
format-code-task-000680,original,sha256:0948331015edce9cd2577a691583a33aab729bec35feaea85d5ace548bbdc10e,sha256:521e16b22928d0710c4264c7e226c92e9964a67b318635df7d6211729e8365cf,auto_ml,root-packaging-name,no,false,unverifiable,unverifiable,,,,0,,,unverifiable,mirror.gcr.io-stream,,[],2026-10-07T02:17:28+00:00
format-code-task-000745,original,sha256:f6230b2115142c0abeadc4dd43443a769a7ad53986c95e113fe38beabc5bcba6,sha256:90fe44865c66aa25a08edc33c21e48e1f103a742229d119cae68a8794a1d924f,mimo_build_env.tar.gz.b64,,unscanned,false,unverifiable,unverifiable,,,,0,,,unverifiable,modal+mirror.gcr.io-stream,FunctionTimeoutError: remote input failed or timed out,,2026-10-07T02:36:52+00:00
format-code-task-000746,original,sha256:9e1b7f707e9cce3ecac453b9b76384fdf0a441a2a0130947c4f5138ea7f9d733,sha256:36af50c59f533e59af375817ee01a8cc98d04e5bd6b051c0482a94d735422003,python_modules,test-dir-package+worktree,yes,false,unverifiable,unverifiable,examples/docs_snippets/docs_snippets/concepts/partitions_schedules_sensors/sensors/sensors.py;helm/dagster/schema/schema/charts/dagster/subschema/scheduler.py;python_modules/dagster-graphql/dagster_graphql/schema/sensors.py;python_modules/dagster-test/dagster_test/toys/sensors.py;python_modules/dagster/dagster/_core/scheduler/scheduler.py;python_modules/dagster/dagster/_scheduler/scheduler.py;python_modules/libraries/dagster-msteams/dagster_msteams/sensors.py;python_modules/libraries/dagster-slack/dagster_slack/sensors.py,egg-info,testbed/python_modules/dagster-graphql/dagster_graphql.egg-info/PKG-INFO;testbed/python_modules/dagster/dagster.egg-info/PKG-INFO,2,,,unverifiable,mirror.gcr.io-stream+truncated-index,,[],2026-10-07T02:22:45+00:00
format-code-task-000784,original,sha256:57a296c6597a05a105ccff1cf237acdf43cfef0d595a046f029fcd35d36d17e4,sha256:fee10f54428f5e37f48680276eac2255808920e86f4c03aa551128ff2b49b2b7,svglib,root-packaging-name,yes,false,unverifiable,unverifiable,,dist-info;egg-info,testbed/svglib.egg-info/PKG-INFO;usr/local/lib/python3.14/dist-packages/svglib-0.8.1.dist-info/METADATA,2,,0.8.1,unverifiable,mirror.gcr.io-stream+truncated-index,,[],2026-10-07T02:21:42+00:00
format-code-task-000832,original,sha256:a9c2cc71303fbc1db84adea538949790a3aa0ab76c1800101d8a30a2a0e218f2,sha256:f16cc91db99dab6e914f98e7ba847de0ffc8385753f93ed8b140c08152b33f03,inapppy,root-packaging-name,yes,false,unverifiable,unverifiable,,dist-info;egg-info;pth-egglink;site-packages,testbed/inapppy.egg-info/PKG-INFO;usr/local/lib/python3.11/site-packages/__editable__.inapppy-2.6.pth;usr/local/lib/python3.11/site-packages/__editable___inapppy_2_6_finder.py;usr/local/lib/python3.11/site-packages/__pycache__/__editable___inapppy_2_6_finder.cpython-311.pyc;usr/local/lib/python3.11/site-packages/inapppy-2.6.dist-info/INSTALLER;usr/local/lib/python3.11/site-packages/inapppy-2.6.dist-info/METADATA;usr/local/lib/python3.11/site-packages/inapppy-2.6.dist-info/RECORD;usr/local/lib/python3.11/site-packages/inapppy-2.6.dist-info/REQUESTED;usr/local/lib/python3.11/site-packages/inapppy-2.6.dist-info/WHEEL;usr/local/lib/python3.11/site-packages/inapppy-2.6.dist-info/direct_url.json;usr/local/lib/python3.11/site-packages/inapppy-2.6.dist-info/top_level.txt;usr/local/lib/python3.11/site-packages/inapppy-2.6.dist-info/licenses/LICENSE,12,2.6,2.6,same,mirror.gcr.io-stream,,[],2026-10-07T02:17:24+00:00
format-code-task-000844,original,sha256:ce1ac0548155e7b342c71cd026842132ab0d245f6a1b0271a5d578426515d265,sha256:db489bdf66e8e1ee369bf3cc9c2f768af294a66a2712b852cef852a2069b9182,,unknown,unscanned,false,unverifiable,unverifiable,,,,0,,,unverifiable,mirror.gcr.io-stream,,[],2026-10-07T02:18:02+00:00
format-code-task-000871,original,sha256:4047b44992e096ec56593d20cf8830f108f8357a8f8b40775b96cf22455a84de,sha256:3ba0be04cb143acbe6e53bc88eb5c2932ee307eac456be71d8cf24e155169dff,elyra,root-packaging-name,yes,false,unverifiable,unverifiable,,egg-info;pth-egglink;site-packages,testbed/elyra.egg-info/PKG-INFO;testbed/.venv/lib/python3.11/site-packages/elyra.egg-link;testbed/.build_env/venv/lib/python3.11/site-packages/elyra.egg-link,3,,3.3.0.dev0,unverifiable,mirror.gcr.io-stream+truncated-index,,[],2026-10-07T02:22:55+00:00
format-code-task-000905,original,sha256:bf0e19c83a7e9bae92170fb481626a2276c88dd7ffe10158426a8b29795f6a26,sha256:a23d8194c7b64880f10b8a25479ce88ea06e0c27ca6038ce5cad620ccf58d14b,quark,worktree-fix-dir,no,false,unverifiable,unverifiable,quark/utils/weight.py,,,0,,,unverifiable,mirror.gcr.io-stream,,[],2026-10-07T02:17:39+00:00
format-code-task-000939,original,sha256:f8eade9decd131301fb56320ee609262250d847e97154a1e9f7235aecb9faaeb,sha256:6d2a9719025323ae45c43a6af823e25eec98848946c5d2a9bfd9d5e0e91fa5d7,fastNLP,root-packaging-name,yes,false,unverifiable,unverifiable,,egg-info,testbed/fastNLP.egg-info/PKG-INFO,1,0.0.3,0.0.3,same,mirror.gcr.io-stream+truncated-index,,[],2026-10-07T02:24:01+00:00
format-code-task-000972,repair,sha256:84adb64365ebfe9b6e6ff6148e63ee41947e35007b39a670e7c3bef3170bee91,sha256:25ed97f44f3d5aca6a049efcaeaca01b72fb994c04b28cd6f35990eb3cd29876,arches,root-packaging-name,yes,false,unverifiable,unverifiable,,egg-info,testbed/arches.egg-info/PKG-INFO,1,,3.1.2,unverifiable,mirror.gcr.io-stream+truncated-index,,[],2026-10-07T02:26:02+00:00
format-code-task-000987,original,sha256:e25c71ceaf7d3311c36eb7ea91e4d6f27aff9351db1568deb522089db3c33ea7,sha256:4d1cc5db2c7321fda67e9169e583cf39bd65ce05089cdfb83fc38f0faa5bdbe3,flair,,unscanned,false,unverifiable,unverifiable,,,,0,,,unverifiable,modal+mirror.gcr.io-stream,FunctionTimeoutError: remote input failed or timed out,,2026-10-07T02:36:52+00:00
format-code-task-000998,original,sha256:689d81983a4ed34effa84dd08bcbc7d8eb7ed3edf65f154e61ff11a3b708d9b8,sha256:fc8ad58295458c970db4521f848e3a1267032645fcd048aa358ff2555841cfbd,,unknown,unscanned,false,unverifiable,unverifiable,,,,0,,,unverifiable,mirror.gcr.io-stream+truncated-index,,[],2026-10-07T02:21:12+00:00
format-code-task-001080,repair,sha256:6ca9c62cdf6aa48dd85bffcd7ebc041d785c4a95875f661f9ebfcfca0598bcd7,sha256:6fba9bf3530915813e01918dbce7244bdbddbf1bf457fa50b98d7e64714d14c4,gammapy,root-packaging-name,yes,false,unverifiable,unverifiable,,dist-info;egg-info;pth-egglink;site-packages,testbed/gammapy.egg-info/PKG-INFO;root/.venv/lib/python3.11/site-packages/__editable__.gammapy-0.18.3.dev2336+g395a598a2.d20260609.pth;root/.venv/lib/python3.11/site-packages/__editable___gammapy_0_18_3_dev2336_g395a598a2_d20260609_finder.py;root/.venv/lib/python3.11/site-packages/__pycache__/__editable___gammapy_0_18_3_dev2336_g395a598a2_d20260609_finder.cpython-311.pyc;root/.venv/lib/python3.11/site-packages/gammapy-0.18.3.dev2336+g395a598a2.d20260609.dist-info/INSTALLER;root/.venv/lib/python3.11/site-packages/gammapy-0.18.3.dev2336+g395a598a2.d20260609.dist-info/METADATA;root/.venv/lib/python3.11/site-packages/gammapy-0.18.3.dev2336+g395a598a2.d20260609.dist-info/RECORD;root/.venv/lib/python3.11/site-packages/gammapy-0.18.3.dev2336+g395a598a2.d20260609.dist-info/REQUESTED;root/.venv/lib/python3.11/site-packages/gammapy-0.18.3.dev2336+g395a598a2.d20260609.dist-info/WHEEL;root/.venv/lib/python3.11/site-packages/gammapy-0.18.3.dev2336+g395a598a2.d20260609.dist-info/direct_url.json;root/.venv/lib/python3.11/site-packages/gammapy-0.18.3.dev2336+g395a598a2.d20260609.dist-info/entry_points.txt;root/.venv/lib/python3.11/site-packages/gammapy-0.18.3.dev2336+g395a598a2.d20260609.dist-info/top_level.txt;testbed/.venv/lib/python3.11/site-packages/__pycache__/__editable___gammapy_0_18_3_dev2336_g395a598a2_d20260609_finder.cpython-311.pyc,13,,0.18.3.dev2336+g395a598a2.d20260609,unverifiable,mirror.gcr.io-stream+truncated-index,,[],2026-10-07T02:21:49+00:00
format-code-task-001084,original,sha256:8123eccf4805e70dd03a9b9fd914f3d1274e0e6dd1ce54dc78945149b6c8fe64,sha256:507e820cd287c323f6a05af28bd76e8e8355f315cfc5d4c71e25e227cb4ed0e4,qiskit-terra,root-packaging-name,yes,false,unverifiable,unverifiable,,dist-info,testbed/.build_env/.venv/lib/python3.8/site-packages/qiskit_terra-0.16.0.dist-info/METADATA,1,0.16.0,0.16.0,same,mirror.gcr.io-stream+truncated-index,,[],2026-10-07T02:23:07+00:00
format-code-task-001136,original,sha256:913418f2b8631912ddfc8132ecd9efcca801da78c6798d5d6c07410b65ed7434,sha256:23498a761ed6e4cac59f9ae34ac8d59128f88277e235fc2a65aa42af4b191354,piccolo,root-packaging-name,yes,false,unverifiable,unverifiable,,dist-info;dist-packages;egg-info;pth-egglink;site-packages,testbed/piccolo.egg-info/PKG-INFO;usr/local/lib/python3.14/dist-packages/__editable__.piccolo-0.44.0.pth;usr/local/lib/python3.14/dist-packages/__editable___piccolo_0_44_0_finder.py;usr/local/lib/python3.14/dist-packages/__pycache__/__editable___piccolo_0_44_0_finder.cpython-314.pyc;usr/local/lib/python3.14/dist-packages/piccolo-0.44.0.dist-info/INSTALLER;usr/local/lib/python3.14/dist-packages/piccolo-0.44.0.dist-info/METADATA;usr/local/lib/python3.14/dist-packages/piccolo-0.44.0.dist-info/RECORD;usr/local/lib/python3.14/dist-packages/piccolo-0.44.0.dist-info/REQUESTED;usr/local/lib/python3.14/dist-packages/piccolo-0.44.0.dist-info/WHEEL;usr/local/lib/python3.14/dist-packages/piccolo-0.44.0.dist-info/direct_url.json;usr/local/lib/python3.14/dist-packages/piccolo-0.44.0.dist-info/entry_points.txt;usr/local/lib/python3.14/dist-packages/piccolo-0.44.0.dist-info/top_level.txt;testbed/.build_env/venv/lib/python3.12/site-packages/__pycache__/__editable___piccolo_0_44_0_finder.cpython-312.pyc;usr/local/lib/python3.14/dist-packages/piccolo-0.44.0.dist-info/licenses/LICENSE,14,,0.44.0,unverifiable,mirror.gcr.io-stream+truncated-index,,[],2026-10-07T02:22:40+00:00
format-code-task-001152,original,sha256:fcbcf0678a185d8e5939365dfdaf654c96aa35c1189a415301a2429c9a2fd6ef,sha256:05bccff5abeae2670614da1112c8c6a5667ccb152cf3d3dccdecc18393b2495b,PACKAGE_NAME,root-packaging-name,no,false,unverifiable,unverifiable,,,,0,,,unverifiable,mirror.gcr.io-stream+truncated-index,,[],2026-10-07T02:22:04+00:00
format-code-task-001154,original,sha256:cff80c04f7587371f002308dc0bd4aa45ce91e9add827030ab4d14c7e0ffb2dc,sha256:d12e5ca575d649e0c928ddff2ed18799fb42e7125062ebb9c7c4a4702d7913d3,sqlfluff,root-packaging-name,yes,false,unverifiable,unverifiable,,dist-info;dist-packages;egg-info;pth-egglink,testbed/src/sqlfluff.egg-info/PKG-INFO;usr/local/lib/python3.14/dist-packages/__editable__.sqlfluff-3.0.5.pth;usr/local/lib/python3.14/dist-packages/sqlfluff-3.0.5.dist-info/INSTALLER;usr/local/lib/python3.14/dist-packages/sqlfluff-3.0.5.dist-info/METADATA;usr/local/lib/python3.14/dist-packages/sqlfluff-3.0.5.dist-info/RECORD;usr/local/lib/python3.14/dist-packages/sqlfluff-3.0.5.dist-info/REQUESTED;usr/local/lib/python3.14/dist-packages/sqlfluff-3.0.5.dist-info/WHEEL;usr/local/lib/python3.14/dist-packages/sqlfluff-3.0.5.dist-info/direct_url.json;usr/local/lib/python3.14/dist-packages/sqlfluff-3.0.5.dist-info/entry_points.txt;usr/local/lib/python3.14/dist-packages/sqlfluff-3.0.5.dist-info/top_level.txt;usr/local/lib/python3.14/dist-packages/sqlfluff-3.0.5.dist-info/licenses/LICENSE.md,11,3.0.5,3.0.5,same,mirror.gcr.io-stream+truncated-index,,[],2026-10-07T02:23:12+00:00
format-code-task-001209,original,sha256:726ad7248b0d411d745a7d1a6b67f497beac99486ceccfb811e5774d3edc15e3,sha256:81ece1689b58fb01ca7e15acb8f9a4ad5863cb2bac7bc95c605d4564ae66d7a8,pslab,root-packaging-name,yes,false,unverifiable,unverifiable,,dist-info;dist-packages;pth-egglink;site-packages,opt/stage4a-pslab-venv/lib/python3.12/site-packages/pslab.pth;usr/local/lib/python3.12/dist-packages/pslab.pth;opt/stage4a-pslab-venv/lib/python3.12/site-packages/pslab-4.0.1.dist-info/INSTALLER;opt/stage4a-pslab-venv/lib/python3.12/site-packages/pslab-4.0.1.dist-info/METADATA;opt/stage4a-pslab-venv/lib/python3.12/site-packages/pslab-4.0.1.dist-info/RECORD;opt/stage4a-pslab-venv/lib/python3.12/site-packages/pslab-4.0.1.dist-info/REQUESTED;opt/stage4a-pslab-venv/lib/python3.12/site-packages/pslab-4.0.1.dist-info/WHEEL;opt/stage4a-pslab-venv/lib/python3.12/site-packages/pslab-4.0.1.dist-info/direct_url.json;opt/stage4a-pslab-venv/lib/python3.12/site-packages/pslab-4.0.1.dist-info/entry_points.txt;usr/local/lib/python3.12/dist-packages/pslab-4.0.1.dist-info/INSTALLER;usr/local/lib/python3.12/dist-packages/pslab-4.0.1.dist-info/METADATA;usr/local/lib/python3.12/dist-packages/pslab-4.0.1.dist-info/RECORD;usr/local/lib/python3.12/dist-packages/pslab-4.0.1.dist-info/REQUESTED;usr/local/lib/python3.12/dist-packages/pslab-4.0.1.dist-info/WHEEL;usr/local/lib/python3.12/dist-packages/pslab-4.0.1.dist-info/direct_url.json;usr/local/lib/python3.12/dist-packages/pslab-4.0.1.dist-info/entry_points.txt;opt/stage4a-pslab-venv/lib/python3.12/site-packages/pslab-4.0.1.dist-info/licenses/LICENSE;usr/local/lib/python3.12/dist-packages/pslab-4.0.1.dist-info/licenses/LICENSE,18,,4.0.1,unverifiable,mirror.gcr.io-stream+truncated-index,,[],2026-10-07T02:20:18+00:00
format-code-task-001249,original,sha256:110a9a30d609770fec464302f6a817eca29e777d625112061f0c2d1ed3ca8403,sha256:3b1d56d2081dc8db1545f97510d79a81ba1bad86347b885e6a90a39aaad227e2,geopandas,root-packaging-name,yes,false,unverifiable,unverifiable,benchmarks/geom_methods.py,dist-info;egg-info,testbed/geopandas.egg-info/PKG-INFO;testbed/.venv/lib/python3.11/site-packages/geopandas-0.10.1+3.g8bd3ea90.dirty.dist-info/METADATA,2,,0.10.1+3.g8bd3ea90.dirty,unverifiable,mirror.gcr.io-stream+truncated-index,,[],2026-10-07T02:24:23+00:00
format-code-task-001260,leak-closed,sha256:4d48d2b0a3b3873ec5190f3bd8f394b79e63bf9f68fc9a1fc81bb7c9e81dd933,sha256:b40d9759eb0f57110ce4b7f2b9457295c3be0ac4209236d5730a3ff6b9083ca0,moto,root-packaging-name,yes,false,unverifiable,unverifiable,,egg-info,testbed/moto.egg-info/PKG-INFO,1,,3.1.18.dev0,unverifiable,mirror.gcr.io-stream,,[],2026-10-07T02:19:36+00:00
format-code-task-001333,original,sha256:ddc8374e118cebeb7f089112ab4844cc83d3a03533bc7e7a46753a0cc4b89da7,sha256:5e328e90d5fce8df032ec12f6fe661af81a8e1e6be01ade1cda552986a5d028f,mujoco-warp,root-packaging-name,yes,false,unverifiable,unverifiable,mujoco_warp/_src/sensor.py,dist-info,root/.venv_mjwarp/lib/python3.12/site-packages/mujoco_warp-0.0.1.dist-info/METADATA;testbed/.venv/lib/python3.12/site-packages/mujoco_warp-0.0.1.dist-info/METADATA,2,0.0.1,0.0.1,same,mirror.gcr.io-stream+truncated-index,,[],2026-10-07T02:28:04+00:00
format-code-task-001364,original,sha256:210fffb41d531b38aac2798c98df14926bcc376876aafd31e9db5a131e2e4a8c,sha256:529bd2dbb0abb101271edb95925684fad9fe25af2bddbf56eeaac602c763d462,project_name,root-packaging-name,no,false,unverifiable,unverifiable,,,,0,,,unverifiable,mirror.gcr.io-stream+truncated-index,,[],2026-10-07T02:21:45+00:00
format-code-task-001422,repair,sha256:03762dc0058a8fc6f14d16c14b823dfad10fa1560e91e76c8e9ca2d16a86ed4c,sha256:1397838392c711738e980d2fea365b00b2078bcc299bd887a8bd2b84706969a8,h5py,test-dir-package+worktree,yes,false,unverifiable,unverifiable,h5py/_hl/dataset.py,egg-info;pth-egglink;site-packages,testbed/h5py.egg-info/PKG-INFO;usr/local/lib/python3.8/site-packages/h5py.egg-link,2,,2.10.0,unverifiable,mirror.gcr.io-stream,,[],2026-10-07T02:20:48+00:00
format-code-task-001481,leak-closed,sha256:8235576ec8a6429d89e128c87fb49c1a9873437297b456b1fb99bd012c26d171,sha256:65830ca1e58e1d7f2757cbaae79fcebc4a47f4926497136355a9a2e0feb1b344,homeassistant,patch-import+worktree,yes,false,unverifiable,unverifiable,homeassistant/components/abode/sensor.py;homeassistant/components/accuweather/sensor.py;homeassistant/components/acmeda/sensor.py;homeassistant/components/adguard/sensor.py;homeassistant/components/ads/sensor.py;homeassistant/components/advantage_air/sensor.py;homeassistant/components/aemet/sensor.py;homeassistant/components/aftership/sensor.py;homeassistant/components/airly/sensor.py;homeassistant/components/airnow/sensor.py;homeassistant/components/airq/sensor.py;homeassistant/components/airthings/sensor.py;homeassistant/components/airthings_ble/sensor.py;homeassistant/components/airvisual/sensor.py;homeassistant/components/airvisual_pro/sensor.py;homeassistant/components/airzone/sensor.py;homeassistant/components/airzone_cloud/sensor.py;homeassistant/components/aladdin_connect/sensor.py;homeassistant/components/alarmdecoder/sensor.py;homeassistant/components/alpha_vantage/sensor.py;homeassistant/components/amberelectric/sensor.py;homeassistant/components/ambient_station/sensor.py;homeassistant/components/amcrest/sensor.py;homeassistant/components/android_ip_webcam/sensor.py;homeassistant/components/anova/sensor.py;homeassistant/components/apcupsd/sensor.py;homeassistant/components/aqualogic/sensor.py;homeassistant/components/aranet/sensor.py;homeassistant/components/arest/sensor.py;homeassistant/components/arwn/sensor.py;homeassistant/components/aseko_pool_live/sensor.py;homeassistant/components/asuswrt/sensor.py;homeassistant/components/atag/sensor.py;homeassistant/components/atome/sensor.py;homeassistant/components/august/sensor.py;homeassistant/components/aurora/sensor.py;homeassistant/components/aurora_abb_powerone/sensor.py;homeassistant/components/aussie_broadband/sensor.py;homeassistant/components/awair/sensor.py;homeassistant/components/azure_devops/sensor.py;homeassistant/components/baf/sensor.py;homeassistant/components/bbox/sensor.py;homeassistant/components/beewi_smartclim/sensor.py;homeassistant/components/bitcoin/sensor.py;homeassistant/components/bizkaibus/sensor.py;homeassistant/components/blebox/sensor.py;homeassistant/components/blink/sensor.py;homeassistant/components/blockchain/sensor.py;homeassistant/components/bloomsky/sensor.py;homeassistant/components/bluemaestro/sensor.py;homeassistant/components/bmw_connected_drive/sensor.py;homeassistant/components/bosch_shc/sensor.py;homeassistant/components/broadlink/sensor.py;homeassistant/components/brother/sensor.py;homeassistant/components/brottsplatskartan/sensor.py;homeassistant/components/bthome/sensor.py;homeassistant/components/buienradar/sensor.py;homeassistant/components/canary/sensor.py;homeassistant/components/cert_expiry/sensor.py;homeassistant/components/citybikes/sensor.py;homeassistant/components/co2signal/sensor.py;homeassistant/components/coinbase/sensor.py;homeassistant/components/comed_hourly_pricing/sensor.py;homeassistant/components/comelit/sensor.py;homeassistant/components/comfoconnect/sensor.py;homeassistant/components/command_line/sensor.py;homeassistant/components/compensation/sensor.py;homeassistant/components/coolmaster/sensor.py;homeassistant/components/cpuspeed/sensor.py;homeassistant/components/cups/sensor.py;homeassistant/components/currencylayer/sensor.py;homeassistant/components/daikin/sensor.py;homeassistant/components/danfoss_air/sensor.py;homeassistant/components/deconz/sensor.py;homeassistant/components/delijn/sensor.py;homeassistant/components/deluge/sensor.py;homeassistant/components/demo/sensor.py;homeassistant/components/derivative/sensor.py;homeassistant/components/devolo_home_control/sensor.py;homeassistant/components/devolo_home_network/sensor.py;homeassistant/components/dexcom/sensor.py;homeassistant/components/discogs/sensor.py;homeassistant/components/discovergy/sensor.py;homeassistant/components/dnsip/sensor.py;homeassistant/components/dormakaba_dkey/sensor.py;homeassistant/components/dovado/sensor.py;homeassistant/components/dremel_3d_printer/sensor.py;homeassistant/components/dsmr/sensor.py;homeassistant/components/dsmr_reader/sensor.py;homeassistant/components/dte_energy_bridge/sensor.py;homeassistant/components/dublin_bus_transport/sensor.py;homeassistant/components/dwd_weather_warnings/sensor.py;homeassistant/components/dweet/sensor.py;homeassistant/components/eafm/sensor.py;homeassistant/components/easyenergy/sensor.py;homeassistant/components/ebox/sensor.py;homeassistant/components/ebusd/sensor.py;homeassistant/components/ecoal_boiler/sensor.py;homeassistant/components/ecobee/sensor.py;homeassistant/components/ecoforest/sensor.py;homeassistant/components/econet/sensor.py;homeassistant/components/ecowitt/sensor.py;homeassistant/components/eddystone_temperature/sensor.py;homeassistant/components/edl21/sensor.py;homeassistant/components/efergy/sensor.py;homeassistant/components/electric_kiwi/sensor.py;homeassistant/components/elgato/sensor.py;homeassistant/components/eliqonline/sensor.py;homeassistant/components/elkm1/sensor.py;homeassistant/components/emoncms/sensor.py;homeassistant/components/emonitor/sensor.py;homeassistant/components/energy/sensor.py;homeassistant/components/energyzero/sensor.py;homeassistant/components/enocean/sensor.py;homeassistant/components/enphase_envoy/sensor.py;homeassistant/components/entur_public_transport/sensor.py;homeassistant/components/environment_canada/sensor.py;homeassistant/components/envisalink/sensor.py;homeassistant/components/epsonworkforce/sensor.py;homeassistant/components/esphome/sensor.py;homeassistant/components/etherscan/sensor.py;homeassistant/components/eufylife_ble/sensor.py;homeassistant/components/ezviz/sensor.py;homeassistant/components/fail2ban/sensor.py;homeassistant/components/fastdotcom/sensor.py;homeassistant/components/fibaro/sensor.py;homeassistant/components/fido/sensor.py;homeassistant/components/file/sensor.py;homeassistant/components/filesize/sensor.py;homeassistant/components/filter/sensor.py;homeassistant/components/fints/sensor.py;homeassistant/components/fireservicerota/sensor.py;homeassistant/components/firmata/sensor.py;homeassistant/components/fitbit/sensor.py;homeassistant/components/fivem/sensor.py;homeassistant/components/fixer/sensor.py;homeassistant/components/fjaraskupan/sensor.py;homeassistant/components/flick_electric/sensor.py;homeassistant/components/flipr/sensor.py;homeassistant/components/flo/sensor.py;homeassistant/components/flume/sensor.py;homeassistant/components/flux_led/sensor.py;homeassistant/components/folder/sensor.py;homeassistant/components/foobot/sensor.py;homeassistant/components/forecast_solar/sensor.py;homeassistant/components/freebox/sensor.py;homeassistant/components/freedompro/sensor.py;homeassistant/components/fritz/sensor.py;homeassistant/components/fritzbox/sensor.py;homeassistant/components/fritzbox_callmonitor/sensor.py;homeassistant/components/fronius/sensor.py;homeassistant/components/fully_kiosk/sensor.py;homeassistant/components/garages_amsterdam/sensor.py;homeassistant/components/gardena_bluetooth/sensor.py;homeassistant/components/gdacs/sensor.py;homeassistant/components/geniushub/sensor.py;homeassistant/components/geo_rss_events/sensor.py;homeassistant/components/geocaching/sensor.py;homeassistant/components/geonetnz_quakes/sensor.py;homeassistant/components/geonetnz_volcano/sensor.py;homeassistant/components/gios/sensor.py;homeassistant/components/github/sensor.py;homeassistant/components/gitlab_ci/sensor.py;homeassistant/components/gitter/sensor.py;homeassistant/components/glances/sensor.py;homeassistant/components/goalzero/sensor.py;homeassistant/components/gogogate2/sensor.py;homeassistant/components/goodwe/sensor.py;homeassistant/components/google_mail/sensor.py;homeassistant/components/google_travel_time/sensor.py;homeassistant/components/google_wifi/sensor.py;homeassistant/components/govee_ble/sensor.py;homeassistant/components/gpsd/sensor.py;homeassistant/components/greeneye_monitor/sensor.py;homeassistant/components/group/sensor.py;homeassistant/components/growatt_server/sensor.py;homeassistant/components/gtfs/sensor.py;homeassistant/components/guardian/sensor.py;homeassistant/components/habitica/sensor.py;homeassistant/components/hassio/sensor.py;homeassistant/components/haveibeenpwned/sensor.py;homeassistant/components/hddtemp/sensor.py;homeassistant/components/here_travel_time/sensor.py;homeassistant/components/history_stats/sensor.py;homeassistant/components/hive/sensor.py;homeassistant/components/home_connect/sensor.py;homeassistant/components/homekit_controller/sensor.py;homeassistant/components/homematic/sensor.py;homeassistant/components/homematicip_cloud/sensor.py;homeassistant/components/homewizard/sensor.py;homeassistant/components/honeywell/sensor.py;homeassistant/components/hp_ilo/sensor.py;homeassistant/components/huawei_lte/sensor.py;homeassistant/components/hue/sensor.py;homeassistant/components/hue/v1/sensor.py;homeassistant/components/hue/v2/sensor.py;homeassistant/components/huisbaasje/sensor.py;homeassistant/components/hunterdouglas_powerview/sensor.py;homeassistant/components/hvv_departures/sensor.py;homeassistant/components/hydrawise/sensor.py;homeassistant/components/iammeter/sensor.py;homeassistant/components/iaqualink/sensor.py;homeassistant/components/ibeacon/sensor.py;homeassistant/components/icloud/sensor.py;homeassistant/components/ihc/sensor.py;homeassistant/components/imap/sensor.py;homeassistant/components/incomfort/sensor.py;homeassistant/components/influxdb/sensor.py;homeassistant/components/inkbird/sensor.py;homeassistant/components/integration/sensor.py;homeassistant/components/intellifire/sensor.py;homeassistant/components/ios/sensor.py;homeassistant/components/iotawatt/sensor.py;homeassistant/components/iperf3/sensor.py;homeassistant/components/ipma/sensor.py;homeassistant/components/ipp/sensor.py;homeassistant/components/iqvia/sensor.py;homeassistant/components/irish_rail_transport/sensor.py;homeassistant/components/islamic_prayer_times/sensor.py;homeassistant/components/iss/sensor.py;homeassistant/components/isy994/sensor.py;homeassistant/components/jellyfin/sensor.py;homeassistant/components/jewish_calendar/sensor.py;homeassistant/components/juicenet/sensor.py;homeassistant/components/justnimbus/sensor.py;homeassistant/components/kaiterra/sensor.py;homeassistant/components/kaleidescape/sensor.py;homeassistant/components/keba/sensor.py;homeassistant/components/kegtron/sensor.py;homeassistant/components/kira/sensor.py;homeassistant/components/kitchen_sink/sensor.py;homeassistant/components/knx/sensor.py;homeassistant/components/konnected/sensor.py;homeassistant/components/kostal_plenticore/sensor.py;homeassistant/components/kraken/sensor.py;homeassistant/components/kwb/sensor.py;homeassistant/components/lacrosse/sensor.py;homeassistant/components/lacrosse_view/sensor.py;homeassistant/components/lametric/sensor.py;homeassistant/components/landisgyr_heat_meter/sensor.py;homeassistant/components/lastfm/sensor.py;homeassistant/components/launch_library/sensor.py;homeassistant/components/lcn/sensor.py;homeassistant/components/ld2410_ble/sensor.py;homeassistant/components/lidarr/sensor.py;homeassistant/components/lifx/sensor.py;homeassistant/components/lightwave/sensor.py;homeassistant/components/linux_battery/sensor.py;homeassistant/components/litterrobot/sensor.py;homeassistant/components/local_ip/sensor.py;homeassistant/components/logi_circle/sensor.py;homeassistant/components/london_air/sensor.py;homeassistant/components/london_underground/sensor.py;homeassistant/components/lookin/sensor.py;homeassistant/components/loqed/sensor.py;homeassistant/components/luftdaten/sensor.py;homeassistant/components/lyric/sensor.py;homeassistant/components/matter/sensor.py;homeassistant/components/meater/sensor.py;homeassistant/components/medcom_ble/sensor.py;homeassistant/components/melcloud/sensor.py;homeassistant/components/melnor/sensor.py;homeassistant/components/meteo_france/sensor.py;homeassistant/components/meteoclimatic/sensor.py;homeassistant/components/metoffice/sensor.py;homeassistant/components/mfi/sensor.py;homeassistant/components/mill/sensor.py;homeassistant/components/min_max/sensor.py;homeassistant/components/minecraft_server/sensor.py;homeassistant/components/moat/sensor.py;homeassistant/components/mobile_app/sensor.py;homeassistant/components/modbus/sensor.py;homeassistant/components/modem_callerid/sensor.py;homeassistant/components/modern_forms/sensor.py;homeassistant/components/moehlenhoff_alpha2/sensor.py;homeassistant/components/mold_indicator/sensor.py;homeassistant/components/moon/sensor.py;homeassistant/components/mopeka/sensor.py;homeassistant/components/motion_blinds/sensor.py;homeassistant/components/motioneye/sensor.py;homeassistant/components/mqtt/sensor.py;homeassistant/components/mqtt_room/sensor.py;homeassistant/components/mvglive/sensor.py;homeassistant/components/mysensors/sensor.py;homeassistant/components/mystrom/sensor.py;homeassistant/components/nam/sensor.py;homeassistant/components/neato/sensor.py;homeassistant/components/nederlandse_spoorwegen/sensor.py;homeassistant/components/nest/sensor.py;homeassistant/components/netatmo/sensor.py;homeassistant/components/netdata/sensor.py;homeassistant/components/netgear/sensor.py;homeassistant/components/netgear_lte/sensor.py;homeassistant/components/neurio_energy/sensor.py;homeassistant/components/nexia/sensor.py;homeassistant/components/nextbus/sensor.py;homeassistant/components/nextcloud/sensor.py;homeassistant/components/nextdns/sensor.py;homeassistant/components/nibe_heatpump/sensor.py;homeassistant/components/nightscout/sensor.py;homeassistant/components/nissan_leaf/sensor.py;homeassistant/components/nmbs/sensor.py;homeassistant/components/noaa_tides/sensor.py;homeassistant/components/nobo_hub/sensor.py;homeassistant/components/notion/sensor.py;homeassistant/components/nsw_fuel_station/sensor.py;homeassistant/components/nuki/sensor.py;homeassistant/components/numato/sensor.py;homeassistant/components/nut/sensor.py;homeassistant/components/nws/sensor.py;homeassistant/components/nzbget/sensor.py;homeassistant/components/oasa_telematics/sensor.py;homeassistant/components/obihai/sensor.py;homeassistant/components/octoprint/sensor.py;homeassistant/components/ohmconnect/sensor.py;homeassistant/components/ombi/sensor.py;homeassistant/components/omnilogic/sensor.py;homeassistant/components/oncue/sensor.py;homeassistant/components/ondilo_ico/sensor.py;homeassistant/components/onewire/sensor.py;homeassistant/components/onvif/sensor.py;homeassistant/components/openerz/sensor.py;homeassistant/components/openevse/sensor.py;homeassistant/components/openexchangerates/sensor.py;homeassistant/components/opengarage/sensor.py;homeassistant/components/openhardwaremonitor/sensor.py;homeassistant/components/opensky/sensor.py;homeassistant/components/opentherm_gw/sensor.py;homeassistant/components/openuv/sensor.py;homeassistant/components/openweathermap/sensor.py;homeassistant/components/opower/sensor.py;homeassistant/components/oralb/sensor.py;homeassistant/components/oru/sensor.py;homeassistant/components/otp/sensor.py;homeassistant/components/overkiz/sensor.py;homeassistant/components/ovo_energy/sensor.py;homeassistant/components/p1_monitor/sensor.py;homeassistant/components/peco/sensor.py;homeassistant/components/pegel_online/sensor.py;homeassistant/components/pi_hole/sensor.py;homeassistant/components/picnic/sensor.py;homeassistant/components/pilight/sensor.py;homeassistant/components/plaato/sensor.py;homeassistant/components/plex/sensor.py;homeassistant/components/plugwise/sensor.py;homeassistant/components/pocketcasts/sensor.py;homeassistant/components/point/sensor.py;homeassistant/components/poolsense/sensor.py;homeassistant/components/powerwall/sensor.py;homeassistant/components/private_ble_device/sensor.py;homeassistant/components/prusalink/sensor.py;homeassistant/components/pure_energie/sensor.py;homeassistant/components/purpleair/sensor.py;homeassistant/components/pushbullet/sensor.py;homeassistant/components/pvoutput/sensor.py;homeassistant/components/pvpc_hourly_pricing/sensor.py;homeassistant/components/pyload/sensor.py;homeassistant/components/qbittorrent/sensor.py;homeassistant/components/qingping/sensor.py;homeassistant/components/qnap/sensor.py;homeassistant/components/qnap_qsw/sensor.py;homeassistant/components/qwikswitch/sensor.py;homeassistant/components/radarr/sensor.py;homeassistant/components/rainbird/sensor.py;homeassistant/components/raincloud/sensor.py;homeassistant/components/rainforest_eagle/sensor.py;homeassistant/components/rainmachine/sensor.py;homeassistant/components/random/sensor.py;homeassistant/components/rapt_ble/sensor.py;homeassistant/components/rdw/sensor.py;homeassistant/components/recollect_waste/sensor.py;homeassistant/components/reddit/sensor.py;homeassistant/components/rejseplanen/sensor.py;homeassistant/components/renault/sensor.py;homeassistant/components/renson/sensor.py;homeassistant/components/reolink/sensor.py;homeassistant/components/repetier/sensor.py;homeassistant/components/rest/sensor.py;homeassistant/components/rflink/sensor.py;homeassistant/components/rfxtrx/sensor.py;homeassistant/components/ridwell/sensor.py;homeassistant/components/ring/sensor.py;homeassistant/components/ripple/sensor.py;homeassistant/components/risco/sensor.py;homeassistant/components/rituals_perfume_genie/sensor.py;homeassistant/components/rmvtransport/sensor.py;homeassistant/components/roborock/sensor.py;homeassistant/components/roku/sensor.py;homeassistant/components/roomba/sensor.py;homeassistant/components/rova/sensor.py;homeassistant/components/rtorrent/sensor.py;homeassistant/components/ruuvitag_ble/sensor.py;homeassistant/components/rympro/sensor.py;homeassistant/components/sabnzbd/sensor.py;homeassistant/components/saj/sensor.py;homeassistant/components/schlage/sensor.py;homeassistant/components/scrape/sensor.py;homeassistant/components/screenlogic/sensor.py;homeassistant/components/season/sensor.py;homeassistant/components/sense/sensor.py;homeassistant/components/sensibo/sensor.py;homeassistant/components/sensirion_ble/sensor.py;homeassistant/components/sensorpro/sensor.py;homeassistant/components/sensorpush/sensor.py;homeassistant/components/serial/sensor.py;homeassistant/components/serial_pm/sensor.py;homeassistant/components/seventeentrack/sensor.py;homeassistant/components/sfr_box/sensor.py;homeassistant/components/shelly/sensor.py;homeassistant/components/shodan/sensor.py;homeassistant/components/sigfox/sensor.py;homeassistant/components/simplisafe/sensor.py;homeassistant/components/simulated/sensor.py;homeassistant/components/skybeacon/sensor.py;homeassistant/components/skybell/sensor.py;homeassistant/components/slack/sensor.py;homeassistant/components/sleepiq/sensor.py;homeassistant/components/sma/sensor.py;homeassistant/components/smappee/sensor.py;homeassistant/components/smart_meter_texas/sensor.py;homeassistant/components/smartthings/sensor.py;homeassistant/components/smarttub/sensor.py;homeassistant/components/smarty/sensor.py;homeassistant/components/sms/sensor.py;homeassistant/components/snmp/sensor.py;homeassistant/components/solaredge/sensor.py;homeassistant/components/solaredge_local/sensor.py;homeassistant/components/solarlog/sensor.py;homeassistant/components/solax/sensor.py;homeassistant/components/soma/sensor.py;homeassistant/components/sonarr/sensor.py;homeassistant/components/sonos/sensor.py;homeassistant/components/speedtestdotnet/sensor.py;homeassistant/components/spider/sensor.py;homeassistant/components/sql/sensor.py;homeassistant/components/srp_energy/sensor.py;homeassistant/components/starline/sensor.py;homeassistant/components/starlingbank/sensor.py;homeassistant/components/starlink/sensor.py;homeassistant/components/startca/sensor.py;homeassistant/components/statistics/sensor.py;homeassistant/components/steam_online/sensor.py;homeassistant/components/steamist/sensor.py;homeassistant/components/stookwijzer/sensor.py;homeassistant/components/streamlabswater/sensor.py;homeassistant/components/subaru/sensor.py;homeassistant/components/suez_water/sensor.py;homeassistant/components/sun/sensor.py;homeassistant/components/supervisord/sensor.py;homeassistant/components/surepetcare/sensor.py;homeassistant/components/swiss_hydrological_data/sensor.py;homeassistant/components/swiss_public_transport/sensor.py;homeassistant/components/switchbot/sensor.py;homeassistant/components/switcher_kis/sensor.py;homeassistant/components/syncthing/sensor.py;homeassistant/components/syncthru/sensor.py;homeassistant/components/synology_dsm/sensor.py;homeassistant/components/system_bridge/sensor.py;homeassistant/components/systemmonitor/sensor.py;homeassistant/components/tado/sensor.py;homeassistant/components/tailscale/sensor.py;homeassistant/components/tami4/sensor.py;homeassistant/components/tank_utility/sensor.py;homeassistant/components/tankerkoenig/sensor.py;homeassistant/components/tasmota/sensor.py;homeassistant/components/tautulli/sensor.py;homeassistant/components/tcp/sensor.py;homeassistant/components/ted5000/sensor.py;homeassistant/components/tellduslive/sensor.py;homeassistant/components/tellstick/sensor.py;homeassistant/components/temper/sensor.py;homeassistant/components/template/sensor.py;homeassistant/components/tesla_wall_connector/sensor.py;homeassistant/components/thermobeacon/sensor.py;homeassistant/components/thermopro/sensor.py;homeassistant/components/thermoworks_smoke/sensor.py;homeassistant/components/thethingsnetwork/sensor.py;homeassistant/components/thinkingcleaner/sensor.py;homeassistant/components/tibber/sensor.py;homeassistant/components/tilt_ble/sensor.py;homeassistant/components/time_date/sensor.py;homeassistant/components/tmb/sensor.py;homeassistant/components/tolo/sensor.py;homeassistant/components/tomorrowio/sensor.py;homeassistant/components/toon/sensor.py;homeassistant/components/torque/sensor.py;homeassistant/components/tplink/sensor.py;homeassistant/components/tractive/sensor.py;homeassistant/components/tradfri/sensor.py;homeassistant/components/trafikverket_camera/sensor.py;homeassistant/components/trafikverket_ferry/sensor.py;homeassistant/components/trafikverket_train/sensor.py;homeassistant/components/trafikverket_weatherstation/sensor.py;homeassistant/components/transmission/sensor.py;homeassistant/components/transport_nsw/sensor.py;homeassistant/components/travisci/sensor.py;homeassistant/components/tuya/sensor.py;homeassistant/components/twentemilieu/sensor.py;homeassistant/components/twitch/sensor.py;homeassistant/components/uk_transport/sensor.py;homeassistant/components/unifi/sensor.py;homeassistant/components/unifiprotect/sensor.py;homeassistant/components/upnp/sensor.py;homeassistant/components/uptime/sensor.py;homeassistant/components/uptimerobot/sensor.py;homeassistant/components/utility_meter/sensor.py;homeassistant/components/vallox/sensor.py;homeassistant/components/vasttrafik/sensor.py;homeassistant/components/velbus/sensor.py;homeassistant/components/venstar/sensor.py;homeassistant/components/vera/sensor.py;homeassistant/components/verisure/sensor.py;homeassistant/components/versasense/sensor.py;homeassistant/components/version/sensor.py;homeassistant/components/vesync/sensor.py;homeassistant/components/viaggiatreno/sensor.py;homeassistant/components/vicare/sensor.py;homeassistant/components/vilfo/sensor.py;homeassistant/components/vodafone_station/sensor.py;homeassistant/components/volkszaehler/sensor.py;homeassistant/components/volvooncall/sensor.py;homeassistant/components/vultr/sensor.py;homeassistant/components/wallbox/sensor.py;homeassistant/components/waqi/sensor.py;homeassistant/components/waterfurnace/sensor.py;homeassistant/components/watttime/sensor.py;homeassistant/components/waze_travel_time/sensor.py;homeassistant/components/weatherflow/sensor.py;homeassistant/components/weatherkit/sensor.py;homeassistant/components/websocket_api/sensor.py;homeassistant/components/wemo/sensor.py;homeassistant/components/whirlpool/sensor.py;homeassistant/components/whois/sensor.py;homeassistant/components/wiffi/sensor.py;homeassistant/components/wirelesstag/sensor.py;homeassistant/components/withings/sensor.py;homeassistant/components/wiz/sensor.py;homeassistant/components/wled/sensor.py;homeassistant/components/wolflink/sensor.py;homeassistant/components/worldclock/sensor.py;homeassistant/components/worldtidesinfo/sensor.py;homeassistant/components/worxlandroid/sensor.py;homeassistant/components/wsdot/sensor.py;homeassistant/components/xbox/sensor.py;homeassistant/components/xiaomi_aqara/sensor.py;homeassistant/components/xiaomi_ble/sensor.py;homeassistant/components/xiaomi_miio/sensor.py;homeassistant/components/xs1/sensor.py;homeassistant/components/yalexs_ble/sensor.py;homeassistant/components/yandex_transport/sensor.py;homeassistant/components/yolink/sensor.py;homeassistant/components/youless/sensor.py;homeassistant/components/youtube/sensor.py;homeassistant/components/zabbix/sensor.py;homeassistant/components/zamg/sensor.py;homeassistant/components/zestimate/sensor.py;homeassistant/components/zeversolar/sensor.py;homeassistant/components/zha/sensor.py;homeassistant/components/zodiac/sensor.py;homeassistant/components/zoneminder/sensor.py;homeassistant/components/zwave_js/sensor.py;homeassistant/components/zwave_me/sensor.py;homeassistant/helpers/sensor.py;script/scaffold/templates/config_flow_helper/integration/sensor.py;tests/testing_config/custom_components/test/sensor.py,dist-info;egg-info;pth-egglink;site-packages,testbed/homeassistant.egg-info/PKG-INFO;usr/local/lib/python3.11/site-packages/__editable__.homeassistant-2023.12.0.dev0.pth;usr/local/lib/python3.11/site-packages/__editable___homeassistant_2023_12_0_dev0_finder.py;usr/local/lib/python3.11/site-packages/__pycache__/__editable___homeassistant_2023_12_0_dev0_finder.cpython-311.pyc;usr/local/lib/python3.11/site-packages/homeassistant-2023.12.0.dev0.dist-info/INSTALLER;usr/local/lib/python3.11/site-packages/homeassistant-2023.12.0.dev0.dist-info/LICENSE.md;usr/local/lib/python3.11/site-packages/homeassistant-2023.12.0.dev0.dist-info/METADATA;usr/local/lib/python3.11/site-packages/homeassistant-2023.12.0.dev0.dist-info/RECORD;usr/local/lib/python3.11/site-packages/homeassistant-2023.12.0.dev0.dist-info/REQUESTED;usr/local/lib/python3.11/site-packages/homeassistant-2023.12.0.dev0.dist-info/WHEEL;usr/local/lib/python3.11/site-packages/homeassistant-2023.12.0.dev0.dist-info/direct_url.json;usr/local/lib/python3.11/site-packages/homeassistant-2023.12.0.dev0.dist-info/entry_points.txt;usr/local/lib/python3.11/site-packages/homeassistant-2023.12.0.dev0.dist-info/top_level.txt,13,2023.12.0.dev0,2023.12.0.dev0,same,mirror.gcr.io-stream,,[],2026-10-07T02:23:38+00:00
format-code-task-001488,original,sha256:ff811438b23008d9974c8b6ea9a67ad2797863d286b35353ba24893bd195b13c,sha256:24084daa03195dc101f1d5c909ab7dc728df03998878d3d87e2c0809e38075c4,homeassistant,root-packaging-name,yes,false,unverifiable,unverifiable,,dist-info;egg-info,testbed/homeassistant.egg-info/PKG-INFO;usr/local/lib/python3.13/site-packages/homeassistant-2025.3.0.dev0.dist-info/METADATA,2,2025.3.0.dev0,2025.3.0.dev0,same,mirror.gcr.io-stream,,[],2026-10-07T02:24:14+00:00
format-code-task-001497,original,sha256:f079c3a7888ccb0affa7d9a4e9dc8d6d78ad99e997210c08cc2e25efff25586b,sha256:31bc5453751bccac1d6d25a42231364a9b4e88e19ea9e0544de4c4a0073abd41,homeassistant,dist-info+worktree,yes,false,unverifiable,unverifiable,homeassistant/components/alexa/capabilities.py,egg-info,testbed/homeassistant.egg-info/PKG-INFO,1,,0.107.0.dev0,unverifiable,mirror.gcr.io-stream,,[],2026-10-07T02:21:45+00:00
format-code-task-001587,leak-closed,sha256:104b04637b12e93b5c8f1edada93682147dc59d98a3aaa259e74066850517d1d,sha256:b2be1f452f630da02b12ed08ae451dc1b9332967a6ec326fc67684eb28fcb641,irrd,test-dir-package+worktree,yes,false,unverifiable,unverifiable,irrd/server/whois/query_parser.py,egg-info;pth-egglink;site-packages;vendored,testbed/irrd.egg-info/PKG-INFO;testbed/irrd/vendor/__init__.py;testbed/irrd/vendor/__pycache__/__init__.cpython-39.pyc;testbed/irrd/vendor/dotted/__init__.py;testbed/irrd/vendor/dotted/collection.py;testbed/irrd/vendor/postgres_copy/__init__.py;testbed/irrd/vendor/dotted/__pycache__/__init__.cpython-39.pyc;testbed/irrd/vendor/dotted/__pycache__/collection.cpython-39.pyc;testbed/irrd/vendor/postgres_copy/__pycache__/__init__.cpython-39.pyc;usr/local/lib/python3.9/site-packages/irrd.egg-link,10,,4.2.0rc3,unverifiable,mirror.gcr.io-stream,,[],2026-10-07T02:22:19+00:00
format-code-task-001692,leak-closed,sha256:90a908703770cfaceeb7fcfc5cf4dd01919808982bab4350b3eafdae6d325086,sha256:3239895d36695313b47df36faf4b0f5546f8fe1002459500cd5626ba646e4251,keras-tuner,dist-info+worktree,yes,false,unverifiable,unverifiable,kerastuner/engine/hyperparameters.py,egg-info,testbed/keras_tuner.egg-info/PKG-INFO,1,1.0.2rc1dev,1.0.2rc1.dev0,same,mirror.gcr.io-stream,,[],2026-10-07T02:22:04+00:00
format-code-task-001750,leak-closed,sha256:c756eb4a3b5d82982ad46360f07ede85eb13049b40e2d2ce3741d996e42818fc,sha256:b0fbf189b611643e1074d5f764564f4015bbb19df67c5eefecdfed7f9968aa8b,kymatio,test-dir-package+worktree,yes,false,unverifiable,unverifiable,kymatio/scattering3d/scattering3d.py,egg-info;pth-egglink;site-packages,testbed/kymatio.egg-info/PKG-INFO;usr/local/lib/python3.11/site-packages/kymatio.egg-link,2,,0.1.0.dev0,unverifiable,mirror.gcr.io-stream,,[],2026-10-07T02:23:05+00:00
format-code-task-001811,leak-closed,sha256:2160c8920ac5e0713921607e7f5e63cff42946e5f1fb3b9a65357bb6637ca8d2,sha256:799a07981738372251b71461764263678b9ff17504788c82de69eecf9344cd83,locust,test-dir-package+worktree,yes,false,unverifiable,unverifiable,locust/runners.py,egg-info;pth-egglink;site-packages,testbed/locust.egg-info/PKG-INFO;usr/local/lib/python3.8/site-packages/locust.egg-link,2,,1.2.2,unverifiable,mirror.gcr.io-stream,,[],2026-10-07T02:22:22+00:00
format-code-task-001880,original,sha256:1305ad301aeb9cb674f516ae2807e5a837cdcba51240ad9a7efab7b2a7b9680a,sha256:81f5ce7756a57e3a880cabdebbbd8b6057e440e28a869b83fd5477a536ecaacd,vizro,root-packaging-name,yes,false,unverifiable,unverifiable,,dist-info,usr/local/lib/python3.14/dist-packages/vizro-0.1.12.dev0.dist-info/METADATA,1,,0.1.12.dev0,unverifiable,mirror.gcr.io-stream+truncated-index,,[],2026-10-07T02:28:09+00:00
format-code-task-001936,original,sha256:48d1562a3fdb0520983072a9d7913cc8e80d54dd2de4912657ca868ba9c3cd95,sha256:6c5b07386e5fd7a3c75e9c917565105be0a0aff1ab4c088a1886b762d6e37a9b,mitmproxy,root-packaging-name,yes,false,unverifiable,unverifiable,,dist-packages;egg-info;pth-egglink,testbed/mitmproxy.egg-info/PKG-INFO;usr/local/lib/python3.11/dist-packages/mitmproxy.egg-link,2,,3.0.0,unverifiable,mirror.gcr.io-stream+truncated-index,,[],2026-10-07T02:25:41+00:00
format-code-task-001940,leak-closed,sha256:fe0d3faffaf0eaa0280020604c392bfbe57c995ec7c3542dd7985e21937b2344,sha256:76e0715e036052d409caf0082b544bbe281cae4ba5e428cdd436404080a04970,griffe,dist-info+worktree,yes,false,unverifiable,unverifiable,src/griffe/finder.py,dist-info,usr/local/lib/python3.11/site-packages/griffe-0.20.1.dev1+gb2c3946.dist-info/METADATA,1,,0.20.1.dev1+gb2c3946,unverifiable,mirror.gcr.io-stream,,[],2026-10-07T02:22:29+00:00
format-code-task-001963,original,sha256:18ec42ed85728fa0007e76223c8d668ae5adcebd5121e6c57c01dea8e06e5c3d,sha256:767cbb6e0cc9cfec2322b12d51556474e634f2f5e39c4bacdcd3e57f3445d66a,,unknown,unscanned,false,unverifiable,unverifiable,,,,0,,,unverifiable,mirror.gcr.io-stream+truncated-index,,[],2026-10-07T02:26:54+00:00
format-code-task-002022,original,sha256:a393051c5a0c6d301cb555aea98fe3b3802a724579f0ffc5fd6383d44e5bdcfb,sha256:3007cc7f2eb25b5ece7212102db8c4d9e66b70cdfef0e12b18a7d0cbfc924f54,nautobot,root-packaging-name,yes,false,unverifiable,unverifiable,examples/example_plugin/example_plugin/api/views.py;examples/example_plugin/example_plugin/views.py;examples/example_plugin_with_view_override/example_plugin_with_view_override/views.py;nautobot/apps/views.py;nautobot/circuits/api/views.py;nautobot/circuits/views.py;nautobot/core/api/views.py;nautobot/dcim/api/views.py;nautobot/dcim/views.py;nautobot/extras/api/views.py;nautobot/extras/plugins/views.py;nautobot/extras/views.py;nautobot/ipam/api/views.py;nautobot/ipam/views.py;nautobot/tenancy/api/views.py;nautobot/tenancy/views.py;nautobot/users/api/views.py;nautobot/users/views.py;nautobot/utilities/testing/views.py;nautobot/utilities/views.py;nautobot/virtualization/api/views.py;nautobot/virtualization/views.py,dist-info,opt/nautobot-venv/lib/python3.11/site-packages/nautobot-1.5.19b1.dist-info/METADATA;testbed/.venv/lib/python3.11/site-packages/nautobot-1.5.19b1.dist-info/METADATA;usr/local/lib/python3.11/dist-packages/nautobot-1.5.19b1.dist-info/METADATA,3,1.5.19-beta.1,1.5.19b1,same,mirror.gcr.io-stream+truncated-index,,[],2026-10-07T02:27:29+00:00
format-code-task-002023,original,sha256:2224a5e2dcec9fe0a41953d2805c440ede23aed36a2b6c6ada082c9162688e18,sha256:cf78c67534a5a6a367971916adae0dad5537a93bcb29223ca35fa600fd6ce051,nautobot,root-packaging-name,yes,false,unverifiable,unverifiable,examples/example_plugin/example_plugin/jobs.py;nautobot/apps/jobs.py;nautobot/extras/jobs.py;nautobot/extras/models/jobs.py,dist-info,testbed/.venv/lib/python3.11/site-packages/nautobot-2.1.0b2.dist-info/METADATA;usr/local/lib/python3.11/dist-packages/nautobot-2.1.0b2.dist-info/METADATA,2,2.1.0b2,2.1.0b2,same,mirror.gcr.io-stream+truncated-index,,[],2026-10-07T02:27:30+00:00
format-code-task-002134,original,sha256:e7c56e7d80282ea7b4e6dae84ce8594d23f16966a8d39bfcadfb00899114de66,sha256:eac6811e7087afb00238478f22d7326a697d1351b092d6a2ad3c453312c9f46e,kestrel-lang,root-packaging-name,yes,false,unverifiable,unverifiable,src/kestrel/exceptions.py;src/kestrel/session.py,dist-info;egg-info,testbed/src/kestrel_lang.egg-info/PKG-INFO;opt/kestrel-venv/lib/python3.11/site-packages/kestrel_lang-1.0.13.dist-info/METADATA;usr/local/lib/python3.11/dist-packages/kestrel_lang-1.0.12.dist-info/METADATA;usr/local/lib/python3.14/dist-packages/kestrel_lang-1.0.13.dist-info/METADATA,4,1.0.12,,unverifiable,mirror.gcr.io-stream+truncated-index,,[],2026-10-07T02:29:31+00:00
format-code-task-002135,original,sha256:92d4202c6109314a7a44bc9f91332e37bcb61315fb3b1665fe4856c170810959,sha256:d24167c5aee637eccd8a905d7a9c2142ee6a0aa4bd2abffd702299e1284109d0,datacube,root-packaging-name,yes,false,unverifiable,unverifiable,,dist-info;egg-info,testbed/datacube.egg-info/PKG-INFO;testbed/.venv/lib/python3.9/site-packages/datacube-1.7+248.g0a938997.dirty.dist-info/METADATA,2,,,unverifiable,mirror.gcr.io-stream+truncated-index,,[],2026-10-07T02:29:44+00:00
format-code-task-002169,original,sha256:38a8d54be3b5446fefee010775007e472afcdee00cf5cb67953fdeb417e9412a,sha256:a3d1bda5bc0c2f4a4752d0692ba65f6cb2b25e0fb52a8f6d23e42a911954c832,backend,test-dir-package+worktree,yes,false,unverifiable,unverifiable,backend/infrahub/graphql/mutations/graphql_query.py,dist-packages,usr/lib/python3/dist-packages/cryptography/hazmat/backends/openssl/backend.py;usr/local/lib/python3.11/dist-packages/cryptography/hazmat/backends/openssl/backend.py,2,0.6.1,,unverifiable,mirror.gcr.io-stream+truncated-index,,[],2026-10-07T02:31:47+00:00
format-code-task-002202,repair,sha256:c8cff14e78a4278c0dae0f4385813d8b1d8f5ec5c5081837a92d289af2b498ff,sha256:67faea83bc2c001c42bf5a0be8ea8c077952f7df5d8d18cbb1a91c0552097ca1,,unknown,unscanned,false,unverifiable,unverifiable,,,,0,,,unverifiable,mirror.gcr.io-stream,,[],2026-10-07T02:23:36+00:00
format-code-task-002204,repair,sha256:4556e13cde6ddcd7c83e776d65849a088003e724e1f2960e66a2f2e11cdf1f17,sha256:a902ef4b75cb8c0efcaa7b67526eb7f805ef7a39fd8f7eded6977d3de1ea14b8,pandas,test-dir-package+worktree,yes,false,unverifiable,unverifiable,asv_bench/benchmarks/strings.py;pandas/core/strings.py,egg-info;pth-egglink;site-packages,testbed/pandas.egg-info/PKG-INFO;usr/local/lib/python3.6/site-packages/pandas.egg-link;usr/local/lib/python3.6/site-packages/hypothesis/extra/pandas/__init__.py;usr/local/lib/python3.6/site-packages/hypothesis/extra/pandas/impl.py;usr/local/lib/python3.6/site-packages/hypothesis/extra/pandas/__pycache__/__init__.cpython-36.pyc;usr/local/lib/python3.6/site-packages/hypothesis/extra/pandas/__pycache__/impl.cpython-36.pyc,6,,0.24.0.dev0+1041.g1250500cfe.dirty,unverifiable,mirror.gcr.io-stream,,[],2026-10-07T02:23:27+00:00
format-code-task-002213,original,sha256:3ecc72b856800b7fb0bfcc38050f82de82c8a70eb92b03128430fd2290c72345,sha256:8f9b47a09da9eb37e1b4a5cb6ecf64b7dc7bf30ff06093c47d0fe322a85fd814,mimo_build_env.tar.gz.b64,patch-source-path,no,false,unverifiable,unverifiable,pandas/io/parsers.py,,,0,0.6c5,,unverifiable,mirror.gcr.io-stream+truncated-index,,[],2026-10-07T02:28:36+00:00
format-code-task-002218,repair,sha256:8efe1f83348c36ec48a764248fbdecf7ccd55f3e1815cac48c134d66806cd3ad,sha256:3693ffd91ef5d66ea19dfb26e316e65a63f6cacd1288cf5713bf36594ef969b0,pandas,test-dir+import,yes,false,unverifiable,unverifiable,,build-lib;egg-info;pth-egglink;site-packages,testbed/pandas.egg-info/PKG-INFO;testbed/build/lib.linux-x86_64-3.8/pandas/_libs/algos.cpython-38-x86_64-linux-gnu.so;testbed/build/lib.linux-x86_64-3.8/pandas/_libs/groupby.cpython-38-x86_64-linux-gnu.so;testbed/build/lib.linux-x86_64-3.8/pandas/_libs/hashing.cpython-38-x86_64-linux-gnu.so;testbed/build/lib.linux-x86_64-3.8/pandas/_libs/hashtable.cpython-38-x86_64-linux-gnu.so;testbed/build/lib.linux-x86_64-3.8/pandas/_libs/index.cpython-38-x86_64-linux-gnu.so;testbed/build/lib.linux-x86_64-3.8/pandas/_libs/indexing.cpython-38-x86_64-linux-gnu.so;testbed/build/lib.linux-x86_64-3.8/pandas/_libs/internals.cpython-38-x86_64-linux-gnu.so;testbed/build/lib.linux-x86_64-3.8/pandas/_libs/interval.cpython-38-x86_64-linux-gnu.so;testbed/build/lib.linux-x86_64-3.8/pandas/_libs/join.cpython-38-x86_64-linux-gnu.so;testbed/build/lib.linux-x86_64-3.8/pandas/_libs/json.cpython-38-x86_64-linux-gnu.so;testbed/build/lib.linux-x86_64-3.8/pandas/_libs/lib.cpython-38-x86_64-linux-gnu.so;testbed/build/lib.linux-x86_64-3.8/pandas/_libs/missing.cpython-38-x86_64-linux-gnu.so;testbed/build/lib.linux-x86_64-3.8/pandas/_libs/ops.cpython-38-x86_64-linux-gnu.so;testbed/build/lib.linux-x86_64-3.8/pandas/_libs/ops_dispatch.cpython-38-x86_64-linux-gnu.so;testbed/build/lib.linux-x86_64-3.8/pandas/_libs/parsers.cpython-38-x86_64-linux-gnu.so;testbed/build/lib.linux-x86_64-3.8/pandas/_libs/properties.cpython-38-x86_64-linux-gnu.so;testbed/build/lib.linux-x86_64-3.8/pandas/_libs/reduction.cpython-38-x86_64-linux-gnu.so;testbed/build/lib.linux-x86_64-3.8/pandas/_libs/reshape.cpython-38-x86_64-linux-gnu.so;testbed/build/lib.linux-x86_64-3.8/pandas/_libs/sparse.cpython-38-x86_64-linux-gnu.so;testbed/build/lib.linux-x86_64-3.8/pandas/_libs/testing.cpython-38-x86_64-linux-gnu.so;testbed/build/lib.linux-x86_64-3.8/pandas/_libs/tslib.cpython-38-x86_64-linux-gnu.so;testbed/build/lib.linux-x86_64-3.8/pandas/_libs/writers.cpython-38-x86_64-linux-gnu.so;usr/local/lib/python3.8/site-packages/pandas.egg-link;testbed/build/lib.linux-x86_64-3.8/pandas/_libs/tslibs/base.cpython-38-x86_64-linux-gnu.so,47,,1.2.0.dev0+1307.g1cc030e984.dirty,unverifiable,mirror.gcr.io-stream,,[],2026-10-07T02:23:38+00:00
format-code-task-002222,repair,sha256:ee7fbb400ead484cdf259da63df853e70e0fa1f6f724161e35cbbfd1ec0b87ca,sha256:70029e4c3c5bbe1f7f5b441ab37a83eb523cd5e0aae47814324564d22452af2c,pandas,root-packaging-name,yes,false,unverifiable,unverifiable,,build-lib;egg-info;pth-egglink;site-packages,testbed/pandas.egg-info/PKG-INFO;testbed/build/lib.linux-x86_64-3.8/pandas/_libs/algos.cpython-38-x86_64-linux-gnu.so;testbed/build/lib.linux-x86_64-3.8/pandas/_libs/groupby.cpython-38-x86_64-linux-gnu.so;testbed/build/lib.linux-x86_64-3.8/pandas/_libs/hashing.cpython-38-x86_64-linux-gnu.so;testbed/build/lib.linux-x86_64-3.8/pandas/_libs/hashtable.cpython-38-x86_64-linux-gnu.so;testbed/build/lib.linux-x86_64-3.8/pandas/_libs/index.cpython-38-x86_64-linux-gnu.so;testbed/build/lib.linux-x86_64-3.8/pandas/_libs/indexing.cpython-38-x86_64-linux-gnu.so;testbed/build/lib.linux-x86_64-3.8/pandas/_libs/internals.cpython-38-x86_64-linux-gnu.so;testbed/build/lib.linux-x86_64-3.8/pandas/_libs/interval.cpython-38-x86_64-linux-gnu.so;testbed/build/lib.linux-x86_64-3.8/pandas/_libs/join.cpython-38-x86_64-linux-gnu.so;testbed/build/lib.linux-x86_64-3.8/pandas/_libs/json.cpython-38-x86_64-linux-gnu.so;testbed/build/lib.linux-x86_64-3.8/pandas/_libs/lib.cpython-38-x86_64-linux-gnu.so;testbed/build/lib.linux-x86_64-3.8/pandas/_libs/missing.cpython-38-x86_64-linux-gnu.so;testbed/build/lib.linux-x86_64-3.8/pandas/_libs/ops.cpython-38-x86_64-linux-gnu.so;testbed/build/lib.linux-x86_64-3.8/pandas/_libs/ops_dispatch.cpython-38-x86_64-linux-gnu.so;testbed/build/lib.linux-x86_64-3.8/pandas/_libs/parsers.cpython-38-x86_64-linux-gnu.so;testbed/build/lib.linux-x86_64-3.8/pandas/_libs/properties.cpython-38-x86_64-linux-gnu.so;testbed/build/lib.linux-x86_64-3.8/pandas/_libs/reduction.cpython-38-x86_64-linux-gnu.so;testbed/build/lib.linux-x86_64-3.8/pandas/_libs/reshape.cpython-38-x86_64-linux-gnu.so;testbed/build/lib.linux-x86_64-3.8/pandas/_libs/sparse.cpython-38-x86_64-linux-gnu.so;testbed/build/lib.linux-x86_64-3.8/pandas/_libs/testing.cpython-38-x86_64-linux-gnu.so;testbed/build/lib.linux-x86_64-3.8/pandas/_libs/tslib.cpython-38-x86_64-linux-gnu.so;testbed/build/lib.linux-x86_64-3.8/pandas/_libs/writers.cpython-38-x86_64-linux-gnu.so;usr/local/lib/python3.8/site-packages/pandas.egg-link;testbed/build/lib.linux-x86_64-3.8/pandas/_libs/tslibs/base.cpython-38-x86_64-linux-gnu.so,47,,1.3.0.dev0+1286.g80217cfb57.dirty,unverifiable,mirror.gcr.io-stream,,[],2026-10-07T02:24:00+00:00
format-code-task-002228,repair,sha256:1a1ce521fa3b63211e772242b9939b961f8417f09559da8883ba9ea2066fdcc5,sha256:9e3757800b6559b8e8fdae106b247c740558263872826546ec48d256d80e6a03,pandas,root-packaging-name,yes,false,unverifiable,unverifiable,,build-lib;egg-info;pth-egglink;site-packages,testbed/pandas.egg-info/PKG-INFO;testbed/build/lib.linux-x86_64-3.8/pandas/_libs/algos.cpython-38-x86_64-linux-gnu.so;testbed/build/lib.linux-x86_64-3.8/pandas/_libs/arrays.cpython-38-x86_64-linux-gnu.so;testbed/build/lib.linux-x86_64-3.8/pandas/_libs/groupby.cpython-38-x86_64-linux-gnu.so;testbed/build/lib.linux-x86_64-3.8/pandas/_libs/hashing.cpython-38-x86_64-linux-gnu.so;testbed/build/lib.linux-x86_64-3.8/pandas/_libs/hashtable.cpython-38-x86_64-linux-gnu.so;testbed/build/lib.linux-x86_64-3.8/pandas/_libs/index.cpython-38-x86_64-linux-gnu.so;testbed/build/lib.linux-x86_64-3.8/pandas/_libs/indexing.cpython-38-x86_64-linux-gnu.so;testbed/build/lib.linux-x86_64-3.8/pandas/_libs/internals.cpython-38-x86_64-linux-gnu.so;testbed/build/lib.linux-x86_64-3.8/pandas/_libs/interval.cpython-38-x86_64-linux-gnu.so;testbed/build/lib.linux-x86_64-3.8/pandas/_libs/join.cpython-38-x86_64-linux-gnu.so;testbed/build/lib.linux-x86_64-3.8/pandas/_libs/json.cpython-38-x86_64-linux-gnu.so;testbed/build/lib.linux-x86_64-3.8/pandas/_libs/lib.cpython-38-x86_64-linux-gnu.so;testbed/build/lib.linux-x86_64-3.8/pandas/_libs/missing.cpython-38-x86_64-linux-gnu.so;testbed/build/lib.linux-x86_64-3.8/pandas/_libs/ops.cpython-38-x86_64-linux-gnu.so;testbed/build/lib.linux-x86_64-3.8/pandas/_libs/ops_dispatch.cpython-38-x86_64-linux-gnu.so;testbed/build/lib.linux-x86_64-3.8/pandas/_libs/parsers.cpython-38-x86_64-linux-gnu.so;testbed/build/lib.linux-x86_64-3.8/pandas/_libs/properties.cpython-38-x86_64-linux-gnu.so;testbed/build/lib.linux-x86_64-3.8/pandas/_libs/reduction.cpython-38-x86_64-linux-gnu.so;testbed/build/lib.linux-x86_64-3.8/pandas/_libs/reshape.cpython-38-x86_64-linux-gnu.so;testbed/build/lib.linux-x86_64-3.8/pandas/_libs/sparse.cpython-38-x86_64-linux-gnu.so;testbed/build/lib.linux-x86_64-3.8/pandas/_libs/testing.cpython-38-x86_64-linux-gnu.so;testbed/build/lib.linux-x86_64-3.8/pandas/_libs/tslib.cpython-38-x86_64-linux-gnu.so;testbed/build/lib.linux-x86_64-3.8/pandas/_libs/writers.cpython-38-x86_64-linux-gnu.so;usr/local/lib/python3.8/site-packages/pandas.egg-link,48,,2.0.0.dev0+182.g71fc89cd51.dirty,unverifiable,mirror.gcr.io-stream,,[],2026-10-07T02:23:55+00:00
format-code-task-002248,repair,sha256:cd99435b755a428cfdd725bdd4c09623b0803794937bb6981f99ec80a1f414f6,sha256:13b25282d93720a9bdf912e57c0e14b10ca7d309ed72ca31962894887a050bbf,fastTSNE,patch-import+worktree,yes,false,unverifiable,unverifiable,fastTSNE/metrics.py,build-lib;dist-packages;egg-info;pth-egglink,testbed/fastTSNE.egg-info/PKG-INFO;testbed/build/lib.linux-x86_64-cpython-311/fastTSNE/_tsne.cpython-311-x86_64-linux-gnu.so;testbed/build/lib.linux-x86_64-cpython-311/fastTSNE/kl_divergence.cpython-311-x86_64-linux-gnu.so;testbed/build/lib.linux-x86_64-cpython-311/fastTSNE/quad_tree.cpython-311-x86_64-linux-gnu.so;usr/local/lib/python3.11/dist-packages/fastTSNE.egg-link,5,0.2.9,0.2.7,older,mirror.gcr.io-stream+truncated-index,,[],2026-10-07T02:28:44+00:00
format-code-task-002354,repair,sha256:66c415a09f9621601de37501f5c993bdb7826127abe19ed6411a22fb169de166,sha256:7c27f66a0013a965d8ea9a884e0c97570dff8fb0595cb4d2bbc8c31436900916,black,root-packaging-name,yes,false,unverifiable,unverifiable,,dist-info;pth-egglink;site-packages,usr/local/lib/python3.8/site-packages/_black.pth;usr/local/lib/python3.8/site-packages/black-23.10.2.dev16+gddfecf0.dist-info/INSTALLER;usr/local/lib/python3.8/site-packages/black-23.10.2.dev16+gddfecf0.dist-info/METADATA;usr/local/lib/python3.8/site-packages/black-23.10.2.dev16+gddfecf0.dist-info/RECORD;usr/local/lib/python3.8/site-packages/black-23.10.2.dev16+gddfecf0.dist-info/REQUESTED;usr/local/lib/python3.8/site-packages/black-23.10.2.dev16+gddfecf0.dist-info/WHEEL;usr/local/lib/python3.8/site-packages/black-23.10.2.dev16+gddfecf0.dist-info/direct_url.json;usr/local/lib/python3.8/site-packages/black-23.10.2.dev16+gddfecf0.dist-info/entry_points.txt;usr/local/lib/python3.8/site-packages/black-23.10.2.dev16+gddfecf0.dist-info/licenses/AUTHORS.md;usr/local/lib/python3.8/site-packages/black-23.10.2.dev16+gddfecf0.dist-info/licenses/LICENSE,10,,23.10.2.dev16+gddfecf0,unverifiable,mirror.gcr.io-stream,,[],2026-10-07T02:23:52+00:00
format-code-task-002355,original,sha256:79367322e5ce0c8444fde1f3c11c5675a7a280ec37c9b1c602b6950470786b28,sha256:90edeead79940725afe11e88fe382abd117c4f7927484beb9fa7b339655d547a,black,root-packaging-name,yes,false,unverifiable,unverifiable,black.py,dist-info;egg-info,testbed/black.egg-info/PKG-INFO;testbed/.venv/lib/python3.8/site-packages/black-19.3b0.dist-info/METADATA;usr/local/lib/python3.11/dist-packages/black-19.3b0.dist-info/METADATA;usr/local/lib/python3.14/dist-packages/black-19.3b0.dist-info/METADATA,4,19.3b0,19.3b0,same,mirror.gcr.io-stream+truncated-index,,[],2026-10-07T02:29:12+00:00
format-code-task-002367,original,sha256:040af9e6cd89546ab94721391f30937c8b83e04cc49f32db5e82f07c289a904c,sha256:d6113c45ed053b18f1e2f090456831defdb36c0280e36e952072165c01462dc3,pypdf,root-packaging-name,yes,false,unverifiable,unverifiable,,dist-info;dist-packages;pth-egglink,usr/local/lib/python3.14/dist-packages/pypdf.pth;usr/local/lib/python3.14/dist-packages/pypdf-3.3.0.dist-info/INSTALLER;usr/local/lib/python3.14/dist-packages/pypdf-3.3.0.dist-info/METADATA;usr/local/lib/python3.14/dist-packages/pypdf-3.3.0.dist-info/RECORD;usr/local/lib/python3.14/dist-packages/pypdf-3.3.0.dist-info/REQUESTED;usr/local/lib/python3.14/dist-packages/pypdf-3.3.0.dist-info/WHEEL;usr/local/lib/python3.14/dist-packages/pypdf-3.3.0.dist-info/direct_url.json;usr/local/lib/python3.14/dist-packages/pypdf-3.3.0.dist-info/licenses/LICENSE,8,,3.3.0,unverifiable,mirror.gcr.io-stream+truncated-index,,[],2026-10-07T02:28:53+00:00
format-code-task-002371,original,sha256:d95d99dda5d528ae8c91797543b78e1cf5315f552c148709ee88034dd7531bb4,sha256:72df3c45ae293a768a894c252325ca108bfd73d05c8bbb62eae9e386d079459d,pydantic,root-packaging-name,yes,false,unverifiable,unverifiable,,egg-info,testbed/pydantic.egg-info/PKG-INFO,1,,1.8.2,unverifiable,mirror.gcr.io-stream,,[],2026-10-07T02:25:19+00:00
format-code-task-002387,original,sha256:721c83205f5c0d9420b4a2a1f2466bc8acb761556e9cfd574cfa8280ec6db36e,sha256:74f9225c712573107d23aa5eccd4f3db690b35d0f9266fed4850233635e2b2d7,mimo_build_env.tar.gz.b64,patch-source-path,no,false,unverifiable,unverifiable,pymc3/stats.py,,,0,,,unverifiable,mirror.gcr.io-stream+truncated-index,,[],2026-10-07T02:29:02+00:00
format-code-task-002398,original,sha256:d2a0fdaf8ec33913f4189b1595e3603c93616f75ac894876dfc34538e9ec3660,sha256:74c00d488af18b15eb32bfc4eb887e6e8a0a58280036168d637a8bc3dc674d61,mimo_build_env.tar.gz.b64,patch-source-path,no,false,unverifiable,unverifiable,pypiserver/core.py,,,0,,,unverifiable,mirror.gcr.io-stream+truncated-index,,[],2026-10-07T02:30:59+00:00
format-code-task-002409,original,sha256:7b2861bcb71cca004fad11c7b613d6c5b17444a96111ef7f32c6040958e55445,sha256:273e1f4a23842603d161c3063fb69dfd367ee1fcb9fc4b1d751dbaec7996bda6,h2,root-packaging-name,yes,false,unverifiable,unverifiable,,dist-info;egg-info,testbed/h2.egg-info/PKG-INFO;usr/local/lib/python3.12/dist-packages/h2-1.1.1.dist-info/METADATA;usr/local/lib/python3.14/dist-packages/h2-1.1.1.dist-info/METADATA,3,,1.1.1,unverifiable,mirror.gcr.io-stream+truncated-index,,[],2026-10-07T02:30:04+00:00
format-code-task-002415,original,sha256:c550b42a9c7d90961a3478adac96c531dbdf14437ca9628d04212b4b4f66ffb6,sha256:eac9eae16119fcdb9eb7d22969672218e3162dc421f71841d60c93fcbfb815ae,poetry-core,root-packaging-name,yes,false,unverifiable,unverifiable,src/poetry/core/constraints/generic/constraint.py;src/poetry/core/constraints/generic/multi_constraint.py;src/poetry/core/constraints/generic/union_constraint.py,dist-info,testbed/.venv/lib/python3.12/site-packages/poetry_core-1.9.0.dist-info/METADATA,1,1.9.0,1.9.0,same,mirror.gcr.io-stream+truncated-index,,[],2026-10-07T02:32:42+00:00
format-code-task-002446,original,sha256:51ecd922c1cddb7afd21ef1f19ed99cc1465ffaf2a76380de5726f3140def7bd,sha256:cefde13f757f4aac198b66a9aceff878ab24020c14ce4463a2666fc1bcc4aa7b,torchaudio,root-packaging-name,yes,false,unverifiable,unverifiable,,egg-info,testbed/torchaudio.egg-info/PKG-INFO,1,0.8.0a0,0.8.0a0+674a71d,same,mirror.gcr.io-stream,,[],2026-10-07T02:25:27+00:00
format-code-task-002454,original,sha256:a2639d47be92788677aa6321debf4df049998a990124c289c2e5a2bf0990da6e,sha256:afdb0f85316ea48fd5f653914b3ca3866ef7f0208e3dd5f344ef4430de73c1ce,pyvista,dist-info+worktree,yes,false,unverifiable,unverifiable,pyvista/core/objects.py,dist-info;egg-info,testbed/pyvista.egg-info/PKG-INFO;usr/local/lib/python3.9/site-packages/pyvista-0.38.dev0.dist-info/METADATA,2,,0.38.dev0,unverifiable,mirror.gcr.io-stream,,[],2026-10-07T02:26:11+00:00
format-code-task-002470,leak-closed,sha256:ee40ed4c5a011acdeeba372e4af75be20917d5445e4afce348e86dea61d0a0c8,sha256:61ed2ec44951ba101c5708bc9fd2aebe4020cc8afe183b6e90cbe444db614fc2,parse,root-packaging-name,yes,false,unverifiable,unverifiable,parse.py,egg-info,testbed/parse.egg-info/PKG-INFO,1,,1.19.0,unverifiable,mirror.gcr.io-stream,,[],2026-10-07T02:24:29+00:00
format-code-task-002520,original,sha256:e644e281c2d6f5b84c113ce80f71fa0234957c02ee5c953fce6e760692777f71,sha256:38afabb08b50744cbb49b6b5018eeb53933d506abb8c3a0e9aa7e660348ceb5d,pyoti,root-packaging-name,yes,false,unverifiable,unverifiable,,dist-info,usr/local/lib/python3.12/site-packages/pyoti-0.4.1.dist-info/METADATA,1,,0.4.1,unverifiable,mirror.gcr.io-stream,,[],2026-10-07T02:24:45+00:00
format-code-task-002549,leak-closed,sha256:bfefa50974b86cd82bc876d5afe8623907b6db3b92f02d144beaa53694445b74,sha256:4a04d1bbe8d8edf0f29d13325bdb7bdf838c6b1474374b8e59a59e584b3b906c,result,dist-info+worktree,yes,false,unverifiable,unverifiable,src/result/result.py,dist-info;egg-info,testbed/src/result.egg-info/PKG-INFO;usr/local/lib/python3.10/site-packages/result-0.8.0.dist-info/METADATA,2,,0.8.0,unverifiable,mirror.gcr.io-stream,,[],2026-10-07T02:24:40+00:00
format-code-task-002563,original,sha256:ac06d1c6debf0e96452686bad464394724e161db98622e25a6f88d444027b45e,sha256:f67d672ea8140e70089e182b8290d734814348e230a9b611a4e7f116b88b65c9,mimo_build_env.tar.gz.b64,patch-source-path,no,false,unverifiable,unverifiable,salt/modules/postgres.py;salt/returners/postgres.py,,,0,,,unverifiable,mirror.gcr.io-stream,,[],2026-10-07T02:26:18+00:00
format-code-task-002600,original,sha256:be0cea2fbccbc084d91f2d73449b2acdd544ff8bb9d87220653af70f37f6d753,sha256:ffb17d51b9dd0366d44947b46fe0cb099ddff3680324b72c317c5786ed3b0711,mimo_build_env.tar.gz.b64,patch-source-path,no,false,unverifiable,unverifiable,,,,0,,,unverifiable,mirror.gcr.io-stream+truncated-index,,[],2026-10-07T02:34:11+00:00
format-code-task-002614,original,sha256:f1277f2e1a77b77902114c743b271e805ccee523f15eb1ead6306da81ac9b80c,sha256:6119854c98fed241dbd0e4a718761cbaa1068d263e72ef1be947f5e784f815b7,scanpy,test-dir-package+worktree,yes,false,unverifiable,unverifiable,scanpy/preprocessing/_deprecated/highly_variable_genes.py,dist-info;pth-egglink;site-packages,usr/local/lib/python3.9/site-packages/scanpy.pth;usr/local/lib/python3.9/site-packages/scanpy-1.10.0.dev19+g4623bb72.d20251112.dist-info/INSTALLER;usr/local/lib/python3.9/site-packages/scanpy-1.10.0.dev19+g4623bb72.d20251112.dist-info/LICENSE;usr/local/lib/python3.9/site-packages/scanpy-1.10.0.dev19+g4623bb72.d20251112.dist-info/METADATA;usr/local/lib/python3.9/site-packages/scanpy-1.10.0.dev19+g4623bb72.d20251112.dist-info/RECORD;usr/local/lib/python3.9/site-packages/scanpy-1.10.0.dev19+g4623bb72.d20251112.dist-info/REQUESTED;usr/local/lib/python3.9/site-packages/scanpy-1.10.0.dev19+g4623bb72.d20251112.dist-info/WHEEL;usr/local/lib/python3.9/site-packages/scanpy-1.10.0.dev19+g4623bb72.d20251112.dist-info/direct_url.json;usr/local/lib/python3.9/site-packages/scanpy-1.10.0.dev19+g4623bb72.d20251112.dist-info/entry_points.txt,9,,1.10.0.dev19+g4623bb72.d20251112,unverifiable,mirror.gcr.io-stream,,[],2026-10-07T02:25:47+00:00
format-code-task-002714,leak-closed,sha256:6eff85594ca7fdcb68c1219c18d6759229bbcd5095a314f2f3d4519a5d179655,sha256:570382a08ae2bed313a621f3bbc9b878e1fb417bcae56c61f4ea6ba8d6aeaed7,sqlfluff,root-packaging-name,yes,false,unverifiable,unverifiable,,egg-info,testbed/src/sqlfluff.egg-info/PKG-INFO,1,,0.6.2,unverifiable,mirror.gcr.io-stream,,[],2026-10-07T02:25:09+00:00
format-code-task-002724,leak-closed,sha256:49e5d4ed41cb686def10e6dd83db1c98f4dab365a732ea31098ef9fde5176633,sha256:dcdbee7bc6de32bd3878bfe421943be75acb55081abc1472bf4b3d6d90db84a7,sqlfluff,root-packaging-name,yes,false,unverifiable,unverifiable,,dist-info;egg-info;pth-egglink;site-packages,testbed/src/sqlfluff.egg-info/PKG-INFO;usr/local/lib/python3.12/site-packages/__editable__.sqlfluff-3.2.5.pth;usr/local/lib/python3.12/site-packages/sqlfluff-3.2.5.dist-info/INSTALLER;usr/local/lib/python3.12/site-packages/sqlfluff-3.2.5.dist-info/LICENSE.md;usr/local/lib/python3.12/site-packages/sqlfluff-3.2.5.dist-info/METADATA;usr/local/lib/python3.12/site-packages/sqlfluff-3.2.5.dist-info/RECORD;usr/local/lib/python3.12/site-packages/sqlfluff-3.2.5.dist-info/REQUESTED;usr/local/lib/python3.12/site-packages/sqlfluff-3.2.5.dist-info/WHEEL;usr/local/lib/python3.12/site-packages/sqlfluff-3.2.5.dist-info/direct_url.json;usr/local/lib/python3.12/site-packages/sqlfluff-3.2.5.dist-info/entry_points.txt;usr/local/lib/python3.12/site-packages/sqlfluff-3.2.5.dist-info/top_level.txt,11,3.2.5,3.2.5,same,mirror.gcr.io-stream,,[],2026-10-07T02:25:52+00:00
format-code-task-002852,leak-closed,sha256:0358c9ef074ef96ddb38e1b94fddbca8d789b1c5774f5170d621591b3d90b994,sha256:be6a93004bbe6b53afa81d5bdaca410348ae29504ca4d1f8bf499c591c682919,sqlglot,dist-info+worktree,yes,false,unverifiable,unverifiable,sqlglot/dialects/clickhouse.py,dist-info;egg-info,testbed/sqlglot.egg-info/PKG-INFO;usr/local/lib/python3.10/site-packages/sqlglot-13.0.0.dist-info/METADATA,2,,13.0.0,unverifiable,mirror.gcr.io-stream,,[],2026-10-07T02:25:40+00:00
format-code-task-002854,leak-closed,sha256:b374dde2616cdf69d6becc5c6f986a06c2fec94c7e0b4076c303893f91eabd57,sha256:55ae4135933b1830fa397fb425dbe1670dab1b4156bfdcbbc430bbc1e9843314,sqlglot,root-packaging-name,yes,false,unverifiable,unverifiable,,dist-info;pth-egglink;site-packages,usr/local/lib/python3.11/site-packages/__editable__.sqlglot-15.0.1.dev4.pth;usr/local/lib/python3.11/site-packages/__editable___sqlglot_15_0_1_dev4_finder.py;usr/local/lib/python3.11/site-packages/__pycache__/__editable___sqlglot_15_0_1_dev4_finder.cpython-311.pyc;usr/local/lib/python3.11/site-packages/sqlglot-15.0.1.dev4.dist-info/INSTALLER;usr/local/lib/python3.11/site-packages/sqlglot-15.0.1.dev4.dist-info/LICENSE;usr/local/lib/python3.11/site-packages/sqlglot-15.0.1.dev4.dist-info/METADATA;usr/local/lib/python3.11/site-packages/sqlglot-15.0.1.dev4.dist-info/RECORD;usr/local/lib/python3.11/site-packages/sqlglot-15.0.1.dev4.dist-info/REQUESTED;usr/local/lib/python3.11/site-packages/sqlglot-15.0.1.dev4.dist-info/WHEEL;usr/local/lib/python3.11/site-packages/sqlglot-15.0.1.dev4.dist-info/direct_url.json;usr/local/lib/python3.11/site-packages/sqlglot-15.0.1.dev4.dist-info/top_level.txt,11,,15.0.1.dev4,unverifiable,mirror.gcr.io-stream,,[],2026-10-07T02:25:50+00:00
format-code-task-002858,leak-closed,sha256:669dd9d748aa0fe36810730dfc278c1236098227169c7db0434f9f990bfb56a9,sha256:80d7159ed4cfaaf2f5c2db890accc630ce4d4ad3c501ab4d0a232c653bc065bf,sqlglot,dist-info+worktree,yes,false,unverifiable,unverifiable,sqlglot/dialects/duckdb.py,dist-info,usr/local/lib/python3.10/site-packages/sqlglot-18.5.2.dev19.dist-info/METADATA,1,,18.5.2.dev19,unverifiable,mirror.gcr.io-stream,,[],2026-10-07T02:26:12+00:00
format-code-task-002895,original,sha256:b016476bceee97c3fd6ebc25eea38886d81e659a17dce443e9793994e500de91,sha256:6b8c584fcb7362cdf618f21066c82fd1239e1680c6fa6277c4a8c2f411982397,usercase-test-coderl,patch-source-path,no,false,unverifiable,unverifiable,,,,0,,,unverifiable,mirror.gcr.io-stream,,[],2026-10-07T02:26:19+00:00
format-code-task-002939,original,sha256:09639d8ae24e8a7814f78aee3f8d9cba60ddf991cd8a96814c9a9146634192aa,sha256:7428f7c0903c1f26110e76b741a4fb15bf1b6dcee1e29dbc84160fb0343094ea,usercase-test-coderl,patch-source-path,no,false,unverifiable,unverifiable,,,,0,,,unverifiable,mirror.gcr.io-stream,,[],2026-10-07T02:26:18+00:00
format-code-task-002941,original,sha256:4faa730445a1c23885db4685790a4664b47f510bb1620716751c693d3b31d3b5,sha256:2d16886e8342732b7bd4a01b03c97502e92181a4013489fa7dda6127b08b46a5,synapse,root-packaging-name,yes,false,unverifiable,unverifiable,,dist-info,testbed/.venv/lib/python3.12/site-packages/synapse-2.183.0.dist-info/METADATA,1,2.183.0,2.183.0,same,mirror.gcr.io-stream+truncated-index,,[],2026-10-07T02:34:41+00:00
format-code-task-002961,original,sha256:d74c84d23339fe1ddf26b3d65799cf91fce856727bccb74411f12f5cd375675a,sha256:58ddcf27c41e0716205805c47460c309cbb611ca42fd74fe70f14ec49ae5a74a,fiftyone,root-packaging-name,yes,false,unverifiable,unverifiable,,dist-info,testbed/.venv/lib/python3.12/site-packages/fiftyone-1.6.0.dist-info/METADATA,1,,1.6.0,unverifiable,mirror.gcr.io-stream+truncated-index,,[],2026-10-07T02:32:51+00:00
format-code-task-002976,leak-closed,sha256:484b346a894cdf2884b55d1ef7698fdf6cbfb5efa5696f6fab82f04b82c55338,sha256:35f64757818f017cfec9a4f5979ebbbe5331edb9904c3add2d0384b4f8e5bd19,wagtail,root-packaging-name,yes,false,unverifiable,unverifiable,,dist-info;egg-info;pth-egglink;site-packages;vendored,testbed/wagtail.egg-info/PKG-INFO;usr/local/lib/python3.11/site-packages/__editable__.wagtail-5.2a0.pth;usr/local/lib/python3.11/site-packages/__editable___wagtail_5_2a0_finder.py;usr/local/lib/python3.11/site-packages/__pycache__/__editable___wagtail_5_2a0_finder.cpython-311.pyc;usr/local/lib/python3.11/site-packages/wagtail-5.2a0.dist-info/INSTALLER;usr/local/lib/python3.11/site-packages/wagtail-5.2a0.dist-info/LICENSE;usr/local/lib/python3.11/site-packages/wagtail-5.2a0.dist-info/METADATA;usr/local/lib/python3.11/site-packages/wagtail-5.2a0.dist-info/RECORD;usr/local/lib/python3.11/site-packages/wagtail-5.2a0.dist-info/REQUESTED;usr/local/lib/python3.11/site-packages/wagtail-5.2a0.dist-info/WHEEL;usr/local/lib/python3.11/site-packages/wagtail-5.2a0.dist-info/direct_url.json;usr/local/lib/python3.11/site-packages/wagtail-5.2a0.dist-info/entry_points.txt;usr/local/lib/python3.11/site-packages/wagtail-5.2a0.dist-info/top_level.txt;testbed/wagtail/admin/static_src/wagtailadmin/js/vendor/bootstrap-modal.js;testbed/wagtail/admin/static_src/wagtailadmin/js/vendor/bootstrap-transition.js;testbed/wagtail/admin/static_src/wagtailadmin/js/vendor/jquery-3.6.0.min.js;testbed/wagtail/admin/static_src/wagtailadmin/js/vendor/jquery-ui-1.13.2.min.js;testbed/wagtail/admin/static_src/wagtailadmin/js/vendor/jquery.ba-throttle-debounce.min.js;testbed/wagtail/admin/static_src/wagtailadmin/js/vendor/jquery.datetimepicker.js;testbed/wagtail/admin/static_src/wagtailadmin/js/vendor/jquery.fileupload-process.js;testbed/wagtail/admin/static_src/wagtailadmin/js/vendor/jquery.fileupload.js;testbed/wagtail/admin/static_src/wagtailadmin/js/vendor/jquery.iframe-transport.js;testbed/wagtail/admin/static_src/wagtailadmin/js/vendor/mousetrap.min.js;testbed/wagtail/admin/static_src/wagtailadmin/js/vendor/rangy-core.js;testbed/wagtail/admin/static_src/wagtailadmin/js/vendor/tag-it.js,35,,5.2a0,unverifiable,mirror.gcr.io-stream,,[],2026-10-07T02:26:48+00:00
format-code-task-003001,leak-closed,sha256:d8b943295fa4f159418a11ce2f947a4e9f6124a2bf29e487d7c3e40a6c23fd42,sha256:d6cd178008b09417511e3c278e76894ae1633ce4c79c889773e7298610d40705,csvkit,dist-info+worktree,yes,false,unverifiable,unverifiable,csvkit/utilities/csvlook.py,egg-info,testbed/csvkit.egg-info/PKG-INFO,1,1.0.0,1.0.0,same,mirror.gcr.io-stream,,[],2026-10-07T02:26:10+00:00
format-code-task-003015,original,sha256:5f737c4500eeee2587ca89cf13befbd0fd9fd0f178bdb4142117953170d6ed28,sha256:63000d97be995c1ceb464c12ce9580053441242c1366d0c8d564f1e0fc481dea,xdsl,root-packaging-name,yes,false,unverifiable,unverifiable,,dist-info;egg-info,testbed/xdsl.egg-info/PKG-INFO;usr/local/lib/python3.14/dist-packages/xdsl-0.40.1.dev2+gd8949dffb.dist-info/METADATA,2,,,unverifiable,mirror.gcr.io-stream+truncated-index,,[],2026-10-07T02:32:33+00:00
format-code-task-003034,original,sha256:0022f9b1f8ca0527bef313cf8b0e25bcd87aa98dc7d06b9d45432918482a589f,sha256:0d71cc61a3ae728f88da20a2e22d7a1896952589af3cd4204016eb13a0088d7d,mimo_build_env.tar.gz.b64,patch-source-path,no,false,unverifiable,unverifiable,,,,0,,,unverifiable,mirror.gcr.io-stream+truncated-index,,[],2026-10-07T02:32:45+00:00
