trial,job,source,arm,task,reward,stop,golden,n_calls,ledger_in,ledger_calls,last_edit_step,last_edit_call,persists,after_in,after_share_in,loop_onset_step,loop_detector,prompt_first,prompt_max,prompt_max_step,prompt_median,prompt_slope,summ_meta,summ_events,summ_ok,summ_before,summ_after,top1,top2,top3,save_cap2000_in,summ32k_cross_call,save_stopverify_in,save_loopbreak_in,save_summ32k_in
gepa-terminus-2-format-code-task__cNYdqfo,gepa-terminus-2-format-code-task-000-9089903b46c8c3c7410657ba,HAR-110,seed-addendum-v1,000226,1.0,ceiling:requests,False,117,2382877,118,10,9,True,2346006,0.9864,,,1095,35437,118,20458.0,266.4795366332479,0,0,0,,,6:5291,2:2576,10:2023,110444,108,2304666,,261149.42085150385
gepa-terminus-2-format-code-task__bo5YsYL,gepa-terminus-2-format-code-task-000-9862796a5e5624e818ab5f04,HAR-110,seed-addendum,000383,0.0,ceiling:input_tokens,False,91,2372809,91,,,,2372809,1.0,25,normalized_command_run,1226,42318,92,26932.0,386.9384615384615,0,0,0,,,4:10068,6:7275,15:6258,509466,63,,1970462,785578.9846153846
gepa-terminus-2-format-code-task__CFCbfps,gepa-terminus-2-format-code-task-001-c074cb87ddff7e1368343d33,HAR-110,seed-addendum,001832,1.0,ceiling:input_tokens,False,96,2454481,99,51,50,,1112604,0.4533,,,1284,53432,67,21306.5,-9.148128052088987,1,1,1,53432,4009,3:9081,5:7288,10:5780,356365,39,891316,,1084547
gepa-terminus-2-format-code-task__7RJJeFg,gepa-terminus-2-format-code-task-001-d1471e1b2701d6d1765ff1df,HAR-110,gepa-candidate,001896,0.0,ceiling:input_tokens,False,75,2354505,75,30,29,,1793675,0.7618,42,normalized_command_run,2023,43332,76,36194.0,480.1658605974395,0,0,0,,,5:9508,4:6673,9:5197,381628,30,1624513,1183142,1083795.3342816501
gepa-terminus-2-format-code-task__XuSksWC,gepa-terminus-2-format-code-task-001-f1d48fcf652ab5d801068db1,HAR-110,seed-addendum,001896,0.0,ceiling:input_tokens,False,97,2414737,100,100,97,False,0,0.0,,,1531,54164,48,21580.0,-9.2030954134231,1,1,1,54164,4042,5:8502,17:7452,4:5932,225326,25,0,,912486
gepa-terminus-2-format-code-task__qHjKdvw,gepa-terminus-2-format-code-task-002-12c6d0cae5191408009f5181,HAR-110,seed-addendum-v1,002259,0.0,ceiling:input_tokens,False,75,2338816,77,,,,2338816,1.0,,,1189,53588,76,30967.0,650.2426173541963,1,0,0,,,4:10256,7:7129,11:6627,419534,42,,,942752.8916642958
gepa-terminus-2-format-code-task__X2dMzMw,gepa-terminus-2-format-code-task-002-2700aa59352626e20aff4ed8,HAR-110,seed-addendum,002256,0.0,ceiling:requests,False,120,1305899,120,8,7,True,1290113,0.9879,,,1483,18969,121,10936.5,137.7432842558511,0,0,0,,,8:757,2:720,4:675,0,,1270173,,0
gepa-terminus-2-format-code-task__8FqvKUU,gepa-terminus-2-format-code-task-002-a951229932dc90303c90215d,HAR-110,seed-addendum,002391,0.0,ceiling:input_tokens,False,87,2385033,87,32,31,True,1920232,0.8051,43,both,1293,42694,88,29493.0,420.1810891594372,0,0,0,,,3:10256,2:4232,22:3546,289980,55,1787724,1468300,864080.3849238171
gepa-terminus-2-format-code-task__Y8fE5ft,gepa-terminus-2-format-code-task-002-df7dfd07ef80225115d97bb1,HAR-110,seed-addendum-v1,002407,0.0,ceiling:input_tokens,False,77,2363586,77,78,77,False,0,0.0,,,1397,48488,78,33408.0,547.0403806719596,0,0,0,,,4:10256,6:8651,18:6573,479676,38,0,,1011235.5030758715
gepa-terminus-2-format-code-task__Ey8Vxsr,gepa-terminus-2-format-code-task-002-f785358f50e70ab387a1ba6c,HAR-110,seed-addendum,002864,0.0,,False,28,268175,28,22,21,True,104857,0.391,,,1346,16316,29,9986.0,547.9838533114395,0,0,0,,,8:5806,5:4373,4:3123,43063,,32206,,0
har110-000495-gepa__eEzm4kr,har110-000495-gepa,HAR-110,gepa-candidate,000495,0.0,ceiling:input_tokens,False,88,2367194,88,,,,2367194,1.0,76,normalized_command_run,2085,50770,89,27332.5,511.70585749004965,0,0,0,,,5:10366,21:4798,29:4718,357152,57,,385636,905558.8946849353
har110-000495-plain__mDTBFAW,har110-000495-plain,HAR-110,plain-heldout,000495,0.0,ceiling:input_tokens,False,96,2431433,99,84,81,True,229558,0.0944,46,normalized_command_run,1421,54529,69,21031.0,46.53620455778622,1,1,1,54529,3642,5:10256,15:6753,14:6109,316180,41,169750,1181104,1071601.3146771567
har110-000495-seed__dimG2yD,har110-000495-seed,HAR-110,seed-addendum,000495,0.0,ceiling:input_tokens,False,91,2356994,91,,,,2356994,1.0,85,normalized_command_run,1597,44028,92,27549.0,427.0399426660296,0,0,0,,,16:10068,15:5046,17:4493,339158,63,,87613,787954.7832775919
har110-000587-gepa__SciJPNn,har110-000587-gepa,HAR-110,gepa-candidate,000587,0.0,ceiling:requests,False,118,2351287,118,,,,2351287,1.0,8,identical_message_run,1756,32687,119,20051.0,222.18442474773482,0,0,0,,,4:7914,3:7082,5:4999,450477,,,2262782,0
har110-000587-plain__5NNxU35,har110-000587-plain,HAR-110,plain-heldout,000587,0.0,ceiling:input_tokens,False,86,2337518,86,18,17,,2173641,0.9299,66,normalized_command_run,1091,48050,87,27530.5,483.84759658474457,0,0,0,,,3:6690,72:5920,5:5375,269603,53,2089783,706527,898225.4983159583
har110-000587-seed__perD9bE,har110-000587-seed,HAR-110,seed-addendum,000587,0.0,ceiling:requests,False,117,2403148,117,,,,2403148,1.0,21,identical_message_run,1265,28357,118,21339.0,158.73141362825757,0,0,0,,,7:10688,5:10545,9:6156,744856,,,2102338,0
har110-001161-gepa__kLkGSnR,har110-001161-gepa,HAR-110,gepa-candidate,001161,0.0,ceiling:input_tokens,False,107,2443278,111,48,47,,1280068,0.5293,8,normalized_command_run,1726,53961,65,17021.0,-41.818922784537314,1,1,1,53961,4192,4:10256,6:10068,8:7632,474034,44,1090089,2180969,758486
har110-001161-plain__RZ8qyUu,har110-001161-plain,HAR-110,plain-heldout,001161,0.0,ceiling:input_tokens,False,83,2323433,83,84,83,False,0,0.0,,,1061,51216,84,27589.0,578.632173292473,0,0,0,,,4:10256,5:10068,24:5598,457295,51,0,,936490.2125015743
har110-001161-seed__jj2vEqJ,har110-001161-seed,HAR-110,seed-addendum,001161,0.0,ceiling:input_tokens,False,90,2318723,90,35,34,False,1918642,0.8275,37,normalized_command_run,1238,47744,91,25812.0,496.6970160925217,0,0,0,,,3:10256,31:6590,21:4662,369123,60,1805694,1758400,865249.8875169774
har110-001181-gepa__i4RTJT9,har110-001181-gepa,HAR-110,gepa-candidate,001181,0.0,ceiling:requests,False,120,1985907,120,,,,1985907,1.0,10,identical_message_run,1662,23133,121,16766.5,117.51551843878048,0,0,0,,,3:10256,2:4375,4:4192,381530,,,1856643,0
har110-001181-plain__AnjbfwU,har110-001181-plain,HAR-110,plain-heldout,001181,0.0,ceiling:input_tokens,False,84,2380793,87,26,25,,1958056,0.8369,58,identical_message_run,999,36607,85,32272.5,338.8225777057811,0,0,0,,,3:10256,4:10256,17:9675,601011,48,1821707,780406,880471.1632479498
har110-001181-seed__Q3rr6S4,har110-001181-seed,HAR-110,seed-addendum,001181,0.0,ceiling:input_tokens,False,70,2311517,72,50,49,True,1013036,0.4453,61,normalized_command_run,1174,49539,71,34296.0,689.8003324293587,0,0,0,,,6:10068,7:10068,5:6210,407201,34,782215,246945,994037.9786020471
har110-dev-000383-cfe31418__L7nGNNi,har110-dev-000383-cfe31418,HAR-110,gepa-candidate,000383,0.0,ceiling:input_tokens,False,92,2383755,92,,,,2383755,1.0,31,normalized_command_run,1713,40627,93,26886.0,357.4720573956198,0,0,0,,,5:10366,9:9353,6:5638,513697,66,,1833747,728679.3078541375
har110-dev-001832-cfe31418__DbqpN36,har110-dev-001832-cfe31418,HAR-110,gepa-candidate,001832,0.0,ceiling:input_tokens,False,87,2426381,90,83,80,True,162946,0.0672,,,1768,53504,60,24281.0,28.398447182328503,1,1,1,53504,4907,5:7934,11:7518,7:7095,318788,29,48152,,1169481.7220602173
har110-dev-002256-cfe31418__uDRp4Vb,har110-dev-002256-cfe31418,HAR-110,gepa-candidate,002256,,,False,54,250976,81,4,3,,244152,0.9728,15,normalized_command_run,1968,6003,55,4757.5,57.923918429578805,0,0,0,,,4:833,2:720,3:692,0,,227238,182140,0
har110-dev-002391-cfe31418__MvXkrso,har110-dev-002391-cfe31418,HAR-110,gepa-candidate,002391,0.0,ceiling:input_tokens,False,78,2310465,79,46,45,True,1377170,0.5961,59,identical_message_run,1782,47486,79,32161.0,557.7619974961747,0,0,0,,,4:7701,8:4870,5:4822,255920,41,1186700,663437,977277.3157601892
har110-dev-002864-cfe31418__g7pfCqC,har110-dev-002864-cfe31418,HAR-110,gepa-candidate,002864,1.0,,False,12,74411,12,6,5,,57670,0.775,,,1834,9710,13,5791.5,798.0734265734266,0,0,0,,,8:7507,4:4367,5:2607,15542,,19296,,0
gepa-terminus-2-format-code-task__rkLmWuE,gepa-terminus-2-format-code-task-002-df7dfd07ef80225115d97bb1,HAR-110,aborted-v1-seed,002407,0.0,ceiling:input_tokens,False,82,2426390,85,82,79,True,61646,0.0254,27,both,1400,53638,61,28591.0,20.001806684733516,1,1,1,53638,4245,8:10256,7:10153,5:10068,525811,26,0,1596726,1332381.9250225835
har104-d-000226__JCDfZFi,har104-d-000226,HAR-104,plain-dev,000226,1.0,ceiling:requests,False,120,1968795,120,12,11,True,1905284,0.9677,25,both,918,22607,121,17062.0,123.02065768456143,0,0,0,,,7:6206,4:4701,10:3396,284546,,1848854,1675499,0
har104-d-000383__PmZMZ6z,har104-d-000383,HAR-104,plain-dev,000383,0.0,ceiling:input_tokens,False,67,2356781,67,22,21,True,2015599,0.8552,,,1049,50269,68,41880.0,686.2757602362519,0,0,0,,,3:10366,6:10366,7:10166,576448,25,1852743,,1100446.9885066645
har104-d-000927__23aAzui,har104-d-000927,HAR-104,plain-dev,000927,1.0,,False,40,884597,40,29,28,,403448,0.4561,,,1087,35243,41,22156.5,848.3601313320826,0,0,0,,,4:9862,5:8273,7:4232,178572,32,241321,,212245.03527204503
har104-d-001832__d7Hop8E,har104-d-001832,HAR-104,plain-dev,001832,0.0,ceiling:input_tokens,False,97,2413066,100,54,53,True,628343,0.2604,,,1109,53617,54,21882.0,-64.88332369030087,1,1,1,53617,2602,6:10256,7:7507,5:6665,330546,27,606826,,1027091
har104-d-001896__MDkTErY,har104-d-001896,HAR-104,plain-dev,001896,0.0,,False,41,1076698,42,31,30,False,428592,0.4011,33,identical_message_run,1357,40871,42,28166.0,968.7409407665505,0,0,0,,,4:7935,27:7517,5:6614,187092,27,239541,161228,376246.2012195122
har104-d-002256__RDffvXQ,har104-d-002256,HAR-104,plain-dev,002256,0.0,ceiling:requests,False,120,1118021,120,3,2,True,1115106,0.9974,,,1305,14544,121,9605.5,94.9049829849295,0,0,0,,,3:1146,8:817,2:720,0,,1099959,,0
har104-d-002259__cptLF6h,har104-d-002259,HAR-104,plain-dev,002259,0.0,ceiling:input_tokens,False,89,2368624,92,,,,2368624,1.0,,,1011,52537,43,25102.0,149.22987742594484,1,1,1,52537,2923,4:10366,6:10366,30:7872,228984,25,,,684370.8287538304
har104-d-002391__WxBjcjX,har104-d-002391,HAR-104,plain-dev,002391,1.0,ceiling:input_tokens,False,102,2391691,102,9,8,,2343713,0.9799,17,normalized_command_run,1116,45123,103,21169.5,335.3157234055787,0,0,0,,,84:8479,82:8467,4:7486,371866,82,2282395,2149219,698571.6980848284
har104-d-002407__LRiiKmy,har104-d-002407,HAR-104,plain-dev,002407,0.0,ceiling:input_tokens,False,83,2458307,86,86,83,False,0,0.0,,,1223,55095,69,28147.0,158.770811468872,1,1,1,55095,4815,7:10166,11:9753,4:8398,477958,37,0,,1204535.6775114394
har104-d-002864__B7cJ4cG,har104-d-002864,HAR-104,plain-dev,002864,1.0,ceiling:input_tokens,False,101,2384283,101,13,12,True,2323064,0.9743,28,identical_message_run,1171,43032,102,23657.0,395.8150495049505,0,0,0,,,6:6708,5:5636,8:2261,209449,75,2272733,2066304,752322.9176237624
har81-p-d-arvo-18737__8bHpbg3,har81-p-d-arvo-18737,HAR-81,p-d-arvo,arvo_18737,0.0,,False,18,181523,18,10,9,,122215,0.6733,,,798,14869,19,11175.5,788.4427244582043,0,0,0,,,3:10068,4:3880,5:3669,53134,,57823,,0
har81-p-d-arvo-41330__Zi79ug4,har81-p-d-arvo-41330,HAR-81,p-d-arvo,arvo_41330,0.0,ceiling:input_tokens,False,101,2425423,105,,,,2403866,1.0,24,normalized_command_run,794,55409,51,22411.0,47.122620850320324,1,1,1,55409,2593,11:10366,7:10166,14:8299,341756,33,,651916,670370.239009901
har81-p-d-arvo-42485576__dsgmV5c,har81-p-d-arvo-42485576,HAR-81,p-d-arvo,arvo_42485576,0.0,ceiling:input_tokens,False,94,2424234,98,,,,2394644,1.0,,,798,54935,59,21907.0,28.616378282700577,1,1,1,54935,4235,19:10166,9:5917,11:5663,261983,32,,,1119012.6512227722
har81-p-d-arvo-42496599__GkwMiLe,har81-p-d-arvo-42496599,HAR-81,p-d-arvo,arvo_42496599,0.0,ceiling:input_tokens,False,117,2398339,117,13,12,,2319123,0.967,21,both,796,32585,118,20869.0,220.01181645161773,0,0,0,,,5:8299,9:4478,10:3723,342697,,2258710,2152248,0
har81-p-d-arvo-42514310__BGTEMs2,har81-p-d-arvo-42514310,HAR-81,p-d-arvo,arvo_42514310,0.0,ceiling:input_tokens,False,80,2355630,80,26,25,,2132514,0.9053,14,normalized_command_run,798,55460,81,29947.5,741.6113689639006,0,0,0,,,4:6815,56:5117,27:4842,190295,44,2041496,2226762,1034595.8282700422
har81-p-d-arvo-42528228__8WpUvat,har81-p-d-arvo-42528228,HAR-81,p-d-arvo,arvo_42528228,0.0,ceiling:input_tokens,False,79,2450861,83,,,,2428062,1.0,33,normalized_command_run,799,56924,60,32908.0,78.6024829600779,1,1,1,56924,1870,6:10366,8:10166,7:9493,485899,20,,1362706,1551236.0632911392
har81-p-d-candidate-1271-media-g__grehkae,har81-p-d-candidate-1271-media-games,HAR-81,p-d-candidate,candidate-1271-media-games,0.0,ceiling:input_tokens,False,93,2379211,93,,,,2379211,1.0,37,normalized_command_run,1416,37357,94,27605.0,314.20875234997465,0,0,0,,,4:10366,12:5405,3:4662,410711,72,,1661452,583394.7782071559
har81-p-d-candidate-1559-ml-eval__bqBv49S,har81-p-d-candidate-1559-ml-evaluation,HAR-81,p-d-candidate,candidate-1559-ml-evaluation,1.0,,False,8,46630,8,4,3,,36216,0.7767,,,1247,8017,9,6478.5,880.2619047619048,0,0,0,,,2:10401,3:4030,6:1846,20354,,0,,0
har81-p-d-candidate-1634-softwar__PaSTYBj,har81-p-d-candidate-1634-software-databases,HAR-81,p-d-candidate,candidate-1634-software-databases,0.0,,False,41,534632,41,33,32,,189109,0.3537,,,1002,22599,42,13202.0,508.1996515679443,0,0,0,,,4:8051,8:4954,2:3433,106748,,89063,,0
har81-p-d-candidate-1702-ml-infe__izs4jgG,har81-p-d-candidate-1702-ml-inference,HAR-81,p-d-candidate,candidate-1702-ml-inference,0.0,ceiling:input_tokens,False,95,2386480,95,23,22,,2101187,0.8805,41,normalized_command_run,1045,35512,96,26706.0,277.9169652855543,0,0,0,,,3:10238,4:5790,2:5452,492237,79,1997304,1552904,446139.2927211646
har81-p-d-candidate-1789-securit__Nhf2HdJ,har81-p-d-candidate-1789-security-appsec,HAR-81,p-d-candidate,candidate-1789-security-appsec,0.0,agent_timeout,False,23,280515,24,17,16,,112292,0.4003,,,1166,17346,24,12423.0,663.6442687747035,0,0,0,,,5:10248,3:5364,6:2991,68245,,34183,,0
har81-p-d-candidate-2684-securit__uwoAzn7,har81-p-d-candidate-2684-security-appsec,HAR-81,p-d-candidate,candidate-2684-security-appsec,1.0,ceiling:input_tokens,False,84,2461195,89,14,78,,72660,0.0304,38,identical_message_run,1162,52075,69,24262.0,202.43113293510174,1,1,1,52075,3639,10:10474,11:10337,13:10337,502866,36,13211,1393597,1271804.3618102663
har81-p-d-format-code-task-00024__9KYGvwT,har81-p-d-format-code-task-000240,HAR-81,p-d-format,format-code-task-000240,1.0,,False,20,185136,20,12,11,True,112747,0.609,,,978,13835,21,10397.0,630.7834586466165,0,0,0,,,5:5442,4:5316,6:5084,53342,,52926,,0
har81-p-d-format-code-task-00043__iT2yUa7,har81-p-d-format-code-task-000434,HAR-81,p-d-format,format-code-task-000434,0.0,ceiling:input_tokens,False,103,2406537,103,18,17,,2259553,0.9389,35,normalized_command_run,940,35289,104,24849.0,275.1427316258841,0,0,0,,,3:10166,10:6050,2:4255,377333,91,2184224,1845878,340624.866933181
har81-p-d-format-code-task-00152__P9EP83h,har81-p-d-format-code-task-001520,HAR-81,p-d-format,format-code-task-001520,0.0,ceiling:input_tokens,False,90,2395064,93,24,63,True,809817,0.3381,31,normalized_command_run,1139,52369,44,27218.0,128.9145326583529,1,1,1,52369,3229,3:4542,2:4330,4:4146,103432,26,681205,481328,652500.0765032719
har81-p-d-format-code-task-00164__bMN27md,har81-p-d-format-code-task-001645,HAR-81,p-d-format,format-code-task-001645,0.0,ceiling:input_tokens,False,99,2379637,99,,,,2379637,1.0,35,both,985,40493,100,25468.0,369.81228200371055,0,0,0,,,8:10068,25:10068,9:6343,535124,74,,1879257,696304.0083487941
har81-p-d-format-code-task-00253__7xmXPRq,har81-p-d-format-code-task-002537,HAR-81,p-d-format,format-code-task-002537,0.0,ceiling:input_tokens,False,77,2374328,77,,,,2374328,1.0,11,normalized_command_run,876,49312,78,32723.0,584.8765182186235,0,0,0,,,12:10068,7:6809,11:6805,425493,40,,2230858,998072.8076923077
har81-l-d-a2-arvo-18737__2kbVhKB,har81-l-d-a2-arvo-18737,HAR-81,l-d-a2,arvo_18737,0.0,ceiling:input_tokens,True,117,2422985,118,11,10,,2333837,0.9666,24,normalized_command_run,795,29836,118,21194.0,174.8109967180686,0,0,0,,,3:10068,4:9963,5:2352,472940,,2270067,2071920,0
har81-l-d-a2-arvo-42485576__YQ3rQ7R,har81-l-d-a2-arvo-42485576,HAR-81,l-d-a2,arvo_42485576,1.0,,False,35,931417,36,28,27,,382065,0.4265,,,799,51487,36,25895.0,1571.8072829131652,0,0,0,,,4:7469,16:7095,33:5911,102502,25,153555,,330322.5994397759
har81-l-d-a2-arvo-42496599__rzayj9j,har81-l-d-a2-arvo-42496599,HAR-81,l-d-a2,arvo_42496599,0.0,ceiling:input_tokens,False,90,2399956,90,12,11,,2317005,0.9654,27,identical_message_run,796,39661,91,28447.0,351.3705724986624,0,0,0,,,6:9724,3:6194,9:4932,394574,63,2236667,1908827,741576.9235955057
har81-l-d-a2-candidate-1271-medi__2tAyTq3,har81-l-d-a2-candidate-1271-media-games,HAR-81,l-d-a2,candidate-1271-media-games,1.0,ceiling:input_tokens,False,95,2406970,98,36,91,,102672,0.0427,39,both,1416,55171,60,21903.0,54.01697928331467,1,1,1,55171,4260,4:10366,3:8873,11:5118,317401,36,0,1353894,914034.3137178052
har81-l-d-a2-candidate-1634-soft__B8Jt3cw,har81-l-d-a2-candidate-1634-software-databases,HAR-81,l-d-a2,candidate-1634-software-databases,0.0,,False,63,1166965,63,34,33,,754747,0.6468,,,1000,28502,64,19715.0,405.250240015361,0,0,0,,,4:9631,5:5404,2:3451,202157,,647597,,0
har81-l-d-a2-candidate-1789-secu__4kHk8vj,har81-l-d-a2-candidate-1789-security-appsec,HAR-81,l-d-a2,candidate-1789-security-appsec,0.0,agent_timeout,False,44,832372,45,44,43,,32127,0.0386,,,1166,32127,45,18194.5,549.331289640592,0,0,0,,,3:10248,4:6516,2:4711,190800,,0,,0
har81-l-d-a2-format-code-task-00__NGhDDRU,har81-l-d-a2-format-code-task-000240,HAR-81,l-d-a2,format-code-task-000240,0.0,ceiling:input_tokens,False,89,2346610,89,10,9,,2287747,0.9749,22,both,983,45960,90,26551.0,449.5651344909772,0,0,0,,,2:6579,6:6376,4:5878,339694,59,2223177,2030553,853724.2124616957
har81-l-d-a2-format-code-task-00__6TqzNQw,har81-l-d-a2-format-code-task-001520,HAR-81,l-d-a2,format-code-task-001520,1.0,ceiling:input_tokens,False,95,2372667,95,8,7,True,2331435,0.9826,21,normalized_command_run,1134,41754,96,25210.0,366.94518477043675,0,0,0,,,2:4697,11:4674,5:4359,222879,70,2272222,2072700,718992.8149496081
har81-l-d-a3-arvo-18737__FygpNSe,har81-l-d-a3-arvo-18737,HAR-81,l-d-a3,arvo_18737,1.0,ceiling:input_tokens,False,79,2403173,80,34,33,,1909517,0.8049,57,normalized_command_run,795,45741,80,38457.0,615.6428188899708,0,0,0,,,11:7726,9:5792,13:5205,310682,34,1728559,799001,1058941.6824488803
har81-l-d-a3-arvo-42485576__MNqUNYv,har81-l-d-a3-arvo-42485576,HAR-81,l-d-a3,arvo_42485576,0.0,ceiling:input_tokens,False,79,2340519,79,,,,2340519,1.0,7,both,795,53582,80,30533.0,636.4512414800389,1,0,0,,,3:10366,33:6940,5:5439,297171,44,,2258638,982760.7178675755
har81-l-d-a3-arvo-42496599__RC4jf7K,har81-l-d-a3-arvo-42496599,HAR-81,l-d-a3,arvo_42496599,0.0,ceiling:input_tokens,False,93,2422537,96,,,,2422537,1.0,34,normalized_command_run,797,55322,61,23376.0,68.0929396317627,1,1,1,55322,3113,5:8355,14:7186,42:6697,238535,36,,1544317,977198.1181104712
har81-l-d-a3-candidate-1271-medi__xn4sAug,har81-l-d-a3-candidate-1271-media-games,HAR-81,l-d-a3,candidate-1271-media-games,1.0,,False,64,1293324,64,63,62,,74407,0.0575,,,1413,37287,65,19143.5,579.5860347985348,0,0,0,,,3:6018,14:4104,2:3838,159730,51,0,,360270.67083333334
har81-l-d-a3-candidate-1634-soft__rfQaHJx,har81-l-d-a3-candidate-1634-software-databases,HAR-81,l-d-a3,candidate-1634-software-databases,0.0,ceiling:input_tokens,False,76,2336362,76,33,32,,1777887,0.761,58,both,1001,46844,77,33173.0,588.5711551606288,0,0,0,,,11:10068,14:8130,6:6596,445771,39,1624479,636251,996367.477922078
har81-l-d-a3-candidate-1789-secu__WacRiXN,har81-l-d-a3-candidate-1789-security-appsec,HAR-81,l-d-a3,candidate-1789-security-appsec,0.0,ceiling:input_tokens,False,115,2419203,115,16,15,,2306892,0.9536,26,both,1165,32906,116,21620.0,225.17801625503037,0,0,0,,,3:9431,2:5690,11:3901,368246,115,2241859,2090150,0
har81-l-d-a3-format-code-task-00__ZsTxf68,har81-l-d-a3-format-code-task-000240,HAR-81,l-d-a3,format-code-task-000240,0.0,ceiling:input_tokens,False,105,2415190,105,23,22,True,2199255,0.9106,38,normalized_command_run,976,32944,106,25092.0,247.08794318888658,0,0,0,,,5:6418,8:5896,13:3810,311851,104,2107704,1780569,28696.912056811114
har81-l-d-a3-format-code-task-00__BrJZfvJ,har81-l-d-a3-format-code-task-001520,HAR-81,l-d-a3,format-code-task-001520,0.0,ceiling:input_tokens,False,110,2411912,110,10,9,True,2348401,0.9737,19,normalized_command_run,1138,30145,111,22896.5,180.42382165317946,0,0,0,,,2:5204,3:3976,4:3176,226974,,2280972,2125062,0
har81-l-d-a4-arvo-18737__P3YLKKe,har81-l-d-a4-arvo-18737,HAR-81,l-d-a4,arvo_18737,0.0,ceiling:input_tokens,False,96,2389635,96,,,,2389635,1.0,54,both,801,39752,97,29406.0,426.45588035811176,0,0,0,,,14:10166,49:10166,13:7185,554698,61,,1370679,864247.7953743896
har81-l-d-a4-arvo-42485576__AAB9BeL,har81-l-d-a4-arvo-42485576,HAR-81,l-d-a4,arvo_42485576,0.0,ceiling:input_tokens,False,88,2426321,91,34,33,,1593032,0.6566,10,normalized_command_run,799,56258,58,24852.0,32.06822584621887,1,1,1,56258,2775,11:10166,8:9139,7:8780,376932,29,1404365,2151459,1107740.3003064352
har81-l-d-a4-arvo-42496599__XC6B4Ue,har81-l-d-a4-arvo-42496599,HAR-81,l-d-a4,arvo_42496599,0.0,ceiling:input_tokens,False,97,2403315,100,,,,2403315,1.0,35,both,795,58551,60,22339.0,143.33907532085,1,1,1,58551,3537,43:10166,53:10166,7:9834,189498,41,,1627349,757474.0181201346
har81-l-d-a4-candidate-1271-medi__wCBkiuG,har81-l-d-a4-candidate-1271-media-games,HAR-81,l-d-a4,candidate-1271-media-games,0.0,ceiling:input_tokens,False,88,2385827,88,,,,2385827,1.0,41,both,1414,42157,89,29859.5,437.4788049029622,0,0,0,,,2:8717,7:4794,20:4633,303765,57,,1574325,852882.5127681307
har81-l-d-a4-candidate-1634-soft__TJN8GB5,har81-l-d-a4-candidate-1634-software-databases,HAR-81,l-d-a4,candidate-1634-software-databases,0.0,agent_timeout,False,47,1003696,48,47,46,,34407,0.0343,,,1000,34407,48,20992.0,619.5889222941721,0,0,0,,,3:10256,4:10256,5:4530,257786,45,0,,58104.233233117484
har81-l-d-a4-candidate-1789-secu__VfC7WMo,har81-l-d-a4-candidate-1789-security-appsec,HAR-81,l-d-a4,candidate-1789-security-appsec,0.0,ceiling:input_tokens,False,83,2335314,83,28,27,,2029006,0.8688,66,both,1165,50424,84,28777.0,592.7964611057471,0,0,0,,,4:6562,2:5163,3:3360,217000,48,1928748,622347,974210.2295033793
har81-l-d-a4-format-code-task-00__2JNXcHz,har81-l-d-a4-format-code-task-000240,HAR-81,l-d-a4,format-code-task-000240,0.0,agent_timeout,False,72,238907,73,,,,238907,1.0,17,normalized_command_run,980,5043,73,3268.0,51.53016271142839,0,0,0,,,2:731,3:131,5:71,0,,,193443,0
har81-l-d-a4-format-code-task-00__ZmQBZYW,har81-l-d-a4-format-code-task-001520,HAR-81,l-d-a4,format-code-task-001520,0.0,ceiling:input_tokens,False,117,2451127,121,17,64,True,749706,0.309,27,normalized_command_run,1137,53862,52,14698.0,-92.45385814263663,1,1,1,53862,3153,19:4743,3:4708,4:4389,133577,29,687537,557225,831977
har81-p-d-arvo-57589__xvqMDKd,har81-p-d-arvo-57589,HAR-81,p-d-arvo,arvo_57589,0.0,ceiling:input_tokens,False,91,2407562,91,,,,2407562,1.0,34,both,799,39567,92,28452.0,357.3801082974996,0,0,0,,,11:5767,5:5056,10:5021,304126,64,,1756685,738522.3190635452
har81-p-d-candidate-1048-operati__Rh9y42B,har81-p-d-candidate-1048-operations-virtualization,HAR-81,p-d-candidate,candidate-1048-operations-virtualization,0.0,ceiling:input_tokens,False,90,2391642,90,,,,2391642,1.0,17,normalized_command_run,1131,39050,91,30768.5,381.4799028686669,0,0,0,,,4:10256,5:6028,24:5032,440939,56,,2163505,861495.4577931432
har81-p-d-format-code-task-00301__4KvLSba,har81-p-d-format-code-task-003011,HAR-81,p-d-format,format-code-task-003011,0.0,ceiling:input_tokens,False,73,2334662,73,47,46,,1147845,0.4917,,,1102,45653,74,35913.0,522.2278168579538,0,0,0,,,3:10256,6:10256,9:10256,654412,32,948398,,1046866.8496853018
