task_id,repository,arm,position,job,trial_id,trial_name,raw_reward,counts_verdict,counts_reasons,outcome,source_report,source_report_sha256,native_result_sha256,task_package_digest,model,spec_id
format-code-task-002302,powerline,stock,1,ovn-g5-002302-stock,065b64ad-b63f-485c-bd79-b31f67fb25e0,ovn-g5-002302-stock__83xFDnj,0,counted_fail,,0,HAR-126-ovn-g5-002302-stock/processed/trial-ovn-g5-002302-stock__83xFDnj.json,8f58a220ad3bfbb33706203b90de70a19b0519c031322c71e3d675d6aac97b62,cb3b78b699d9ce1a73313104fe89d7bd41b4ab82f5bd39fcb91b4d9d0467af59,sha256:5c7cb446bfa714ef0b739244885ac7a9aa0f6c768772dae9a03a31466fb797da,selfhosted/XiaomiMiMo/MiMo-V2.6-Distill-Qwen-9B,01M3VRKKCYBTBJ40SZ6AQR9P2Z
format-code-task-002302,powerline,tuned,2,ovn-g5-002302-tuned,93aa4525-95d5-428a-b083-4e51f01769a7,ovn-g5-002302-tuned__5j77iHJ,0,counted_fail,,0,HAR-126-ovn-g5-002302-tuned/processed/trial-ovn-g5-002302-tuned__5j77iHJ.json,c5a408ce9505503765eb47d6d08c8e5020357aa2219d1e310756915b11d85857,46f030b96185814a6c8fd14a68bf720247cc5a41cab301d8a81f6174b0c686d7,sha256:5c7cb446bfa714ef0b739244885ac7a9aa0f6c768772dae9a03a31466fb797da,selfhosted/XiaomiMiMo/MiMo-V2.6-Distill-Qwen-9B:har129,01M3VWM9S60TWCQ31J8MJXV65D
format-code-task-002302,powerline,gepa,3,ovn-g5-002302-gepa,be35e239-e892-4c69-a487-b83fb79a923c,ovn-g5-002302-gepa__sFGLATE,0,counted_fail,,0,HAR-126-ovn-g5-002302-gepa/processed/trial-ovn-g5-002302-gepa__sFGLATE.json,1b1d3ad67636f14a871fd839383657a860bc4bca1ce4343b429ec3283ead9b77,c019f223869bd1eaf7a14b800875ba82619dc6ec7a06e9e59cca6bffc05597dd,sha256:5c7cb446bfa714ef0b739244885ac7a9aa0f6c768772dae9a03a31466fb797da,selfhosted/XiaomiMiMo/MiMo-V2.6-Distill-Qwen-9B,01M3W1G01MN8XWN1CWD3B6W3YY
format-code-task-001695,github.com/kinnala/scikit-fem,stock,3,ovn-g5-001695-stock,af726519-4242-4a31-b4c8-f2ea09ee6223,ovn-g5-001695-stock__PveqguL,1,counted_pass,,1,HAR-126-ovn-g5-001695-stock/processed/trial-ovn-g5-001695-stock__PveqguL.json,d8bbb24e40fbd441f5907fbfe9a608304525df8b66af91c1622a06ae1242bb63,8a86eedbf9b109eb5dd60d375addaa48955344356c2f904f1ae2e874a98aa71c,sha256:ed03a438c0160c4def6b3a6d07149117338119513af678d93cd402027c305057,selfhosted/XiaomiMiMo/MiMo-V2.6-Distill-Qwen-9B,01M3W1G0S2V1MK2JSWPP1Y99MX
format-code-task-001695,github.com/kinnala/scikit-fem,tuned,1,ovn-g5-001695-tuned,27be9c5f-8297-48b6-a60f-97d0827bc0a4,ovn-g5-001695-tuned__HSdBDkF,0,counted_fail,,0,HAR-126-ovn-g5-001695-tuned/processed/trial-ovn-g5-001695-tuned__HSdBDkF.json,33a310bc49faa76c7ddf23b84ae283f0a47088c290b72385cff6f267e44b4400,c4102e39b8e01a6ce0b0a6270c05658a24df356fbd1bf8ce77f35cb7cf753da2,sha256:ed03a438c0160c4def6b3a6d07149117338119513af678d93cd402027c305057,selfhosted/XiaomiMiMo/MiMo-V2.6-Distill-Qwen-9B:har129,01M3VWM64F3F6M5WD8RTD7EAMX
format-code-task-001695,github.com/kinnala/scikit-fem,gepa,2,ovn-g5-001695-gepa,0b473ac7-057c-4f09-b5aa-857b9f528589,ovn-g5-001695-gepa__q4rVPoo,0,counted_fail,,0,HAR-126-ovn-g5-001695-gepa/processed/trial-ovn-g5-001695-gepa__q4rVPoo.json,da1e61aeef4503c0f56402c7fb7d36457c6c23883a20d0d1878a1f01d4281b81,4e830d3eeaddab8065aaa3ce8e7d4a762ff62cadea938cf67c684e269f09c6e3,sha256:ed03a438c0160c4def6b3a6d07149117338119513af678d93cd402027c305057,selfhosted/XiaomiMiMo/MiMo-V2.6-Distill-Qwen-9B,01M3VWMA8YZHKQ9FTRKV06APBY
format-code-task-000521,pyabm,stock,2,ovn-g5-000521-stock,352a2b09-7887-4513-b344-adfe38d6ea30,ovn-g5-000521-stock__pjKC2mS,0,counted_fail,,0,HAR-126-ovn-g5-000521-stock/processed/trial-ovn-g5-000521-stock__pjKC2mS.json,b3f9e7a7e746d7f2de65531e552dca2fd01430c23e648b91b188082584562c52,815c31b6778ebd766785ebc6a02d13306481b16221750d408de9c842eccedbec,sha256:a37768d9102ababe1f27030a6cfa37aa71bc7fb7f0377cfc8820121a3583ad47,selfhosted/XiaomiMiMo/MiMo-V2.6-Distill-Qwen-9B,01M3VWMARYCKRSG040CTZBWK47
format-code-task-000521,pyabm,tuned,3,ovn-g5-000521-tuned,2a0ac6ac-10ad-41be-84d9-e6cd75f11b73,ovn-g5-000521-tuned__TdWLAib,0,counted_fail,,0,HAR-126-ovn-g5-000521-tuned/processed/trial-ovn-g5-000521-tuned__TdWLAib.json,96fc6f11a768eef4e03bb824adb3a4f322878d215382d18034f00d3a6a45c41e,417766b5b5597a257e4e60b308767be5856b13a815d0ae2fda6036fdbc5a6ab2,sha256:a37768d9102ababe1f27030a6cfa37aa71bc7fb7f0377cfc8820121a3583ad47,selfhosted/XiaomiMiMo/MiMo-V2.6-Distill-Qwen-9B:har129,01M3W1G18Y1B027VD26B9KMXHA
format-code-task-000521,pyabm,gepa,1,ovn-g5-000521-gepa,ed874c1d-4afe-429b-91fa-53a86a377732,ovn-g5-000521-gepa__2rqo6EY,0,counted_fail,,0,HAR-126-ovn-g5-000521-gepa/processed/trial-ovn-g5-000521-gepa__2rqo6EY.json,1e4eb9db98075b2b5b17bd5afb3b9107afbdbcc094e5261b610b2a35bc9af407,a178325d8e78b0d123edd008999848f3d330d531581f38d7620d4b92a6b900f4,sha256:a37768d9102ababe1f27030a6cfa37aa71bc7fb7f0377cfc8820121a3583ad47,selfhosted/XiaomiMiMo/MiMo-V2.6-Distill-Qwen-9B,01M3VRKMGGHR4RVERV1EEXVD6D
format-code-task-001797,github.com/linode/linode-cli,stock,3,ovn-g5-001797-stock,8cb4da78-4da9-4644-ac53-f5ba4e41a8ef,ovn-g5-001797-stock__yGw88CW,0,counted_fail,,0,HAR-126-ovn-g5-001797-stock/processed/trial-ovn-g5-001797-stock__yGw88CW.json,d909dd9878bca699da4ffff928a320b8d66be5a2a9c4f8cdc6a4ab8d0b6bc7f9,a3b8b9486856eb4c4f97a35834bb86e24569bc641f9ea60306dba6c0d52f2da0,sha256:702534249ae675b7d431a8a25ec535d8e1e565d93a2e486010ebb6351acbdbe9,selfhosted/XiaomiMiMo/MiMo-V2.6-Distill-Qwen-9B,01M3W1G1RYAAXNBKTE9TKFFNYP
format-code-task-001797,github.com/linode/linode-cli,tuned,2,ovn-g5-001797-tuned,e2dd2cf5-00ff-4571-acc3-935467e3ef9f,ovn-g5-001797-tuned__L32LiEr,0,counted_fail,,0,HAR-126-ovn-g5-001797-tuned/processed/trial-ovn-g5-001797-tuned__L32LiEr.json,31d9cbecfa9834e63e4009162075226a8ae49758546bb5d5168e8f0073cba175,735b09095ea0f869814d979f48f6834a760c0c37be0895944e5dca2994b40549,sha256:702534249ae675b7d431a8a25ec535d8e1e565d93a2e486010ebb6351acbdbe9,selfhosted/XiaomiMiMo/MiMo-V2.6-Distill-Qwen-9B:har129,01M3VWMB8F2GHSH1NJYQG9J7ER
format-code-task-001797,github.com/linode/linode-cli,gepa,1,ovn-g5-001797-gepa,6393fb14-6cec-45a7-a88e-d09801eebec3,ovn-g5-001797-gepa__W7cKEVT,0,counted_fail,,0,HAR-126-ovn-g5-001797-gepa/processed/trial-ovn-g5-001797-gepa__W7cKEVT.json,13595125774845a025102a41ef8347ac5dc467915ade19cf0cdf9d7107d28316,88f5ca791a934495ef2686cd7691763547eb322bdefb91a0f3a6073abdd526ee,sha256:702534249ae675b7d431a8a25ec535d8e1e565d93a2e486010ebb6351acbdbe9,selfhosted/XiaomiMiMo/MiMo-V2.6-Distill-Qwen-9B,01M3VRKMZ38NYJS6NHC6GHYNEP
format-code-task-001809,localstack,stock,1,ovn-g5-001809-stock,bb7d135d-77eb-4759-a2e9-7ef211735cbc,ovn-g5-001809-stock__PZ8sw7f,1,counted_pass,,1,HAR-126-ovn-g5-001809-stock/processed/trial-ovn-g5-001809-stock__PZ8sw7f.json,9f55ec0a5593723c8ebfa5c4e6c35c1f466adc6abc8fafbd236dd6adfc6ce8eb,a789ccfb519e3aba7ad7a322049031824ae409d0eca21bf823a2c1b6ca8e5514,sha256:5621a1f3d0de1428c222738d7a793c224e47b41abd5b1fa5d9b0e10631aa7cc0,selfhosted/XiaomiMiMo/MiMo-V2.6-Distill-Qwen-9B,01M3VRKNDJ7NF5MYBJNRZKFFD1
format-code-task-001809,localstack,tuned,3,ovn-g5-001809-tuned,1d958aa7-f4cb-43dd-80e8-16acfd1b9ee5,ovn-g5-001809-tuned__AUVzrvM,0,counted_fail,,0,HAR-126-ovn-g5-001809-tuned/processed/trial-ovn-g5-001809-tuned__AUVzrvM.json,01af3ac6f29f2954098359a6254590fcb0baddac895106d35dfb2e3052eea6a6,ffeeb9cd52a04524c2d2c9507ac65ff0bbac864cbc1a639e1128dfcde24d29f5,sha256:5621a1f3d0de1428c222738d7a793c224e47b41abd5b1fa5d9b0e10631aa7cc0,selfhosted/XiaomiMiMo/MiMo-V2.6-Distill-Qwen-9B:har129,01M3W1G28V2SPM98PWB769ZHDH
format-code-task-001809,localstack,gepa,2,ovn-g5-001809-gepa,affd5ea5-7a51-459e-92d5-d08668d7ec16,ovn-g5-001809-gepa__nxdBvhh,1,counted_pass,,1,HAR-126-ovn-g5-001809-gepa/processed/trial-ovn-g5-001809-gepa__nxdBvhh.json,84282b5be32223e650b94787b94c97b71e089c5c03670bcb683a49aae51d6e1c,c238065cfa25e234f443fe0068bdd268a5f34e5629ea7284cace76acf9b292cd,sha256:5621a1f3d0de1428c222738d7a793c224e47b41abd5b1fa5d9b0e10631aa7cc0,selfhosted/XiaomiMiMo/MiMo-V2.6-Distill-Qwen-9B,01M3VWMBR1XSR832XRXMZE9RMY
format-code-task-001769,lenstronomy,stock,2,ovn-g5-001769-stock,729a460b-8d4a-4223-853e-8f74590920e5,ovn-g5-001769-stock__qSPHRnf,0,counted_fail,,0,HAR-126-ovn-g5-001769-stock/processed/trial-ovn-g5-001769-stock__qSPHRnf.json,868a1b02d03da1a5662d849cf5363fa95e2d8a4213a8811a19a77c3679297831,dd001f68440176e7f4eee023502d3249d88839232595409f995523c4e247e9e9,sha256:d0d90c10d01d4b1c8093790349a71f748e5d226274bc42385ab721d249b7c619,selfhosted/XiaomiMiMo/MiMo-V2.6-Distill-Qwen-9B,01M3VWMC7T7QP7WF066J58PD60
format-code-task-001769,lenstronomy,tuned,1,ovn-g5-001769-tuned,3b55a49b-da3e-4c66-9930-65f30174f232,ovn-g5-001769-tuned__pHJnuZq,0,counted_fail,,0,HAR-126-ovn-g5-001769-tuned/processed/trial-ovn-g5-001769-tuned__pHJnuZq.json,a8d31319c837cd4496abbe913209304a6786ffcf0a1974f65d2889bb6dd70f6c,6abb1fd1bf2109b6d67e7c111afbb8a17d986c9ba6cb8aa0b308cf4ed602d2f1,sha256:d0d90c10d01d4b1c8093790349a71f748e5d226274bc42385ab721d249b7c619,selfhosted/XiaomiMiMo/MiMo-V2.6-Distill-Qwen-9B:har129,01M3VWM6TNVKAHSDN92CFZ4HM6
format-code-task-001769,lenstronomy,gepa,3,ovn-g5-001769-gepa,755c7b39-9f1d-46fb-8993-45afcf2abcdc,ovn-g5-001769-gepa__XKhJTpk,0,counted_fail,,0,HAR-126-ovn-g5-001769-gepa/processed/trial-ovn-g5-001769-gepa__XKhJTpk.json,23b96680339631e5b4d1d6d5eb2f068b9826b11856f73d0798b7c48aaf31017b,5d1eeed0df25591f903171dc9720bf4c93dadf3159331ec061aec931300700ec,sha256:d0d90c10d01d4b1c8093790349a71f748e5d226274bc42385ab721d249b7c619,selfhosted/XiaomiMiMo/MiMo-V2.6-Distill-Qwen-9B,01M3W1G2RWBTRT1AW20KNDHJB6
format-code-task-001285,pyftpdlib,stock,1,ovn-g5-001285-stock,25594c2a-683c-4c7a-8fb6-ede52f4e7203,ovn-g5-001285-stock__JvtxRFm,0,counted_fail,,0,HAR-126-ovn-g5-001285-stock/processed/trial-ovn-g5-001285-stock__JvtxRFm.json,4fb6fa26f214143a1a7188a102bdfebd518a94e77ff5e57043f03841b391e1d6,9c6c25b4c7b270d8c77b3dbd9c2636671b19d214dc9374d8ce9141254bff79fd,sha256:fa20ccd9b38cec35a064b3500b3cd58c952dcdaa7a20eaf3a2fcf46543c8ccfe,selfhosted/XiaomiMiMo/MiMo-V2.6-Distill-Qwen-9B,01M3VRKPAY4TNRMXF70VM3VXSV
format-code-task-001285,pyftpdlib,tuned,2,ovn-g5-001285-tuned,780de673-e69b-429f-9d16-4ac2dfa7e0d3,ovn-g5-001285-tuned__WgPbz8K,0,counted_fail,,0,HAR-126-ovn-g5-001285-tuned/processed/trial-ovn-g5-001285-tuned__WgPbz8K.json,b15a9381a35dd768b25065cd5d221e9cce3de770d025d4f564e95c410c19a00a,c66426f69a3df3dcc52596758ed42cd3c4c3a642aae01807b94f77a7a0f59ca5,sha256:fa20ccd9b38cec35a064b3500b3cd58c952dcdaa7a20eaf3a2fcf46543c8ccfe,selfhosted/XiaomiMiMo/MiMo-V2.6-Distill-Qwen-9B:har129,01M3VWMCQJF76EFKA5WB1W1RVR
format-code-task-001285,pyftpdlib,gepa,3,ovn-g5-001285-gepa,315faf09-3d40-4395-b69f-79bef0e55792,ovn-g5-001285-gepa__waX6njT,0,counted_fail,,0,HAR-126-ovn-g5-001285-gepa/processed/trial-ovn-g5-001285-gepa__waX6njT.json,62836588497121f272f713d001e9190aaa5cf06b2bdec51080519541827fef70,cb92970a797d1a504ba930ece6079fd5f215f5de014757452328be83e6bd70dc,sha256:fa20ccd9b38cec35a064b3500b3cd58c952dcdaa7a20eaf3a2fcf46543c8ccfe,selfhosted/XiaomiMiMo/MiMo-V2.6-Distill-Qwen-9B,01M3W1G38H1B1GWAXN85BMR6TR
format-code-task-001765,lbry,stock,3,ovn-g5-001765-stock,719a4221-777c-4b5f-ada6-37c9a7c6289b,ovn-g5-001765-stock__Tigdd3B,,excluded,infra,,HAR-126-ovn-g5-001765-stock/processed/trial-ovn-g5-001765-stock__Tigdd3B.json,741803de3b0060cd43724c8453f74708aecf2c7a00273a53157112b451917c6a,1fb33d5fa304e2c438dc8f2da30cb2f08f15477df2d6ce77ea986ba1cf783479,sha256:41f2e7efe2c0eefdecbe40e32840b1efcae84936745a234f7b6a9a9c587b05b1,selfhosted/XiaomiMiMo/MiMo-V2.6-Distill-Qwen-9B,01M3W1G3RGW8VCX8KPDKVV8M8C
format-code-task-001765,lbry,tuned,1,ovn-g5-001765-tuned,d3ab1230-99ae-4c5e-b489-63cd912bb4b7,ovn-g5-001765-tuned__rrXKUgY,0,counted_fail,,0,HAR-126-ovn-g5-001765-tuned/processed/trial-ovn-g5-001765-tuned__rrXKUgY.json,69c00957b24116502f9e372545c81d0afff42ce6c2a3f350cc9f78ea936d8a0c,f133d06f33200ab8cd51dcbb74b9cfbef043c191d0da96ab21420200f62908c7,sha256:41f2e7efe2c0eefdecbe40e32840b1efcae84936745a234f7b6a9a9c587b05b1,selfhosted/XiaomiMiMo/MiMo-V2.6-Distill-Qwen-9B:har129,01M3VWM7AAR8YRACVXHZ5T0MQK
format-code-task-001765,lbry,gepa,2,ovn-g5-001765-gepa,9b0ba222-b281-4a4c-aab9-24c7f7cc8a9e,ovn-g5-001765-gepa__yHdbtvs,0,counted_fail,,0,HAR-126-ovn-g5-001765-gepa/processed/trial-ovn-g5-001765-gepa__yHdbtvs.json,5af76bf01d2da1458a6afd75934d130d9ea3e28aabc9f10ced8c05366ce92ec5,41d1261fda939158737546b6305503d8639b20b14f8e3c7ebae7f213ef4b0a39,sha256:41f2e7efe2c0eefdecbe40e32840b1efcae84936745a234f7b6a9a9c587b05b1,selfhosted/XiaomiMiMo/MiMo-V2.6-Distill-Qwen-9B,01M3VWMD714S7ZHVE812H7Y7F5
format-code-task-000568,youtube_dlc,stock,2,ovn-g5-000568-stock,31989353-06ec-40f1-b50e-9957a8093e67,ovn-g5-000568-stock__Ri7YYN5,0,counted_fail,,0,HAR-126-ovn-g5-000568-stock/processed/trial-ovn-g5-000568-stock__Ri7YYN5.json,c865cedc70c701928e18512e3969b08eb54ff74bb15eedaa4b7d77494237bb68,54aeb9e4e9c3452501dcd6b34342ef491202a497c68e2c82491c648652d79335,sha256:11021499591d1aba69448515beb0565c7401339c77a9de36f44fdd92d4f5a543,selfhosted/XiaomiMiMo/MiMo-V2.6-Distill-Qwen-9B,01M3VWMDPKKY62KY9ZZSJZ2DJK
format-code-task-000568,youtube_dlc,tuned,3,ovn-g5-000568-tuned,cbc21499-9fcb-44aa-8293-d3a51d9cb1e7,ovn-g5-000568-tuned__Zcbk6Ub,0,counted_fail,,0,HAR-126-ovn-g5-000568-tuned/processed/trial-ovn-g5-000568-tuned__Zcbk6Ub.json,d9f485505429d387bff68da5cd1824908eb3b3946d9a35933af7ec9d3a0ffe36,5b339336f2330968b0c2710f878f7e88556a49f3a1b4f10632377b7e46cc26a5,sha256:11021499591d1aba69448515beb0565c7401339c77a9de36f44fdd92d4f5a543,selfhosted/XiaomiMiMo/MiMo-V2.6-Distill-Qwen-9B:har129,01M3W1G48BHSMAKNJZC4A39NEE
format-code-task-000568,youtube_dlc,gepa,1,ovn-g5-000568-gepa,c8fb2ec5-8923-40d7-9841-3661ccc08d2f,ovn-g5-000568-gepa__XXS7kMp,0,counted_fail,,0,HAR-126-ovn-g5-000568-gepa/processed/trial-ovn-g5-000568-gepa__XXS7kMp.json,de45dc88a2223ee1786a1815dfa77c81550b710fe419a9d35b7f0b25667a5999,b1c4966091a035a1b032b7b3bfb13182057c3e00984446f2ae258ccad3537aa1,sha256:11021499591d1aba69448515beb0565c7401339c77a9de36f44fdd92d4f5a543,selfhosted/XiaomiMiMo/MiMo-V2.6-Distill-Qwen-9B,01M3VRKQ7WBVDVCB7C3C0W6P7Y
format-code-task-001241,pyalgotrade,stock,3,ovn-g5-001241-stock,1d23fc91-be8f-4bd6-b6b9-7a40d46b0943,ovn-g5-001241-stock__FGtdyNH,,excluded,infra,,HAR-126-ovn-g5-001241-stock/processed/trial-ovn-g5-001241-stock__FGtdyNH.json,3dbf2eee72fea2ce699473bc1faf2353f2f4423ea53264fa8924e2f0817f270b,9f19f5ef76aaebfd477cecbb8216663a84ce9f55507d225fca581c9314c98bfe,sha256:5bee129ed4e919b3507be46c259a561c4d6b6f82503bc6106146a6d7b2b5f3df,selfhosted/XiaomiMiMo/MiMo-V2.6-Distill-Qwen-9B,01M3W1G4RACDEZYX5PZCJS7GRR
format-code-task-001241,pyalgotrade,tuned,2,ovn-g5-001241-tuned,fb9786c9-749b-4f8f-8cee-dfd475a14124,ovn-g5-001241-tuned__xKbAg3N,0,counted_fail,,0,HAR-126-ovn-g5-001241-tuned/processed/trial-ovn-g5-001241-tuned__xKbAg3N.json,1bcc49e97c8d8e1b02205f0056fce19a17e7167e0b23ba48bd06bb8aa1618a5c,1d9e25805ba0424fc766e283438d74e0b58e094366ec133f2eb9f6ad1a7bfa96,sha256:5bee129ed4e919b3507be46c259a561c4d6b6f82503bc6106146a6d7b2b5f3df,selfhosted/XiaomiMiMo/MiMo-V2.6-Distill-Qwen-9B:har129,01M3VWME6QQCQAZ2T3RKW3Y841
format-code-task-001241,pyalgotrade,gepa,1,ovn-g5-001241-gepa,10559254-6078-452e-b631-262ba50b0755,ovn-g5-001241-gepa__6LNRk7d,0,counted_fail,,0,HAR-126-ovn-g5-001241-gepa/processed/trial-ovn-g5-001241-gepa__6LNRk7d.json,f8b9b18fc423b5ea91f5fb6dd9485fcb112de8cdd4cc46bc675cbbd1867888e8,49cff9136c66934c7af897e5b8bbc6838f00a04f0770a5f2fe11c779529c0c15,sha256:5bee129ed4e919b3507be46c259a561c4d6b6f82503bc6106146a6d7b2b5f3df,selfhosted/XiaomiMiMo/MiMo-V2.6-Distill-Qwen-9B,01M3VRKQPH3PVSH59EFXHM86Y1
format-code-task-002578,maestral,stock,1,ovn-g5-002578-stock,9caa9327-3750-467e-b0fb-ef405775edeb,ovn-g5-002578-stock__ZVWT2gB,0,counted_fail,,0,HAR-126-ovn-g5-002578-stock/processed/trial-ovn-g5-002578-stock__ZVWT2gB.json,1ca52b9497f5e16c9fed0bf165d57a5bdb9b80f58bd5292a93deaa1483cc8235,7ff13abfc550de4fc67d8a56290e4f6fcf3b7149149acacf962cd7461f6c17da,sha256:a507564369e9609d9b7e71ed019f61c779dd1cc9882342f87b4144326252f05e,selfhosted/XiaomiMiMo/MiMo-V2.6-Distill-Qwen-9B,01M3VRKR5359D8187EHR3KYGYP
format-code-task-002578,maestral,tuned,3,ovn-g5-002578-tuned,a3579043-3ced-4a16-a4e7-6670ffc74859,ovn-g5-002578-tuned__Zyd7L6j,0,counted_fail,,0,HAR-126-ovn-g5-002578-tuned/processed/trial-ovn-g5-002578-tuned__Zyd7L6j.json,3f31a0427ddbfe4949058ddf43dbb3895b07b85a2b4aa72caddc6b37dfefb194,3ff90968d46e747df51543a09f47490982bc8d2872fca68969708c1aff42ab70,sha256:a507564369e9609d9b7e71ed019f61c779dd1cc9882342f87b4144326252f05e,selfhosted/XiaomiMiMo/MiMo-V2.6-Distill-Qwen-9B:har129,01M3W1G582QEAVMS6HQSHTM4V6
format-code-task-002578,maestral,gepa,2,ovn-g5-002578-gepa,0ea44c56-9989-4a3e-8684-959f3d008358,ovn-g5-002578-gepa__kzhAXLU,0,counted_fail,,0,HAR-126-ovn-g5-002578-gepa/processed/trial-ovn-g5-002578-gepa__kzhAXLU.json,7fc6afa81bc14baacecce5a2ed839ff9ab5729e7a4d85d32c49a3370a567d4a8,9f675369396551d94b96995824f1ed0a2e26f72a4772a183e81d6309fde21425,sha256:a507564369e9609d9b7e71ed019f61c779dd1cc9882342f87b4144326252f05e,selfhosted/XiaomiMiMo/MiMo-V2.6-Distill-Qwen-9B,01M3VWMEPNXSYH2H056P7MMP5P
format-code-task-001606,deepdow,stock,2,ovn-g5-001606-stock,d494bb0b-792f-4460-b7cb-fe3c7ffde8f4,ovn-g5-001606-stock__jePg8nP,0,counted_fail,,0,HAR-126-ovn-g5-001606-stock/processed/trial-ovn-g5-001606-stock__jePg8nP.json,3e06a312ca120eab6514b548d8026fdcf35f31269f0601c0e7a37c1919208577,56fbaa20b60916923e2eb80ee9eeaa5a37b1c5c2e3f61da099385ffe4cf78c28,sha256:6f96e1128a5a8703fa5c7ca9cf43716d869226a37942c4bb0d67d87431f54f2d,selfhosted/XiaomiMiMo/MiMo-V2.6-Distill-Qwen-9B,01M3VWMF68Y1K4Y6ZM57031H4B
format-code-task-001606,deepdow,tuned,1,ovn-g5-001606-tuned,dc31d014-6de7-4be3-86e8-984217e3a6cd,ovn-g5-001606-tuned__MnCArfo,0,counted_fail,,0,HAR-126-ovn-g5-001606-tuned/processed/trial-ovn-g5-001606-tuned__MnCArfo.json,f48be533621eece4fb5c6c03f42a10bbf78453bcba30940d56fb727fd46f834a,31e5f44116624d43c2e71c09ff1a5ca6e2e0d2d9b2541c187423f60b363f3c69,sha256:6f96e1128a5a8703fa5c7ca9cf43716d869226a37942c4bb0d67d87431f54f2d,selfhosted/XiaomiMiMo/MiMo-V2.6-Distill-Qwen-9B:har129,01M3VWM7SVBMRPTTRXY2C52SZ7
format-code-task-001606,deepdow,gepa,3,ovn-g5-001606-gepa,1df2a897-7c1d-4425-98ff-109d3f5bf173,ovn-g5-001606-gepa__ySwezhm,0,counted_fail,,0,HAR-126-ovn-g5-001606-gepa/processed/trial-ovn-g5-001606-gepa__ySwezhm.json,07a04b7bafaee6818985f2e3e5ad89d01c51137e1e1548f9b00efade78ea6114,5a4a277b61ea91c4706014e342ce4b466218a9502121c81fb08b9d242c4572c7,sha256:6f96e1128a5a8703fa5c7ca9cf43716d869226a37942c4bb0d67d87431f54f2d,selfhosted/XiaomiMiMo/MiMo-V2.6-Distill-Qwen-9B,01M3W1G5R2BY39DEFMXX67YD5E
format-code-task-002017,github.com/napari/napari,stock,1,ovn-g5-002017-stock,8fbc4c4c-3001-43fe-9066-08cfb1828139,ovn-g5-002017-stock__be4xo9x,0,counted_fail,,0,HAR-126-ovn-g5-002017-stock/processed/trial-ovn-g5-002017-stock__be4xo9x.json,8b6519e544293acdeb8b2d0d750d88849a779f7018a3c4868ca33f6283347583,087babf1ce42cc7121e3985f63e495ae52d0a57b5d9dbbdb632a0cf59b60d702,sha256:d58b321d3fe5c6c5cf7a56ed1df10d7942b559e5d91e37bb40f52efb428ed44d,selfhosted/XiaomiMiMo/MiMo-V2.6-Distill-Qwen-9B,01M3VRKS2WKXXTCCSDNJ5694J9
format-code-task-002017,github.com/napari/napari,tuned,2,ovn-g5-002017-tuned,b9480244-8b65-45b0-87b6-a7c7e7ed0f28,ovn-g5-002017-tuned__SWc4xbr,0,counted_fail,,0,HAR-126-ovn-g5-002017-tuned/processed/trial-ovn-g5-002017-tuned__SWc4xbr.json,4655216da08e476ca407062289cb94828787a9a01ae5aa6cc11df07d4df6cbf5,b6389045c018acf869e4d80c19b48d9c27a71f1f20b5f59de573b7e11982aed3,sha256:d58b321d3fe5c6c5cf7a56ed1df10d7942b559e5d91e37bb40f52efb428ed44d,selfhosted/XiaomiMiMo/MiMo-V2.6-Distill-Qwen-9B:har129,01M3VWMFNV1N0F1JE016BWE689
format-code-task-002017,github.com/napari/napari,gepa,3,ovn-g5-002017-gepa,97a6796b-5f4b-4e50-9a84-fcb5ec4d2740,ovn-g5-002017-gepa__qQJWeCc,0,counted_fail,,0,HAR-126-ovn-g5-002017-gepa/processed/trial-ovn-g5-002017-gepa__qQJWeCc.json,2bfc40ffea311db23aa14b4e8da44859ac896908f1c9f11d019a4f6227321a27,92e070284af7d94c18757630d1dd0c7ea8ffaa38497bf39ff2a56b19f3c4b996,sha256:d58b321d3fe5c6c5cf7a56ed1df10d7942b559e5d91e37bb40f52efb428ed44d,selfhosted/XiaomiMiMo/MiMo-V2.6-Distill-Qwen-9B,01M3W1G681A7Z187KV61ZKHGDJ
format-code-task-001626,dulwich,stock,3,ovn-g5-001626-stock,69299ea6-a50d-4426-9b39-035a5e75e3a5,ovn-g5-001626-stock__6P6YXKD,,excluded,infra,,HAR-126-ovn-g5-001626-stock/processed/trial-ovn-g5-001626-stock__6P6YXKD.json,989ddf64249d233e6cefefa0685cafa648633febd36c80965561bf8b36217e9a,7de358d3babdf394fe084470030b214c2da10d090eb4bf2ffadda16a9137f0f2,sha256:620857c980c8978a6380ae55101016179854e180579ca192ba8e7a8925ddf3a6,selfhosted/XiaomiMiMo/MiMo-V2.6-Distill-Qwen-9B,01M3W1G6R0KH0T7KM7GZP3MA8P
format-code-task-001626,dulwich,tuned,1,ovn-g5-001626-tuned,9a848d8f-76a9-4c2d-bf38-1d15e718344c,ovn-g5-001626-tuned__fSkoQL7,0,counted_fail,,0,HAR-126-ovn-g5-001626-tuned/processed/trial-ovn-g5-001626-tuned__fSkoQL7.json,d36c8d75ecde6c219c6b0b62aa44fadf5cc26c432c775403955a9ac50f4241db,fe118e9a16cf66f6a6c7ad92d6c410abee49bf9ede137b882a40ffca223b0122,sha256:620857c980c8978a6380ae55101016179854e180579ca192ba8e7a8925ddf3a6,selfhosted/XiaomiMiMo/MiMo-V2.6-Distill-Qwen-9B:har129,01M3VWM89STQ13AA6JBGBBE0BY
format-code-task-001626,dulwich,gepa,2,ovn-g5-001626-gepa,740f2c9c-d6fa-4e4e-95b2-5b9490f9e9f3,ovn-g5-001626-gepa__3kGXxof,0,counted_fail,,0,HAR-126-ovn-g5-001626-gepa/processed/trial-ovn-g5-001626-gepa__3kGXxof.json,e8a3442478a29133f0dd45bee7f3427c06fabc763156452a324168bb96f1a78b,6df88d913656e8d017a6b84a94841c432c1a15b304a5ceb83c97fe9a02339901,sha256:620857c980c8978a6380ae55101016179854e180579ca192ba8e7a8925ddf3a6,selfhosted/XiaomiMiMo/MiMo-V2.6-Distill-Qwen-9B,01M3VWMG5RQPY4ETDTJGPTB8AX
format-code-task-001355,magika,stock,2,ovn-g5-001355-stock,cec9fc9e-34d2-46da-a6e7-41fd163d7c0d,ovn-g5-001355-stock__ZHNXfvD,0,counted_fail,,0,HAR-126-ovn-g5-001355-stock/processed/trial-ovn-g5-001355-stock__ZHNXfvD.json,0af122a231e31b321f0becb38e62fbf9c2adb029b637288ce2f2675b7e4c603f,d120acf98ac793ab3b423724938d413a5cb1a0c14e75beb693ae5dc0869a9653,sha256:f5ee23939db6dfac40697951f0fd2c18ef81e2db58377adbcdeab4d61aeb0aa4,selfhosted/XiaomiMiMo/MiMo-V2.6-Distill-Qwen-9B,01M3VWMGN8QXW5X41EBJ16Z7H0
format-code-task-001355,magika,tuned,3,ovn-g5-001355-tuned,99350940-41f0-45a5-9634-fd2823f9ea11,ovn-g5-001355-tuned__8UJMiQN,0,counted_fail,,0,HAR-126-ovn-g5-001355-tuned/processed/trial-ovn-g5-001355-tuned__8UJMiQN.json,9ff535ec8043b95bf69cbe5c1ab82af76f8bd486aa09565d10db514e066cffde,27b1b658016212bfd4ea50396d8097b25ee5d517a5ead6b718a3da9964f21495,sha256:f5ee23939db6dfac40697951f0fd2c18ef81e2db58377adbcdeab4d61aeb0aa4,selfhosted/XiaomiMiMo/MiMo-V2.6-Distill-Qwen-9B:har129,01M3W1G77WB0RW9VNHH7274QVS
format-code-task-001355,magika,gepa,1,ovn-g5-001355-gepa,3e05c9a8-bca3-4174-8820-3cee1a1ff1ec,ovn-g5-001355-gepa__bJkSJkD,0,counted_fail,,0,HAR-126-ovn-g5-001355-gepa/processed/trial-ovn-g5-001355-gepa__bJkSJkD.json,a11b7cfd5e16247240bdee2e4f5cd3b661a7c6bf80302b6fc18c92f1199195ff,e3a810d0e019ab2ca1c59e3a41ef570b14347082b9b870ef2a0e1f8b1f28a8b0,sha256:f5ee23939db6dfac40697951f0fd2c18ef81e2db58377adbcdeab4d61aeb0aa4,selfhosted/XiaomiMiMo/MiMo-V2.6-Distill-Qwen-9B,01M3VRKT06QXBTP2E9082YGT7Q
format-code-task-000332,peekingduck,stock,3,ovn-g5-000332-stock,0f5c937c-fd91-4f7e-b3a9-b25bba3398c1,ovn-g5-000332-stock__Xn3uN4Q,0,counted_fail,,0,HAR-126-ovn-g5-000332-stock/processed/trial-ovn-g5-000332-stock__Xn3uN4Q.json,e3f1409fd1a427d20ce41dfb9b5bbec60517358ac45a273996fb5a7e88204cb8,5e6f1f42d29340635389eda7110c09137b04e18ccda571aaf93df01a89c215fd,sha256:1c6eb3e5ca30206d84196c652294a029849378cb92ff6be40e4d3ec0026a012c,selfhosted/XiaomiMiMo/MiMo-V2.6-Distill-Qwen-9B,01M3W1G7QZ248BGGHJD495ATN9
format-code-task-000332,peekingduck,tuned,2,ovn-g5-000332-tuned,6f544496-8d99-4fa6-b4d0-617f2f0dcc15,ovn-g5-000332-tuned__zevQhXu,,excluded,infra,,HAR-126-ovn-g5-000332-tuned/processed/trial-ovn-g5-000332-tuned__zevQhXu.json,77bd05db6d02415d024c9193dbf8dbae051d23fa1bdf4f1f7327e7974fb4d1b0,b0f229c25cd9ce7db8e4b915be862798decfb7a0ca9c1cc6400d559dca0d07ee,sha256:1c6eb3e5ca30206d84196c652294a029849378cb92ff6be40e4d3ec0026a012c,selfhosted/XiaomiMiMo/MiMo-V2.6-Distill-Qwen-9B:har129,01M3VWMH4P4V9P6FTZZ4ZJMXHB
format-code-task-000332,peekingduck,gepa,1,ovn-g5-000332-gepa,373a94a5-eb79-4327-b75f-409bb7ae9095,ovn-g5-000332-gepa__YyfJfPU,1,counted_pass,,1,HAR-126-ovn-g5-000332-gepa/processed/trial-ovn-g5-000332-gepa__YyfJfPU.json,0630d9d3f4318874e18689176db6aa970c180b31af6881c4f2c5845648e71f21,ad95639ca4c71ff7fc85c1e3ca419e7cfe3213e3675b7e2044c603b14083f493,sha256:1c6eb3e5ca30206d84196c652294a029849378cb92ff6be40e4d3ec0026a012c,selfhosted/XiaomiMiMo/MiMo-V2.6-Distill-Qwen-9B,01M3VRKTEZX721BVWJDXGAEB4K
format-code-task-000842,libsaas,stock,1,ovn-g5-000842-stock,f2c8d44f-739a-4681-b082-d63ed17eb6fc,ovn-g5-000842-stock__RUUQHiz,0,counted_fail,,0,HAR-126-ovn-g5-000842-stock/processed/trial-ovn-g5-000842-stock__RUUQHiz.json,f4d99c57584fab1f3443366f5520269e9247e753352b737077f86441af9b69f4,cebaba55983c416d615109e5a8199980894a404fcc0852bce0a54a1ba87c0059,sha256:5c4ed18d658e9594719de5e4455e121450ba41290a1863beeff845e1deb0a96c,selfhosted/XiaomiMiMo/MiMo-V2.6-Distill-Qwen-9B,01M3VRKTXQ80ZST4XP2MWSF8NE
format-code-task-000842,libsaas,tuned,3,ovn-g5-000842-tuned,c01fa75e-5172-478f-bacf-ab0b95329ea6,ovn-g5-000842-tuned__GjjMiqx,0,counted_fail,,0,HAR-126-ovn-g5-000842-tuned/processed/trial-ovn-g5-000842-tuned__GjjMiqx.json,621e0bb320fe6c2862bbdbb814d86ca1795ad2dcd58f3c66bf043806557c1619,45a97700402cdb554bdb6cc8892cd556b6a8ac8bf9dc25f7c3571877fc7d49bd,sha256:5c4ed18d658e9594719de5e4455e121450ba41290a1863beeff845e1deb0a96c,selfhosted/XiaomiMiMo/MiMo-V2.6-Distill-Qwen-9B:har129,01M3W1G87TEGCPZ05AQ998MXP0
format-code-task-000842,libsaas,gepa,2,ovn-g5-000842-gepa,e5d7d8e0-56f9-4528-8d35-f1c1272aed79,ovn-g5-000842-gepa__7p54K7C,0,counted_fail,,0,HAR-126-ovn-g5-000842-gepa/processed/trial-ovn-g5-000842-gepa__7p54K7C.json,10a0986a264bd452c6ed628abebc7c9835c2528a5e0fa3968041e306d6c9027f,c7e73f37b77882d67f588613a0865e771e9196c8fe7704880788fcc8938da8d3,sha256:5c4ed18d658e9594719de5e4455e121450ba41290a1863beeff845e1deb0a96c,selfhosted/XiaomiMiMo/MiMo-V2.6-Distill-Qwen-9B,01M3VWMHM62SXG2BME5JFBQY9P
format-code-task-000169,hpccm,stock,2,ovn-g5-000169-stock,f8063f8c-3194-4c0d-b625-6cbe28fefc18,ovn-g5-000169-stock__npH4TqV,0,counted_fail,,0,HAR-126-ovn-g5-000169-stock/processed/trial-ovn-g5-000169-stock__npH4TqV.json,f580ef72a6395e5074e1734baba73b10af61d7954fac6be1cc22dd9b971ff03c,2f03f1c72926ab99c33d1b4a05dce3a316c10e374c4874b4c10f1f1d4ae6bbb8,sha256:8d85e8accf1b321af4c9a2a98855480a3e0899d0fac8a8574359d43f7957f141,selfhosted/XiaomiMiMo/MiMo-V2.6-Distill-Qwen-9B,01M3VWMJ3PZ3F29AP24JXHRGYZ
format-code-task-000169,hpccm,tuned,1,ovn-g5-000169-tuned,c5625dc0-ffd0-4204-88f0-2e79f587d528,ovn-g5-000169-tuned__CxBpceW,1,counted_pass,,1,HAR-126-ovn-g5-000169-tuned/processed/trial-ovn-g5-000169-tuned__CxBpceW.json,29ae053830ae54a4d8567c09e66b217a7ebd4a8b68d063a9e44d3d323be2fe0f,b2dcce641531c2d0476181fb69fb851430b6079815c8519ddd6894fc01dc1b01,sha256:8d85e8accf1b321af4c9a2a98855480a3e0899d0fac8a8574359d43f7957f141,selfhosted/XiaomiMiMo/MiMo-V2.6-Distill-Qwen-9B:har129,01M3VWM8SMHQ6YVNWMGBYKS67H
format-code-task-000169,hpccm,gepa,3,ovn-g5-000169-gepa,c65962f1-b0eb-4706-ac9c-d65f1dd24c30,ovn-g5-000169-gepa__Hmxf7wb,1,counted_pass,,1,HAR-126-ovn-g5-000169-gepa/processed/trial-ovn-g5-000169-gepa__Hmxf7wb.json,9081954ff0d6c9cf6ed8c5c610d12a1a37f79e2b5b3ca6c22186139ef6e1db5a,56ad267da4c2edefaa3f24e5abe25471ca4309403b7b18f85762a6641a0dc5ca,sha256:8d85e8accf1b321af4c9a2a98855480a3e0899d0fac8a8574359d43f7957f141,selfhosted/XiaomiMiMo/MiMo-V2.6-Distill-Qwen-9B,01M3W1G8QXC9XPG6W2WGYN69Q3
format-code-task-001136,piccolo,stock,1,ovn-g5-001136-stock,b233b271-48b4-4e93-9f48-b0e48a2cb167,ovn-g5-001136-stock__jjgSG57,0,counted_fail,,0,HAR-126-ovn-g5-001136-stock/processed/trial-ovn-g5-001136-stock__jjgSG57.json,7cf0617fa9f81a9e29764d8bf128d662ca3dad7e8299dab6502432007272edee,e4a9de51f6ccf40b59ddca333064155c538d21a3e1b4c0eedf0217c21b1dc9ad,sha256:913418f2b8631912ddfc8132ecd9efcca801da78c6798d5d6c07410b65ed7434,selfhosted/XiaomiMiMo/MiMo-V2.6-Distill-Qwen-9B,01M3VRKVTZSZP377WZAYF62Q11
format-code-task-001136,piccolo,tuned,2,ovn-g5-001136-tuned,51e2e7e3-7d3f-4b47-90f1-6d66acf2271b,ovn-g5-001136-tuned__QTMzsEL,0,counted_fail,,0,HAR-126-ovn-g5-001136-tuned/processed/trial-ovn-g5-001136-tuned__QTMzsEL.json,db10f71f017967ef39ee874d026532f3c516db6a2f4985407302c4fe54230e43,837dd392ce149c59a241ef6819d5bb9804be6fbc94f3984d3d39ba1260c66228,sha256:913418f2b8631912ddfc8132ecd9efcca801da78c6798d5d6c07410b65ed7434,selfhosted/XiaomiMiMo/MiMo-V2.6-Distill-Qwen-9B:har129,01M3VWMJKD9FS2GK75YG1AQTQ0
format-code-task-001136,piccolo,gepa,3,ovn-g5-001136-gepa,3d793e4d-1461-4144-8ce8-a49577d0e7f6,ovn-g5-001136-gepa__rexYV6K,0,counted_fail,,0,HAR-126-ovn-g5-001136-gepa/processed/trial-ovn-g5-001136-gepa__rexYV6K.json,a4e99e545806c2a5c06ce5527d326fc641130a191b33e3bfea59cfcbb64523d4,0a3cd99dd99f1da24b14c19e4eed764376667d24a80349ff9d6e3f6133884626,sha256:913418f2b8631912ddfc8132ecd9efcca801da78c6798d5d6c07410b65ed7434,selfhosted/XiaomiMiMo/MiMo-V2.6-Distill-Qwen-9B,01M3W1G97S550JCNAT801DJ839
format-code-task-001833,safedelete,stock,3,ovn-g5-001833-stock,f270dbf9-0be7-4bbf-a9d0-f9e9def74f53,ovn-g5-001833-stock__UTVAfnN,0,counted_fail,,0,HAR-126-ovn-g5-001833-stock/processed/trial-ovn-g5-001833-stock__UTVAfnN.json,1b98b8d63a0baa2c4b0c31f123c653a484816b0606dc5b68ad052802f7185a38,32e6de191f0e3f839829e325f75c1cf0721157ffd2577aef1ad30e16ec6ff3ec,sha256:bfc2dece06735ef317905f43ceab80ff62902ae2c2738f3d6a5ce92798653a58,selfhosted/XiaomiMiMo/MiMo-V2.6-Distill-Qwen-9B,01M3W1G9QR2HENHADCGFVNBPH7
format-code-task-001833,safedelete,tuned,1,ovn-g5-001833-tuned,57a7a6be-7a4e-41e4-a67b-4b9c7469bf33,ovn-g5-001833-tuned__rNpMkcb,0,counted_fail,,0,HAR-126-ovn-g5-001833-tuned/processed/trial-ovn-g5-001833-tuned__rNpMkcb.json,05496e015697a22f3174eb389e94649e44b8d3e3368b719fc6d2a71b12396e19,913fc65ec23042cbc97a92925ef367de03b37020698ed481a407da13ee0da30c,sha256:bfc2dece06735ef317905f43ceab80ff62902ae2c2738f3d6a5ce92798653a58,selfhosted/XiaomiMiMo/MiMo-V2.6-Distill-Qwen-9B:har129,01M3VWM99KS35T88XS7W338B1W
format-code-task-001833,safedelete,gepa,2,ovn-g5-001833-gepa,5ea9bb49-3e0b-4e7d-8fcb-2e89170c91d5,ovn-g5-001833-gepa__aci6NkF,,excluded,infra,,HAR-126-ovn-g5-001833-gepa/processed/trial-ovn-g5-001833-gepa__aci6NkF.json,eef7d67dcf04928e97b5f4eee24c9dcf6bec291768fd56fb6082262e41ca3803,8807c131ed986ec6833457822c5549bac1691ada853074ec475ac4b03a4f8268,sha256:bfc2dece06735ef317905f43ceab80ff62902ae2c2738f3d6a5ce92798653a58,selfhosted/XiaomiMiMo/MiMo-V2.6-Distill-Qwen-9B,01M3VWMK355P5SYVERWN54ZN68
